ts,open,high,low,close,volume
1672272000000,16538.9,16588.6,16485.1,16553.2,34024.879
1672286400000,16553.1,16575.3,16529.5,16553.0,22366.398
1672300800000,16553.0,16628.6,16514.6,16593.8,40553.131
1672315200000,16593.8,16659.0,16584.0,16610.1,52351.625
1672329600000,16610.1,16647.8,16589.0,16608.1,26803.582
1672344000000,16608.0,16649.0,16551.0,16630.3,32491.916
1672358400000,16630.3,16641.1,16576.3,16593.9,19882.213
1672372800000,16593.9,16608.5,16410.0,16467.5,62732.71
1672387200000,16467.6,16524.9,16453.0,16489.5,38916.057
1672401600000,16489.6,16568.5,16320.0,16547.7,104487.149
1672416000000,16547.7,16569.8,16510.0,16520.8,34830.474
1672430400000,16520.8,16666.6,16520.5,16601.2,34781.887
1672444800000,16601.2,16611.5,16546.5,16549.1,15952.362
1672459200000,16549.0,16565.6,16530.0,16564.4,15304.144
1672473600000,16564.4,16581.8,16538.0,16565.6,18890.316
1672488000000,16565.5,16640.0,16546.2,16586.0,37418.928
1672502400000,16586.1,16609.3,16562.0,16564.3,15398.52
1672516800000,16564.3,16569.7,16461.8,16537.6,31497.886
1672531200000,16537.5,16557.1,16504.0,16529.3,14206.373
1672545600000,16529.2,16545.7,16488.0,16519.6,17998.501
1672560000000,16519.5,16549.8,16496.8,16549.8,15117.276
1672574400000,16549.8,16565.9,16524.6,16553.1,15542.884
1672588800000,16553.0,16615.8,16552.6,16596.1,25971.416
1672603200000,16596.1,16618.8,16579.1,16610.3,16666.515
1672617600000,16610.4,16700.7,16541.2,16654.6,36641.746
1672632000000,16654.7,16767.8,16612.8,16712.5,53335.472
1672646400000,16712.6,16764.0,16696.0,16728.5,37550.631
1672660800000,16728.4,16744.8,16665.0,16729.2,35861.236
1672675200000,16729.2,16732.9,16702.6,16730.5,16549.997
1672689600000,16730.5,16799.0,16650.0,16666.0,35222.094
1672704000000,16665.9,16699.7,16639.5,16684.5,22052.463
1672718400000,16684.4,16774.0,16675.2,16723.1,29397.355
1672732800000,16723.1,16750.5,16691.7,16714.2,22008.402
1672747200000,16714.2,16764.9,16610.0,16670.8,73811.27
1672761600000,16670.9,16680.1,16600.3,16637.7,35119.476
1672776000000,16637.6,16688.2,16636.0,16667.2,20681.239
1672790400000,16667.3,16870.0,16645.7,16855.9,70080.094
1672804800000,16855.9,16904.4,16832.3,16862.5,44883.714
1672819200000,16862.5,16913.6,16824.5,16826.8,34682.195
1672833600000,16826.7,16852.1,16759.3,16846.5,60474.144
1672848000000,16846.5,16984.6,16777.7,16835.9,109451.837
1672862400000,16835.9,16860.9,16766.0,16842.1,30175.854
1672876800000,16842.2,16869.0,16800.0,16819.0,19519.003
1672891200000,16819.0,16840.7,16782.4,16816.1,16536.812
1672905600000,16816.1,16830.0,16775.1,16827.0,23157.987
1672920000000,16827.0,16872.8,16740.4,16836.6,68886.546
1672934400000,16836.7,16867.8,16794.0,16856.4,29189.477
1672948800000,16856.3,16863.4,16810.0,16823.8,19079.522
1672963200000,16823.8,16865.0,16795.6,16825.1,21068.091
1672977600000,16825.0,16828.0,16773.0,16785.6,23858.147
1672992000000,16785.6,16805.3,16685.2,16731.4,43531.809
1673006400000,16731.5,16843.0,16664.8,16834.2,102292.922
1673020800000,16834.1,16960.0,16801.6,16932.6,57987.086
1673035200000,16932.7,17030.0,16881.0,16943.8,68235.574
1673049600000,16943.9,16973.6,16924.8,16944.4,18044.048
1673064000000,16944.3,16945.0,16915.8,16939.8,10556.131
1673078400000,16939.8,16946.4,16903.0,16912.3,13458.257
1673092800000,16912.3,16944.0,16900.1,16934.5,16729.551
1673107200000,16934.5,16939.6,16910.4,16937.3,9360.224
1673121600000,16937.3,16945.8,16922.9,16936.5,9824.894
1673136000000,16936.5,16949.3,16905.0,16939.0,15067.481
1673150400000,16938.9,16947.5,16927.5,16945.5,7997.895
1673164800000,16945.5,16960.0,16917.8,16918.6,15529.951
1673179200000,16918.5,17015.6,16912.7,16991.0,27054.754
1673193600000,16990.9,17015.1,16910.2,16920.3,31184.044
1673208000000,16920.3,17181.1,16916.5,17124.7,60883.193
1673222400000,17124.6,17245.1,17098.2,17188.1,85195.766
1673236800000,17188.1,17248.0,17171.7,17189.7,35863.212
1673251200000,17189.8,17277.7,17180.0,17232.2,50754.112
1673265600000,17232.2,17325.0,17181.9,17260.4,80374.648
1673280000000,17260.4,17387.8,17259.6,17285.7,77463.239
1673294400000,17285.6,17302.3,17118.3,17169.7,70626.832
1673308800000,17169.6,17227.7,17140.4,17199.9,27484.953
1673323200000,17199.9,17228.0,17181.8,17194.7,18254.506
1673337600000,17194.6,17278.0,17181.2,17244.4,37043.974
1673352000000,17244.3,17368.7,17204.4,17317.5,92804.006
1673366400000,17317.6,17448.0,17273.3,17424.1,73564.943
1673380800000,17424.1,17485.4,17393.3,17428.8,48167.989
1673395200000,17428.8,17500.0,17360.0,17407.7,42391.318
1673409600000,17407.7,17456.0,17380.0,17437.1,25910.734
1673424000000,17437.1,17464.0,17399.5,17428.7,24797.868
1673438400000,17428.6,17429.7,17306.4,17325.3,62512.096
1673452800000,17325.2,17550.9,17320.3,17540.6,86222.612
1673467200000,17540.7,18013.2,17501.4,17935.7,144442.478
1673481600000,17935.6,18400.0,17902.4,18217.2,167796.474
1673496000000,18217.1,18233.0,18070.0,18129.3,51547.124
1673510400000,18129.2,18220.0,18062.0,18194.5,45869.521
1673524800000,18194.4,18377.4,17907.3,18077.7,322077.479
1673539200000,18077.6,19062.5,18045.7,18877.2,328471.599
1673553600000,18877.3,19120.0,18758.5,18838.0,124572.563
1673568000000,18838.1,18881.7,18711.0,18871.6,48452.132
1673582400000,18871.5,18875.4,18770.5,18817.7,30968.56
1673596800000,18817.7,19050.0,18803.9,18911.7,102429.252
1673611200000,18911.7,19299.2,18801.4,19252.5,200754.386
1673625600000,19252.6,19398.0,19053.0,19354.2,170550.15
1673640000000,19354.1,19997.8,19307.4,19924.2,253653.352
1673654400000,19924.3,21544.0,19882.6,20996.3,400698.97
1673668800000,20996.2,21060.0,20801.3,20913.1,75865.279
1673683200000,20913.0,21045.0,20257.3,20733.4,208916.952
1673697600000,20733.3,21240.0,20544.0,20796.9,186889.05
1673712000000,20796.9,20930.5,20670.7,20796.8,78649.063
1673726400000,20796.8,21092.0,20773.9,20962.8,59647.369
1673740800000,20962.8,21012.0,20556.0,20736.5,96644.108
1673755200000,20736.5,20798.0,20673.9,20750.0,34775.593
1673769600000,20750.1,20780.0,20581.4,20737.4,63521.557
1673784000000,20737.4,21028.0,20661.1,20925.0,82803.419
1673798400000,20925.0,21073.8,20670.0,20877.2,106046.834
1673812800000,20877.3,20970.0,20750.0,20882.7,44695.048
1673827200000,20882.7,21449.3,20780.2,21084.3,175273.721
1673841600000,21084.3,21276.0,21048.0,21116.0,55958.607
1673856000000,21116.0,21121.7,20619.0,20821.7,101732.641
1673870400000,20821.8,21079.9,20606.6,21000.6,114395.111
1673884800000,21000.6,21431.0,20921.0,21314.4,133530.799
1673899200000,21314.5,21498.0,21056.0,21188.3,85257.322
1673913600000,21188.2,21308.9,20827.8,21129.6,81669.204
1673928000000,21129.6,21237.0,21062.1,21134.7,40393.627
1673942400000,21134.8,21252.0,21077.7,21218.6,49711.091
1673956800000,21218.6,21640.0,21024.3,21175.6,233119.434
1673971200000,21175.7,21426.0,21080.3,21337.2,86362.443
1673985600000,21337.3,21410.8,21123.1,21130.9,56134.794
1674000000000,21130.8,21376.3,21103.6,21254.1,58477.632
1674014400000,21254.1,21317.9,21226.6,21307.7,26297.724
1674028800000,21307.8,21318.1,21132.1,21201.6,45098.726
1674043200000,21201.7,21672.0,20810.0,21035.5,269472.012
1674057600000,21035.5,21138.0,20386.0,20905.1,320910.719
1674072000000,20905.0,20937.8,20621.1,20680.0,93528.704
1674086400000,20680.1,20822.0,20659.9,20748.9,43011.055
1674100800000,20748.9,20882.0,20745.1,20818.2,31250.694
1674115200000,20818.2,20848.0,20707.4,20741.3,39443.519
1674129600000,20741.3,20962.7,20661.0,20870.7,108038.963
1674144000000,20870.8,21140.0,20786.8,21090.0,86336.685
1674158400000,21090.1,21183.9,20913.4,21068.3,66652.701
1674172800000,21068.3,21223.2,21011.4,21086.2,49417.658
1674187200000,21086.2,21125.0,20856.4,20954.2,54029.169
1674201600000,20954.1,20991.9,20895.4,20957.6,33135.271
1674216000000,20957.5,21250.0,20952.2,21139.7,103649.424
1674230400000,21139.7,21535.0,21136.1,21494.2,157224.305
1674244800000,21494.1,22750.0,21493.8,22661.1,326189.373
1674259200000,22661.0,22812.4,22422.0,22541.7,91102.531
1674273600000,22541.8,22678.6,22511.2,22631.5,32823.977
1674288000000,22631.6,23330.0,22555.0,22903.5,266330.182
1674302400000,22903.5,23288.0,22847.8,22996.2,145710.162
1674316800000,22996.2,23390.0,22980.0,23271.9,130707.129
1674331200000,23271.9,23298.2,22670.0,22781.9,98007.119
1674345600000,22781.8,22974.3,22600.2,22766.1,77074.223
1674360000000,22766.0,22967.0,22720.0,22893.2,41651.721
1674374400000,22893.2,22934.1,22733.0,22785.5,45038.944
1674388800000,22785.6,23080.2,22631.1,22792.9,106358.408
1674403200000,22793.0,22962.8,22681.0,22720.0,72710.666
1674417600000,22720.0,22770.0,22287.0,22704.6,139695.849
1674432000000,22704.7,22825.9,22645.6,22657.6,47573.102
1674446400000,22657.6,22793.3,22596.8,22692.4,36713.329
1674460800000,22692.4,22960.0,22661.9,22906.5,68826.107
1674475200000,22906.4,23160.0,22500.0,22852.0,183939.268
1674489600000,22852.1,23193.1,22653.0,22789.6,135640.765
1674504000000,22789.6,23043.9,22756.1,22913.1,53110.269
1674518400000,22913.3,23142.0,22863.3,23078.2,51857.971
1674532800000,23078.2,23158.7,23000.0,23052.3,37575.8
1674547200000,23052.3,23086.4,22760.0,22912.0,80599.104
1674561600000,22912.1,23036.0,22677.9,22924.0,126440.595
1674576000000,22924.0,23085.1,22782.0,23015.0,67270.843
1674590400000,23015.1,23073.6,22450.0,22627.4,141871.503
1674604800000,22627.5,22699.0,22310.5,22641.0,97898.966
1674619200000,22641.1,22766.7,22600.0,22703.9,34838.121
1674633600000,22703.9,22730.0,22460.8,22595.9,57559.621
1674648000000,22595.8,22747.1,22327.2,22573.3,127913.984
1674662400000,22573.4,22757.0,22508.1,22743.4,64912.438
1674676800000,22743.4,23837.4,22743.4,23060.6,309663.477
1674691200000,23060.6,23278.7,23040.1,23129.4,61160.895
1674705600000,23129.5,23189.3,22885.7,22961.3,50565.793
1674720000000,22961.3,23041.1,22843.8,22985.4,54116.524
1674734400000,22985.4,23241.9,22856.0,22947.3,155481.049
1674748800000,22947.2,23099.1,22850.0,23063.4,64169.464
1674763200000,23063.4,23161.0,22955.0,23001.9,42267.061
1674777600000,23001.9,23068.7,22516.6,22762.2,86055.897
1674792000000,22762.2,23098.0,22750.0,23068.1,58836.674
1674806400000,23068.1,23080.0,22900.1,22964.5,38844.896
1674820800000,22964.4,23145.3,22830.0,22928.8,121070.961
1674835200000,22928.8,23280.2,22919.0,23246.7,84096.917
1674849600000,23246.8,23500.0,22940.0,23068.0,121014.962
1674864000000,23068.1,23185.0,23033.9,23109.0,30607.076
1674878400000,23108.9,23124.3,22942.9,22984.3,29492.397
1674892800000,22984.3,23011.4,22880.0,22973.4,36651.176
1674907200000,22973.4,23038.0,22870.8,23004.7,49477.228
1674921600000,23004.6,23050.6,22968.1,23033.1,19771.548
1674936000000,23033.2,23036.2,22935.1,23015.9,20401.518
1674950400000,23016.0,23520.0,22961.5,23190.0,125541.185
1674964800000,23190.0,23266.0,23143.1,23200.4,26823.648
1674979200000,23200.4,23680.0,23151.0,23430.0,114678.629
1674993600000,23430.0,23675.8,23351.6,23522.7,88615.332
1675008000000,23522.7,23962.7,23473.7,23896.6,134522.96
1675022400000,23896.5,23910.1,23600.0,23740.3,71846.477
1675036800000,23740.2,23804.6,23568.0,23700.8,50623.845
1675051200000,23700.8,23767.0,23600.0,23648.1,35817.696
1675065600000,23648.0,23678.6,23001.0,23075.2,178463.464
1675080000000,23075.2,23295.8,22930.0,23178.6,114367.727
1675094400000,23178.6,23247.0,22600.0,22783.7,110669.265
1675108800000,22783.6,22837.0,22484.2,22819.9,82595.41
1675123200000,22819.9,22913.6,22715.3,22826.7,45917.886
1675137600000,22826.6,22980.0,22735.5,22967.7,43431.989
1675152000000,22967.7,22986.8,22803.0,22856.9,46060.1
1675166400000,22857.0,23200.0,22843.4,23113.9,113354.585
1675180800000,23114.0,23221.6,23072.8,23154.6,49408.861
1675195200000,23154.6,23330.0,22804.0,23119.4,105553.545
1675209600000,23119.5,23177.7,22988.0,23127.3,41016.975
1675224000000,23127.4,23160.4,23011.5,23071.0,33068.509
1675238400000,23070.9,23100.0,22911.3,23076.1,50557.37
1675252800000,23076.1,23143.6,22935.3,22975.7,71259.336
1675267200000,22975.6,23495.0,22747.0,23379.9,215468.368
1675281600000,23379.8,23852.4,23320.0,23730.0,160059.153
1675296000000,23730.1,24281.4,23694.5,23852.2,136849.095
1675310400000,23852.1,23927.5,23660.0,23787.0,48942.495
1675324800000,23787.0,23860.0,23750.4,23827.0,34286.886
1675339200000,23827.0,23950.0,23520.0,23843.3,152792.644
1675353600000,23843.4,24149.0,23723.5,23804.9,131579.732
1675368000000,23804.8,23933.5,23365.0,23493.1,111289.486
1675382400000,23493.0,23592.0,23412.0,23534.9,53873.247
1675396800000,23535.0,23568.5,23450.0,23457.1,25571.08
1675411200000,23457.1,23540.0,23328.8,23532.9,57784.896
1675425600000,23532.9,23712.7,23222.0,23601.1,189870.022
1675440000000,23601.1,23719.9,23296.4,23308.2,91933.801
1675454400000,23308.2,23465.4,23201.0,23424.7,51798.392
1675468800000,23424.7,23464.0,23330.1,23340.8,26184.717
1675483200000,23340.8,23358.2,23250.0,23322.4,28301.188
1675497600000,23322.4,23376.8,23288.3,23359.2,19759.758
1675512000000,23359.2,23591.4,23335.4,23420.1,70032.864
1675526400000,23420.1,23474.4,23355.0,23427.3,25724.048
1675540800000,23427.4,23450.0,23258.0,23322.6,27115.818
1675555200000,23322.6,23367.5,23211.0,23343.4,34347.877
1675569600000,23343.3,23436.0,23327.5,23377.0,20096.361
1675584000000,23377.0,23418.7,23344.6,23354.1,20554.304
1675598400000,23354.2,23373.6,23000.0,23094.2,103064.491
1675612800000,23094.2,23155.5,22741.0,22889.5,131414.742
1675627200000,22889.6,23025.0,22787.8,22929.2,47187.259
1675641600000,22929.3,23094.0,22817.1,22891.9,41294.353
1675656000000,22892.0,22924.0,22600.0,22873.0,59449.417
1675670400000,22873.1,22935.0,22733.9,22876.1,48625.312
1675684800000,22876.1,23054.9,22735.0,23040.5,94677.28
1675699200000,23040.5,23159.4,22922.2,23026.2,105678.626
1675713600000,23026.3,23026.3,22622.1,22757.7,67435.155
1675728000000,22757.8,22897.2,22742.4,22870.9,36711.889
1675742400000,22870.9,22977.8,22854.8,22905.6,30656.926
1675756800000,22905.5,23061.0,22854.8,22970.4,48655.029
1675771200000,22970.4,23032.1,22869.0,22898.8,52655.275
1675785600000,22898.9,23368.6,22762.0,23086.1,209739.145
1675800000000,23086.1,23300.0,23024.3,23234.1,68855.23
1675814400000,23234.1,23450.0,23220.3,23250.6,49143.645
1675828800000,23250.5,23283.5,23173.7,23226.9,24682.484
1675843200000,23227.0,23232.2,23123.1,23152.8,32606.039
1675857600000,23152.8,23194.3,22849.9,22862.4,103077.568
1675872000000,22862.4,23029.9,22662.9,22867.3,131915.737
1675886400000,22867.4,22977.0,22766.4,22955.9,42040.008
1675900800000,22955.9,23007.8,22407.5,22511.6,114802.191
1675915200000,22511.6,22731.8,22341.1,22668.7,83990.713
1675929600000,22668.8,22766.0,22648.1,22677.4,42168.627
1675944000000,22677.5,22840.0,22550.0,22603.8,112744.024
1675958400000,22603.8,22614.7,21862.1,22027.3,212791.892
1675972800000,22027.3,22074.5,21684.7,21793.4,165797.903
1675987200000,21793.3,21933.8,21751.1,21817.5,45873.626
1676001600000,21817.5,21914.0,21595.8,21901.9,68530.266
1676016000000,21902.0,21917.8,21707.2,21726.6,48382.894
1676030400000,21726.7,21897.0,21484.0,21649.0,120581.027
1676044800000,21648.9,21794.4,21550.1,21764.0,86735.68
1676059200000,21764.0,21785.4,21405.0,21618.6,69883.004
1676073600000,21618.6,21718.8,21594.4,21668.8,34549.115
1676088000000,21668.8,21704.9,21630.6,21681.9,17658.503
1676102400000,21681.9,21696.2,21646.6,21689.2,16676.368
1676116800000,21689.2,21770.0,21651.1,21727.0,37452.033
1676131200000,21726.9,21728.7,21600.0,21652.6,34876.801
1676145600000,21652.6,21891.9,21635.5,21851.3,48036.847
1676160000000,21851.2,21874.7,21752.9,21772.1,23886.521
1676174400000,21772.1,21806.9,21754.0,21788.2,13809.719
1676188800000,21788.2,21959.0,21788.1,21877.6,38816.768
1676203200000,21877.6,22000.5,21750.0,21931.4,66423.472
1676217600000,21931.4,22080.9,21901.0,21983.1,57543.929
1676232000000,21983.1,22018.5,21618.0,21771.1,76306.684
1676246400000,21771.0,21865.4,21606.0,21800.9,67134.107
1676260800000,21800.9,21888.0,21781.5,21857.2,37460.868
1676275200000,21857.1,21865.1,21410.0,21595.9,140932.155
1676289600000,21595.9,21688.0,21544.8,21553.3,76257.797
1676304000000,21553.3,21668.0,21338.0,21597.8,134846.671
1676318400000,21597.9,21840.0,21552.5,21766.2,54964.095
1676332800000,21766.1,21806.5,21670.8,21691.8,31405.193
1676347200000,21691.8,21780.0,21676.5,21759.9,24174.292
1676361600000,21760.0,21880.0,21659.1,21798.9,47434.581
1676376000000,21798.9,22320.0,21485.2,22033.3,325421.325
1676390400000,22033.4,22230.8,21910.2,22196.7,121281.491
1676404800000,22196.8,22275.0,22110.4,22187.4,49074.627
1676419200000,22187.4,22190.8,22038.5,22088.9,35580.16
1676433600000,22088.9,22164.4,22061.2,22097.5,23896.173
1676448000000,22097.4,22500.0,22075.9,22433.0,86066.327
1676462400000,22433.0,22924.9,22432.9,22798.1,207159.107
1676476800000,22798.0,23345.7,22730.1,23310.6,165039.216
1676491200000,23310.6,24420.0,23285.9,24332.6,306935.488
1676505600000,24332.7,24934.1,24287.0,24741.0,149506.526
1676520000000,24741.0,24764.6,24427.0,24630.8,85116.457
1676534400000,24630.8,24678.0,24520.9,24580.0,48543.148
1676548800000,24580.0,25104.8,24312.0,25090.2,214278.319
1676563200000,25090.2,25290.0,24620.0,24879.0,224316.013
1676577600000,24879.1,24884.1,23518.0,23526.6,237702.696
1676592000000,23526.6,23924.7,23350.0,23839.1,125666.63
1676606400000,23839.0,23885.7,23612.0,23636.0,59676.035
1676620800000,23635.9,23870.0,23520.0,23792.6,80667.332
1676635200000,23792.6,24293.6,23701.1,24131.4,225818.466
1676649600000,24131.3,24562.9,23916.0,24526.7,205070.186
1676664000000,24526.8,25043.2,24031.1,24581.5,225818.499
1676678400000,24581.3,24799.2,24502.6,24619.9,50759.107
1676692800000,24619.9,24684.8,24430.6,24522.8,34345.925
1676707200000,24522.7,24614.0,24436.4,24525.6,36886.129
1676721600000,24525.7,24750.0,24494.4,24670.0,55534.135
1676736000000,24670.0,24887.5,24564.0,24610.1,61293.542
1676750400000,24610.0,24673.4,24516.7,24636.9,22736.718
1676764800000,24636.8,24777.0,24626.5,24687.0,29006.051
1676779200000,24687.0,24867.6,24553.6,24576.7,59061.967
1676793600000,24576.6,24710.4,24556.9,24665.4,34964.341
1676808000000,24665.3,25073.5,24655.7,24929.7,103284.266
1676822400000,24929.7,25200.0,24259.2,24512.5,235530.475
1676836800000,24512.5,24578.4,24179.4,24265.9,81659.528
1676851200000,24265.9,24471.1,23827.0,24414.9,127984.816
1676865600000,24414.9,24555.5,24398.7,24500.1,50498.564
1676880000000,24500.1,24990.0,24361.2,24895.9,159438.885
1676894400000,24896.0,25140.0,24720.2,24944.6,167345.352
1676908800000,24944.7,24955.1,24585.1,24878.5,102254.274
1676923200000,24878.4,24891.5,24651.2,24849.9,38879.181
1676937600000,24849.9,25120.0,24787.2,24926.2,76679.867
1676952000000,24926.2,25053.9,24855.2,25004.6,46758.131
1676966400000,25004.6,25347.6,24525.0,24572.6,217844.464
1676980800000,24572.6,24786.6,24388.0,24554.0,141571.537
1676995200000,24554.0,24745.0,24267.2,24607.7,140748.886
1677009600000,24607.7,24640.2,24150.0,24443.4,105687.69
1677024000000,24443.3,24468.5,23851.5,24198.8,128324.856
1677038400000,24198.7,24220.2,23925.5,24059.6,84541.648
1677052800000,24059.5,24215.9,23855.3,24156.4,93248.828
1677067200000,24156.4,24231.7,23621.0,23707.8,185032.015
1677081600000,23707.5,23970.0,23572.0,23781.7,157258.798
1677096000000,23781.7,24209.6,23730.0,24171.3,82007.956
1677110400000,24171.3,24588.0,24115.0,24444.3,105146.844
1677124800000,24444.3,24516.0,24301.1,24365.3,53133.37
1677139200000,24365.2,24483.0,23630.0,23767.6,159754.629
1677153600000,23767.6,24215.0,23590.0,23940.0,246653.668
1677168000000,23940.0,24047.4,23711.5,23962.2,126451.88
1677182400000,23962.3,24061.6,23750.0,23928.8,60199.023
1677196800000,23928.7,24138.6,23879.0,23945.1,59502.415
1677211200000,23945.1,23974.6,23754.0,23821.5,55400.746
1677225600000,23821.6,23970.0,23741.5,23876.4,60283.249
1677240000000,23876.3,24029.3,23310.5,23337.2,231721.267
1677254400000,23337.1,23339.3,22800.0,23172.3,235087.972
1677268800000,23172.3,23333.0,22966.0,23175.6,89582.293
1677283200000,23175.5,23210.5,23032.0,23064.9,32612.85
1677297600000,23064.9,23119.1,23010.1,23108.7,26914.175
1677312000000,23108.7,23147.6,22897.4,22974.0,59947.25
1677326400000,22973.9,23075.0,22845.6,22996.4,61274.986
1677340800000,22996.4,23078.7,22905.0,22975.7,46659.541
1677355200000,22975.7,23176.1,22700.0,23146.2,83386.846
1677369600000,23146.2,23243.2,23050.0,23201.8,38352.322
1677384000000,23201.8,23217.8,23077.2,23142.7,31491.179
1677398400000,23142.8,23286.5,23102.8,23244.2,42192.201
1677412800000,23244.2,23332.4,23115.4,23239.7,63502.842
1677427200000,23239.8,23533.0,23130.0,23491.0,93742.282
1677441600000,23491.0,23675.0,23310.0,23545.3,102114.23
1677456000000,23545.2,23634.9,23424.4,23541.0,47678.291
1677470400000,23541.0,23547.0,23331.0,23411.1,53778.498
1677484800000,23411.1,23445.9,23320.0,23420.0,46822.503
1677499200000,23419.9,23888.0,23369.1,23546.5,184987.748
1677513600000,23546.5,23603.9,23140.0,23262.5,166667.763
1677528000000,23262.5,23580.0,23088.0,23480.0,76820.163
1677542400000,23480.0,23539.0,23336.0,23454.3,44084.232
1677556800000,23454.3,23456.2,23210.0,23223.3,44074.367
1677571200000,23223.4,23420.0,23190.2,23381.6,51908.37
1677585600000,23381.5,23571.1,23300.5,23511.2,126298.911
1677600000000,23511.1,23592.8,23195.1,23251.0,90462.656
1677614400000,23251.1,23333.4,23010.0,23129.6,100091.302
1677628800000,23129.7,23488.2,23008.4,23431.6,94869.432
1677643200000,23431.6,23852.6,23414.8,23709.6,119744.837
1677657600000,23709.6,24022.7,23670.3,23736.8,87997.318
1677672000000,23736.9,23880.0,23558.0,23702.8,137452.515
1677686400000,23702.9,23739.0,23316.3,23342.9,97637.359
1677700800000,23342.8,23667.5,23281.6,23619.8,79548.85
1677715200000,23619.8,23790.5,23414.1,23487.1,66503.537
1677729600000,23487.1,23535.9,23325.0,23381.9,49671.496
1677744000000,23381.8,23460.0,23326.3,23405.6,48950.758
1677758400000,23405.7,23422.8,23183.0,23350.3,124403.213
1677772800000,23350.3,23497.0,23222.1,23456.6,77176.896
1677787200000,23456.7,23560.0,23372.2,23457.1,52550.701
1677801600000,23457.1,23468.5,21883.2,22306.3,265796.815
1677816000000,22306.4,22399.0,22234.0,22347.8,58370.469
1677830400000,22347.8,22474.0,22300.0,22333.9,48913.566
1677844800000,22333.9,22495.2,22120.1,22323.9,111464.429
1677859200000,22324.0,22437.9,22217.2,22348.3,64926.046
1677873600000,22348.3,22366.0,22126.0,22342.8,59046.812
1677888000000,22342.8,22379.2,22312.1,22339.4,24078.215
1677902400000,22339.4,22400.0,22262.2,22346.6,29930.134
1677916800000,22346.6,22367.4,22311.0,22338.1,17632.287
1677931200000,22338.0,22390.0,22292.9,22306.3,22528.758
1677945600000,22306.2,22335.5,22204.0,22238.7,29511.608
1677960000000,22238.7,22358.5,22147.5,22335.7,51628.209
1677974400000,22335.8,22650.0,22174.9,22374.2,113479.717
1677988800000,22374.2,22461.8,22354.2,22365.2,30140.514
1678003200000,22365.2,22439.6,22302.0,22380.1,31592.0
1678017600000,22380.1,22480.0,22380.1,22424.4,32097.491
1678032000000,22424.5,22450.6,22357.0,22394.0,21185.383
1678046400000,22394.0,22555.0,22310.0,22419.4,53766.64
1678060800000,22419.3,22499.4,22240.1,22378.0,65552.847
1678075200000,22378.0,22429.6,22306.0,22380.9,27604.231
1678089600000,22380.9,22443.9,22345.3,22370.0,29029.706
1678104000000,22369.9,22594.5,22348.0,22543.6,69925.596
1678118400000,22543.6,22576.1,22350.0,22382.8,72720.927
1678132800000,22382.9,22437.5,22307.9,22397.1,34143.09
1678147200000,22397.1,22550.0,22364.2,22449.1,38691.872
1678161600000,22449.1,22467.8,22402.5,22408.4,18027.854
1678176000000,22408.5,22419.7,22303.3,22339.8,42943.905
1678190400000,22339.8,22482.6,21908.0,22307.5,241400.376
1678204800000,22307.6,22387.6,22039.0,22118.6,111947.459
1678219200000,22118.5,22223.4,21929.0,22187.1,95482.633
1678233600000,22187.1,22276.4,22073.3,22141.8,51149.471
1678248000000,22141.8,22155.5,21800.0,21962.2,89535.711
1678262400000,21962.2,22135.0,21932.8,22061.2,56848.317
1678276800000,22061.1,22222.0,21880.0,22129.5,148584.459
1678291200000,22129.6,22209.2,21936.0,21993.7,77456.277
1678305600000,21993.8,22127.4,21540.5,21695.4,124293.732
1678320000000,21695.3,21798.0,21616.5,21762.6,53609.885
1678334400000,21762.6,21766.0,21660.0,21680.9,30228.746
1678348800000,21680.9,21694.5,21511.1,21664.4,84936.59
1678363200000,21664.4,21823.0,21550.0,21637.4,128925.274
1678377600000,21637.4,21666.4,20750.0,20845.6,317672.041
1678392000000,20845.6,20858.4,20003.5,20348.3,336530.824
1678406400000,20348.4,20351.8,19752.0,20042.1,228402.264
1678420800000,20042.1,20052.0,19757.0,19942.9,144189.872
1678435200000,19943.0,19967.6,19521.6,19750.0,189712.34
1678449600000,19749.9,20293.0,19650.0,19995.0,377610.37
1678464000000,19995.0,20298.0,19815.6,20015.3,193622.34
1678478400000,20014.5,20232.5,19835.0,20140.3,104598.079
1678492800000,20140.3,20674.5,20124.8,20381.2,207973.491
1678507200000,20381.3,20424.7,19812.2,19844.3,139732.217
1678521600000,19844.4,20200.0,19752.5,20077.6,150200.028
1678536000000,20077.5,20195.0,20017.3,20052.3,70208.55
1678550400000,20052.3,20348.3,19968.3,20210.0,96711.737
1678564800000,20209.9,20531.0,20206.7,20447.3,88653.535
1678579200000,20447.3,20490.0,20298.3,20367.4,69581.272
1678593600000,20367.7,20429.7,20262.2,20335.6,39349.368
1678608000000,20335.6,20488.5,20326.8,20435.0,51563.089
1678622400000,20434.9,20452.3,20270.0,20347.9,73260.469
1678636800000,20347.8,21350.0,20332.5,20770.5,320423.397
1678651200000,20770.6,22184.0,20750.8,21986.2,327344.807
1678665600000,21986.2,22598.0,21856.0,22221.7,220127.8
1678680000000,22221.8,22500.0,22213.8,22451.6,107550.891
1678694400000,22451.5,22542.0,21804.0,22092.6,212765.433
1678708800000,22092.6,24517.2,21945.0,24009.0,677353.141
1678723200000,24009.0,24437.9,23777.0,24314.6,228551.466
1678737600000,24314.6,24350.0,23935.7,24119.5,88633.445
1678752000000,24119.5,24507.0,23990.0,24379.9,103809.19
1678766400000,24379.9,24850.0,24148.0,24251.9,154883.625
1678780800000,24252.3,24844.4,24121.7,24747.3,156510.376
1678795200000,24747.4,26489.9,24405.0,25911.3,572682.237
1678809600000,25911.3,26025.7,24222.0,25065.5,344601.197
1678824000000,25066.4,25184.0,23951.0,24682.5,240076.01
1678838400000,24682.5,25088.0,24318.0,24741.6,126773.008
1678852800000,24741.6,24940.0,24609.4,24892.0,66779.179
1678867200000,24892.0,24937.7,24266.0,24782.6,173691.809
1678881600000,24782.6,25200.0,24364.7,24480.1,376951.657
1678896000000,24480.0,24534.4,23888.0,24379.8,279276.742
1678910400000,24379.8,24645.4,24222.6,24288.0,78584.034
1678924800000,24287.9,24440.0,24120.5,24271.9,68553.169
1678939200000,24271.9,24694.9,24178.0,24614.5,88010.463
1678953600000,24614.5,25060.0,24370.0,24821.4,175784.63
1678968000000,24821.4,25030.0,24516.0,24880.6,182794.492
1678982400000,24880.7,25167.9,24590.9,24945.9,128630.721
1678996800000,24945.9,25097.8,24602.5,24990.4,91673.471
1679011200000,24990.5,25896.5,24875.3,25769.9,202957.831
1679025600000,25769.9,26200.0,25638.8,26046.9,159158.385
1679040000000,26046.9,26980.0,25912.5,26914.1,276537.249
1679054400000,26914.1,26930.0,26120.0,26412.6,264742.761
1679068800000,26412.7,26850.0,26250.0,26830.0,166531.946
1679083200000,26830.0,27763.4,26571.2,27384.0,271230.892
1679097600000,27383.9,27726.4,27050.0,27293.3,145608.554
1679112000000,27293.4,27600.0,27205.0,27351.9,67348.421
1679126400000,27351.9,27500.0,27050.0,27440.0,87883.227
1679140800000,27439.9,27658.4,27037.0,27218.9,147089.406
1679155200000,27218.9,27490.0,26555.5,27322.9,196552.142
1679169600000,27322.8,27453.3,26790.0,26907.0,95750.566
1679184000000,26907.0,27269.1,26901.6,27194.7,54712.469
1679198400000,27194.8,27282.7,26815.9,26963.4,62219.778
1679212800000,26963.4,27192.0,26868.7,27152.2,69530.397
1679227200000,27152.2,27799.9,27090.0,27534.3,164948.133
1679241600000,27533.7,28383.6,27456.0,28245.3,261335.865
1679256000000,28245.4,28397.0,27722.4,27955.7,146620.436
1679270400000,27955.8,28048.0,27120.6,27264.3,154695.612
1679284800000,27264.3,28261.9,27140.0,28168.5,139390.542
1679299200000,28168.5,28483.2,27881.2,28176.8,202307.208
1679313600000,28176.8,28254.3,27570.0,27679.7,185779.965
1679328000000,27679.7,28031.0,27445.0,27769.5,159678.784
1679342400000,27769.6,28180.8,27566.8,27704.1,95371.337
1679356800000,27704.1,27940.0,27653.7,27773.0,53957.05
1679371200000,27773.1,27960.7,27288.0,27490.9,105693.226
1679385600000,27490.9,28172.5,27382.5,28026.1,143510.008
1679400000000,28026.1,28252.5,27706.0,28028.7,166353.668
1679414400000,28028.7,28460.0,27921.5,28111.3,165393.834
1679428800000,28111.2,28200.0,27902.0,28091.1,50579.928
1679443200000,28091.1,28286.3,27930.0,28137.7,62536.552
1679457600000,28137.6,28280.0,28002.6,28088.2,54361.466
1679472000000,28088.2,28213.7,27962.1,28113.5,61658.449
1679486400000,28113.5,28758.1,28090.4,28586.2,220961.586
1679500800000,28586.1,28881.0,26620.0,26654.1,512273.44
1679515200000,26653.3,27425.3,26590.0,27233.8,168601.777
1679529600000,27233.8,27421.8,27101.0,27343.7,63845.694
1679544000000,27343.7,27680.0,27231.3,27616.4,84538.137
1679558400000,27616.3,27735.0,27420.0,27573.4,67047.24
1679572800000,27573.5,28777.0,27267.0,28574.5,280955.401
1679587200000,28574.6,28645.2,27757.1,28362.5,222300.561
1679601600000,28362.5,28439.0,27945.8,28284.1,89487.014
1679616000000,28284.0,28369.1,28120.0,28211.3,44984.892
1679630400000,28211.3,28334.0,28078.4,28269.9,45073.281
1679644800000,28270.0,28289.1,27312.5,27558.4,144031.611
1679659200000,27558.4,28260.0,27523.0,27997.2,208669.32
1679673600000,27997.2,28040.0,27501.0,27811.3,128438.58
1679688000000,27811.4,27854.4,26960.0,27438.9,124877.686
1679702400000,27439.0,27648.4,27400.0,27568.6,42513.558
1679716800000,27568.6,27598.0,27360.0,27473.5,39018.021
1679731200000,27473.5,27524.7,27302.0,27445.6,49158.275
1679745600000,27445.7,27788.0,27340.0,27631.4,74902.16
1679760000000,27631.4,27721.0,27131.8,27179.5,83903.179
1679774400000,27179.4,27522.0,27139.7,27447.3,46178.862
1679788800000,27447.2,27640.0,27400.0,27517.3,38527.41
1679803200000,27517.2,27560.0,27444.7,27492.4,25075.949
1679817600000,27492.4,27991.5,27460.9,27852.1,73218.713
1679832000000,27852.0,28186.9,27677.3,27790.1,146722.281
1679846400000,27790.1,27934.7,27590.6,27814.1,49048.115
1679860800000,27814.0,28138.3,27655.7,27954.3,67164.517
1679875200000,27954.3,28019.4,27757.4,27878.4,44345.13
1679889600000,27878.4,27929.2,27650.0,27794.5,50007.614
1679904000000,27794.5,27986.8,27760.1,27879.9,51239.037
1679918400000,27879.9,27917.4,26480.0,26887.3,308699.095
1679932800000,26887.3,27300.0,26838.8,26956.8,134145.374
1679947200000,26956.9,27246.9,26860.0,27112.0,53998.572
1679961600000,27112.0,27162.5,26800.0,26955.5,65014.849
1679976000000,26955.6,27132.0,26864.0,26947.2,58412.238
1679990400000,26947.3,27150.0,26610.0,27046.7,128644.691
1680004800000,27046.8,27200.0,26820.1,26984.9,123639.089
1680019200000,26984.8,27500.0,26720.3,27412.1,151133.821
1680033600000,27412.1,27482.5,27080.0,27249.7,58236.084
1680048000000,27249.7,27465.7,27223.6,27354.1,46690.555
1680062400000,27354.1,28210.7,27333.7,28077.7,154440.639
1680076800000,28077.8,28649.9,28025.5,28347.5,170742.766
1680091200000,28347.5,28589.5,28211.5,28426.3,132706.077
1680105600000,28426.4,28444.0,28119.5,28406.1,91922.458
1680120000000,28406.2,28500.0,28200.0,28338.5,59350.476
1680134400000,28338.6,29184.8,28066.0,28470.5,244943.146
1680148800000,28470.4,28760.0,28425.0,28706.6,79859.667
1680163200000,28706.5,28734.2,28469.0,28630.1,63603.014
1680177600000,28630.0,28683.5,28146.4,28282.8,132433.793
1680192000000,28282.8,28285.1,27654.1,27971.3,176918.772
1680206400000,27971.4,28187.7,27762.3,28015.0,73207.708
1680220800000,28015.0,28367.9,27900.0,28152.3,82802.246
1680235200000,28152.2,28214.8,27500.0,27733.3,101966.835
1680249600000,27733.3,27978.3,27670.0,27916.0,76287.669
1680264000000,27916.0,28675.3,27860.2,28488.5,217230.739
1680278400000,28488.6,28533.9,28250.1,28459.0,81771.513
1680292800000,28458.9,28632.5,28322.0,28454.9,51498.288
1680307200000,28454.8,28845.3,28400.0,28532.0,65781.338
1680321600000,28532.1,28617.8,28328.0,28416.1,46755.745
1680336000000,28416.1,28476.9,28350.0,28365.5,28874.662
1680350400000,28365.4,28430.0,28180.0,28387.2,49661.974
1680364800000,28387.2,28430.0,28259.2,28368.3,28679.32
1680379200000,28368.4,28575.0,28365.0,28443.8,36734.183
1680393600000,28443.7,28516.5,28340.0,28463.0,28921.926
1680408000000,28463.0,28483.7,28366.0,28401.3,21969.846
1680422400000,28401.3,28432.9,28287.0,28344.9,30770.077
1680436800000,28344.9,28352.5,28022.0,28110.2,92591.724
1680451200000,28110.1,28218.2,27820.0,27933.7,83183.919
1680465600000,27933.7,28197.6,27825.2,28161.2,59221.178
1680480000000,28161.3,28171.3,27552.4,27738.1,92246.758
1680494400000,27738.1,27951.9,27559.2,27946.5,59558.174
1680508800000,27946.5,28540.0,27944.0,28243.4,169915.848
1680523200000,28243.3,28370.0,27933.0,28032.5,141711.342
1680537600000,28034.1,28230.0,27863.0,28071.8,99518.632
1680552000000,28071.8,28084.0,27166.0,27786.1,178714.809
1680566400000,27786.1,27950.0,27650.2,27843.7,57048.555
1680580800000,27843.6,28141.6,27753.2,28013.2,58199.402
1680595200000,28013.2,28450.0,27909.3,28274.6,106225.317
1680609600000,28274.7,28392.5,27935.2,28011.7,113740.258
1680624000000,28011.7,28250.0,27952.8,28171.1,56580.848
1680638400000,28171.0,28300.0,28061.5,28155.2,40576.232
1680652800000,28155.1,28800.0,28085.8,28536.1,125905.052
1680667200000,28536.1,28615.0,28433.4,28515.7,38202.006
1680681600000,28515.7,28593.0,28432.4,28544.0,37263.294
1680696000000,28543.9,28741.0,27830.1,28014.9,208759.52
1680710400000,28015.0,28300.0,27775.0,28229.1,99424.748
1680724800000,28229.2,28290.0,28110.0,28154.0,34158.218
1680739200000,28154.0,28166.7,27855.0,28117.4,57949.765
1680753600000,28117.4,28117.5,27889.0,27896.8,36721.731
1680768000000,27896.7,28024.6,27684.2,27934.9,78981.475
1680782400000,27935.0,28175.0,27724.0,28079.3,102413.306
1680796800000,28079.3,28156.2,27931.3,28005.0,45472.386
1680811200000,28005.0,28112.0,27873.5,28022.8,34378.119
1680825600000,28022.9,28096.0,27911.0,28022.2,27954.246
1680840000000,28022.2,28052.2,27755.0,27822.0,43965.699
1680854400000,27822.1,27954.0,27772.6,27830.0,47983.634
1680868800000,27829.9,27981.1,27776.5,27930.2,58901.765
1680883200000,27930.2,27940.6,27842.2,27886.4,18629.237
1680897600000,27886.3,27975.0,27822.9,27890.7,21815.597
1680912000000,27890.7,28069.9,27850.1,28005.9,26709.114
1680926400000,28005.9,28153.6,27954.0,28073.8,38189.946
1680940800000,28073.8,28107.7,27975.5,27997.7,22421.507
1680955200000,27997.7,28047.9,27925.1,28004.3,23432.443
1680969600000,28004.3,28010.5,27855.0,27909.1,29141.062
1680984000000,27909.2,27977.1,27866.4,27924.9,19235.488
1680998400000,27924.9,28078.1,27907.7,28012.0,30081.571
1681012800000,28011.9,28055.0,27820.0,27888.2,47649.419
1681027200000,27888.2,27927.0,27762.8,27919.3,31551.572
1681041600000,27919.3,27960.0,27777.0,27873.6,35449.263
1681056000000,27873.6,28290.6,27860.3,28132.4,69130.263
1681070400000,28132.4,28539.1,28077.1,28309.4,91999.792
1681084800000,28309.4,28420.0,28230.0,28269.8,39158.156
1681099200000,28269.8,28308.0,28180.0,28278.2,32457.91
1681113600000,28278.3,28383.0,28258.7,28294.3,33714.023
1681128000000,28294.3,28590.0,28153.6,28427.7,91957.051
1681142400000,28427.7,29300.0,28368.9,29164.9,244253.752
1681156800000,29164.9,29840.0,29058.0,29623.1,138521.033
1681171200000,29623.1,30491.0,29573.9,30105.8,202989.715
1681185600000,30105.7,30160.0,29752.1,30095.3,75212.768
1681200000000,30095.3,30140.0,29966.0,30045.0,53203.501
1681214400000,30045.1,30280.0,29938.9,30179.4,117522.262
1681228800000,30179.5,30564.0,30017.8,30121.9,112939.472
1681243200000,30122.0,30269.9,29896.0,30185.1,67110.773
1681257600000,30185.1,30350.0,29811.0,29914.8,93503.58
1681272000000,29914.8,30063.0,29829.5,29979.4,47788.578
1681286400000,29979.5,30041.2,29881.4,30003.7,37903.678
1681300800000,30003.7,30480.0,29620.0,29948.0,266359.4
1681315200000,29948.0,30087.7,29736.0,29789.5,77609.156
1681329600000,29789.5,29970.0,29761.9,29875.0,40504.038
1681344000000,29874.9,30270.0,29836.7,30057.3,52435.953
1681358400000,30057.2,30120.0,29980.1,30054.1,28862.315
1681372800000,30054.0,30369.0,30025.7,30149.2,92038.937
1681387200000,30149.1,30648.9,30116.5,30422.5,147335.344
1681401600000,30422.6,30539.7,30242.1,30323.1,76467.563
1681416000000,30323.0,30385.2,30185.0,30362.7,39042.382
1681430400000,30362.7,30950.0,30293.0,30684.6,143783.626
1681444800000,30684.5,31059.0,30665.9,30739.9,95052.482
1681459200000,30739.9,30819.3,30647.0,30790.0,51819.143
1681473600000,30789.9,30840.0,30080.1,30226.7,173876.177
1681488000000,30226.7,30340.8,29925.0,30311.2,102233.968
1681502400000,30311.1,30500.0,30260.0,30453.1,48626.219
1681516800000,30453.0,30599.9,30270.0,30367.1,41220.216
1681531200000,30367.0,30464.0,30327.4,30416.6,20229.732
1681545600000,30416.6,30460.0,30340.6,30371.0,24960.612
1681560000000,30370.9,30432.1,30270.7,30319.9,32820.069
1681574400000,30319.9,30333.0,30186.0,30318.8,38861.655
1681588800000,30318.9,30350.0,30220.4,30280.4,22141.798
1681603200000,30280.4,30311.0,30102.0,30249.0,26508.945
1681617600000,30249.0,30397.4,30240.5,30330.8,21303.215
1681632000000,30330.8,30345.1,30210.0,30220.1,23037.583
1681646400000,30220.1,30363.2,30142.5,30324.7,40131.078
1681660800000,30324.7,30560.0,30252.3,30306.0,57612.65
1681675200000,30306.0,30399.9,30170.9,30286.6,41632.548
1681689600000,30286.6,30307.4,29714.1,29966.5,111581.657
1681704000000,29966.5,29994.6,29822.0,29831.1,33276.831
1681718400000,29831.2,29913.6,29283.8,29558.1,93915.974
1681732800000,29558.1,29589.4,29219.9,29346.5,131855.384
1681747200000,29346.5,29565.0,29316.3,29459.6,55047.782
1681761600000,29459.6,29524.0,29370.0,29420.0,29840.92
1681776000000,29420.1,29485.0,29078.1,29431.7,65673.969
1681790400000,29431.6,29790.0,29426.6,29756.8,59863.93
1681804800000,29756.8,30378.0,29678.2,30369.7,120369.892
1681819200000,30369.7,30480.0,30082.8,30170.2,143790.876
1681833600000,30170.1,30269.7,29927.6,30205.8,89098.27
1681848000000,30205.8,30450.0,30132.9,30365.8,54392.333
1681862400000,30365.8,30410.0,30107.2,30199.9,42292.844
1681876800000,30199.9,30326.9,29960.0,30064.8,57670.911
1681891200000,30064.7,30067.1,28800.0,29299.9,224711.531
1681905600000,29300.0,29490.0,29015.0,29247.9,98329.93
1681920000000,29248.0,29357.2,29033.0,29210.6,61620.315
1681934400000,29210.5,29309.7,28557.3,28795.1,159240.579
1681948800000,28795.0,28994.4,28520.2,28850.1,91900.129
1681963200000,28850.0,29078.0,28803.5,28857.7,58960.584
1681977600000,28857.7,28938.0,28575.6,28601.6,68189.911
1681992000000,28601.5,28940.0,28300.0,28492.3,164293.111
1682006400000,28492.4,28650.0,27983.0,28091.2,186202.872
1682020800000,28091.2,28358.4,27995.1,28229.9,69632.679
1682035200000,28229.9,28368.9,28076.1,28309.1,58395.542
1682049600000,28309.2,28332.3,27800.0,28142.3,119795.709
1682064000000,28142.4,28225.8,27904.4,28054.5,80831.36
1682078400000,28054.5,28300.0,27954.4,28032.8,126677.763
1682092800000,28032.8,28086.4,27188.0,27273.6,211114.733
1682107200000,27273.6,27400.0,27100.0,27252.5,91017.726
1682121600000,27252.6,27360.0,27126.0,27309.9,45729.471
1682136000000,27309.9,27387.8,27204.5,27268.4,36075.068
1682150400000,27268.4,27310.0,27166.0,27276.1,42889.652
1682164800000,27276.1,27556.1,27219.5,27477.1,82203.755
1682179200000,27477.1,27780.0,27470.5,27604.7,86509.805
1682193600000,27604.6,27888.0,27554.6,27807.2,52141.27
1682208000000,27807.2,27807.3,27390.3,27545.2,66658.757
1682222400000,27545.2,27738.5,27519.2,27704.6,32611.861
1682236800000,27704.7,27760.0,27463.4,27632.8,49943.657
1682251200000,27632.8,27729.0,27279.7,27460.2,70478.522
1682265600000,27460.2,27679.6,27307.0,27453.3,74820.167
1682280000000,27453.3,27642.6,27388.3,27576.0,37569.391
1682294400000,27575.9,28000.0,27410.0,27780.0,99571.446
1682308800000,27780.1,27782.3,27331.0,27440.8,65884.391
1682323200000,27440.9,27544.0,27140.0,27540.0,101737.772
1682337600000,27539.9,27700.0,27208.0,27256.0,135196.378
1682352000000,27255.9,27577.0,26919.3,27373.8,141565.215
1682366400000,27373.8,27547.1,27305.2,27497.5,37313.066
1682380800000,27497.4,27583.6,27305.3,27337.6,43907.361
1682395200000,27337.6,27452.8,27222.7,27252.3,45282.567
1682409600000,27252.4,27430.0,27176.6,27382.1,66538.637
1682424000000,27382.2,27466.0,27200.0,27329.5,74964.782
1682438400000,27329.5,27787.5,27302.4,27596.1,115386.167
1682452800000,27596.2,28379.9,27596.2,28286.7,162175.001
1682467200000,28286.7,28473.0,28232.8,28296.2,71407.185
1682481600000,28296.1,28588.0,28285.9,28365.0,62803.722
1682496000000,28364.9,29146.4,28357.1,28940.7,213528.425
1682510400000,28940.7,30048.2,28940.6,29803.0,306318.812
1682524800000,29803.1,29899.0,27644.2,27871.9,297334.63
1682539200000,27871.9,28729.1,27200.0,28395.9,333531.894
1682553600000,28396.0,29480.0,28365.3,28876.6,231823.014
1682568000000,28876.6,29272.6,28612.7,28880.0,112459.212
1682582400000,28880.1,29139.2,28768.0,28921.2,98201.412
1682596800000,28921.2,29600.0,28650.0,29136.7,206699.481
1682611200000,29136.6,29898.0,29001.0,29659.9,204824.129
1682625600000,29659.9,29781.7,29239.2,29459.0,98577.491
1682640000000,29459.0,29591.1,29314.9,29412.8,78696.354
1682654400000,29412.8,29560.9,29382.9,29473.9,49552.737
1682668800000,29473.8,29493.7,29110.4,29226.0,86710.553
1682683200000,29225.9,29463.3,28870.0,29133.9,170065.295
1682697600000,29134.0,29433.4,29080.3,29317.6,89994.009
1682712000000,29317.6,29417.9,29250.0,29300.0,33331.207
1682726400000,29300.0,29387.7,29180.0,29328.8,39776.622
1682740800000,29328.8,29443.9,29275.0,29333.9,36929.533
1682755200000,29333.8,29349.9,29225.0,29323.4,35064.791
1682769600000,29323.4,29385.0,29200.2,29258.1,38754.353
1682784000000,29258.0,29300.0,29000.4,29222.0,47665.322
1682798400000,29222.1,29258.6,29115.6,29212.7,19822.623
1682812800000,29212.7,29217.7,29067.4,29168.0,25444.574
1682827200000,29168.0,29287.5,29158.6,29252.0,24448.044
1682841600000,29251.9,29349.9,29150.0,29184.6,33318.971
1682856000000,29184.6,29950.0,29169.9,29644.2,142401.479
1682870400000,29644.4,29860.0,29200.0,29346.0,117019.249
1682884800000,29346.0,29471.0,29145.3,29223.0,75166.529
1682899200000,29223.0,29325.5,28333.0,28545.6,143426.63
1682913600000,28545.6,28700.0,28200.0,28610.0,77991.238
1682928000000,28609.9,28659.2,28464.6,28510.6,39461.984
1682942400000,28510.6,28618.0,28052.1,28158.3,130179.626
1682956800000,28158.5,28402.3,27780.0,27833.9,148882.2
1682971200000,27833.9,28143.0,27650.0,28054.4,85032.81
1682985600000,28054.5,28131.9,27899.7,28031.9,44341.09
1683000000000,28031.9,28158.0,27854.0,28045.0,39868.257
1683014400000,28045.1,28121.8,27921.6,28076.1,39176.734
1683028800000,28076.2,28778.0,27900.0,28521.1,231570.662
1683043200000,28521.0,28888.0,28412.0,28676.4,110133.821
1683057600000,28676.5,28820.0,28600.6,28656.5,48455.705
1683072000000,28656.4,28682.1,28324.4,28505.4,58108.623
1683086400000,28505.5,28674.0,28407.3,28638.3,44177.432
1683100800000,28638.4,28758.9,28515.0,28535.1,52281.205
1683115200000,28535.0,28567.0,28080.0,28292.7,135071.937
1683129600000,28292.6,28800.0,28200.0,28308.8,229709.193
1683144000000,28308.8,29258.4,28267.3,29018.4,157117.84
1683158400000,29018.4,29176.6,28938.5,29084.7,48827.682
1683172800000,29084.7,29228.1,29022.4,29048.6,50341.471
1683187200000,29048.7,29380.0,28967.4,29145.0,78089.723
1683201600000,29145.0,29221.5,28660.0,28850.0,145934.75
1683216000000,28850.0,28966.0,28660.0,28883.2,73790.969
1683230400000,28883.2,28913.3,28731.2,28826.0,29440.989
1683244800000,28826.0,29551.0,28802.8,29187.0,115027.039
1683259200000,29187.0,29264.3,29025.0,29059.0,52721.949
1683273600000,29058.9,29185.6,29010.0,29137.5,44105.557
1683288000000,29137.6,29437.5,28618.3,29347.4,192645.919
1683302400000,29347.5,29693.0,29304.0,29548.7,133203.275
1683316800000,29548.7,29650.0,29440.0,29491.5,40781.438
1683331200000,29491.5,29840.0,29335.0,29360.1,76988.632
1683345600000,29360.0,29430.0,29225.3,29350.2,42728.114
1683360000000,29350.2,29359.2,29108.0,29264.5,58055.462
1683374400000,29264.5,29266.7,28333.0,28557.9,181672.364
1683388800000,28557.9,28963.9,28519.4,28831.9,77210.531
1683403200000,28831.9,28869.9,28620.2,28837.8,38973.798
1683417600000,28837.9,29137.0,28730.2,28790.8,63343.561
1683432000000,28790.8,28943.0,28771.9,28891.9,27761.69
1683446400000,28891.8,28950.0,28691.2,28826.5,44539.548
1683460800000,28826.5,29088.3,28825.0,28933.1,58996.19
1683475200000,28933.1,29019.9,28753.6,28894.0,46812.975
1683489600000,28894.0,28947.7,28370.0,28419.4,66956.679
1683504000000,28419.5,28624.6,28000.0,28188.0,142837.352
1683518400000,28188.1,28249.0,27800.0,27957.8,82354.151
1683532800000,27957.7,27977.6,27550.0,27922.2,108980.277
1683547200000,27922.2,28074.9,27651.5,27874.1,110121.512
1683561600000,27874.2,27918.0,27260.9,27329.1,148637.52
1683576000000,27329.0,27686.5,27250.0,27659.8,65257.965
1683590400000,27659.8,27747.9,27528.2,27612.5,46056.079
1683604800000,27612.4,27661.7,27423.9,27649.3,47560.102
1683619200000,27649.3,27719.0,27502.3,27663.9,42312.157
1683633600000,27663.9,27815.6,27316.8,27385.8,119288.926
1683648000000,27385.8,27739.6,27334.6,27704.7,78744.119
1683662400000,27704.7,27769.4,27501.3,27610.2,33703.303
1683676800000,27610.2,27848.7,27605.0,27668.8,47318.156
1683691200000,27668.9,27712.0,27507.0,27532.4,32310.414
1683705600000,27532.3,27669.8,27457.8,27660.7,39879.662
1683720000000,27660.6,28297.0,27623.4,28141.2,213950.08
1683734400000,28141.2,28290.0,26666.6,27683.6,289613.92
1683748800000,27683.6,27979.8,27177.0,27582.9,99430.444
1683763200000,27583.0,27611.5,27352.3,27435.1,56879.457
1683777600000,27435.1,27544.1,27382.4,27437.5,39192.274
1683792000000,27437.5,27478.6,27220.0,27393.2,55275.014
1683806400000,27393.2,27630.0,26924.0,27166.3,187266.555
1683820800000,27166.3,27214.4,26688.8,26831.4,146708.743
1683835200000,26831.5,27050.8,26787.3,26956.4,53500.32
1683849600000,26956.4,27090.0,26515.0,26574.8,90812.315
1683864000000,26574.7,26699.2,26100.1,26294.1,131694.685
1683878400000,26294.0,26425.8,26220.0,26333.0,54978.691
1683892800000,26332.9,26599.4,26254.2,26307.7,98862.763
1683907200000,26307.6,26480.0,25751.0,26445.2,132224.157
1683921600000,26445.1,26882.8,26347.5,26785.1,107072.897
1683936000000,26785.2,26974.1,26678.5,26794.6,56653.067
1683950400000,26794.6,26862.9,26674.9,26759.3,32070.296
1683964800000,26759.2,26864.8,26727.3,26814.3,27857.048
1683979200000,26814.4,26897.0,26722.8,26802.0,40717.301
1683993600000,26802.0,27051.5,26755.0,26822.6,54284.517
1684008000000,26822.6,26928.6,26730.0,26762.7,31112.7
1684022400000,26762.8,26865.4,26557.0,26853.6,47551.697
1684036800000,26853.6,26888.7,26778.2,26839.9,20315.573
1684051200000,26839.9,26879.2,26780.0,26794.8,18182.978
1684065600000,26794.8,27200.0,26730.0,27071.4,86298.935
1684080000000,27071.4,27115.1,26809.0,26865.0,53779.117
1684094400000,26865.0,26947.2,26826.6,26901.9,21451.127
1684108800000,26901.9,27279.0,26694.4,27216.3,100134.61
1684123200000,27216.4,27550.0,27165.1,27398.6,93928.69
1684137600000,27398.6,27472.5,27288.0,27323.2,39961.711
1684152000000,27323.2,27525.0,27200.0,27383.0,79836.823
1684166400000,27383.0,27650.0,27300.6,27410.1,97469.17
1684180800000,27410.1,27410.1,27100.0,27152.5,38932.072
1684195200000,27152.5,27284.7,26832.0,27118.7,90185.098
1684209600000,27118.7,27243.6,26971.0,27240.6,49329.282
1684224000000,27240.6,27274.2,26978.6,27049.3,62608.697
1684238400000,27049.3,27127.4,26880.1,27027.9,89162.317
1684252800000,27027.9,27144.0,26862.0,26917.9,53087.558
1684267200000,26917.9,27046.2,26881.2,27024.8,28799.999
1684281600000,27024.7,27238.5,26969.7,27052.1,48161.97
1684296000000,27052.1,27092.4,26700.0,26831.9,53789.861
1684310400000,26831.8,26907.5,26558.0,26626.5,84616.009
1684324800000,26626.4,26830.0,26527.5,26788.0,106131.008
1684339200000,26788.1,27441.7,26730.0,27377.1,129947.055
1684353600000,27377.0,27500.0,27259.5,27395.8,67419.315
1684368000000,27395.7,27482.7,27280.0,27357.3,35846.271
1684382400000,27357.2,27445.9,27139.0,27375.1,61937.26
1684396800000,27375.1,27429.2,27320.3,27391.9,42133.547
1684411200000,27391.8,27471.5,27007.1,27075.2,145244.456
1684425600000,27075.2,27100.0,26335.3,26719.3,200861.276
1684440000000,26719.3,27060.0,26671.1,26809.3,58949.169
1684454400000,26809.4,26922.5,26733.4,26825.0,37542.604
1684468800000,26825.0,26950.0,26801.5,26841.9,28781.823
1684483200000,26842.0,26918.6,26773.0,26843.8,32361.524
1684497600000,26843.8,27180.0,26611.2,26869.9,157634.157
1684512000000,26870.0,26966.8,26763.2,26826.4,50110.954
1684526400000,26826.5,26913.7,26791.0,26870.1,17666.894
1684540800000,26870.1,26902.0,26813.5,26849.2,13932.879
1684555200000,26849.2,26862.1,26824.8,26841.8,9537.697
1684569600000,26841.9,26911.0,26841.8,26868.6,15215.481
1684584000000,26868.5,26969.8,26857.1,26936.0,25544.438
1684598400000,26936.0,27144.4,26900.1,27054.3,52033.7
1684612800000,27054.3,27129.9,26952.8,27089.5,21251.159
1684627200000,27089.6,27288.0,27050.0,27166.5,38117.636
1684641600000,27166.4,27166.5,27031.0,27044.5,23955.74
1684656000000,27044.6,27077.7,26750.0,26818.1,59909.536
1684670400000,26818.0,26969.6,26788.0,26885.0,50401.693
1684684800000,26885.1,26928.0,26817.0,26889.2,24421.545
1684699200000,26889.1,26915.0,26642.0,26732.8,41970.275
1684713600000,26732.8,26772.4,26500.0,26637.7,60333.993
1684728000000,26637.7,26898.9,26630.4,26830.7,46118.467
1684742400000,26830.8,26892.4,26750.0,26819.9,31113.301
1684756800000,26819.9,27097.8,26690.0,26863.2,129893.083
1684771200000,26863.3,26927.6,26765.0,26857.0,41038.257
1684785600000,26857.0,26955.9,26818.0,26840.2,19533.419
1684800000000,26840.2,27430.0,26782.6,27354.6,112108.995
1684814400000,27354.7,27527.5,27202.2,27295.8,83809.328
1684828800000,27295.8,27344.0,27243.2,27326.9,32695.377
1684843200000,27327.0,27383.0,27159.3,27310.7,63502.505
1684857600000,27310.8,27319.4,27080.0,27171.6,55692.994
1684872000000,27171.7,27244.0,27139.0,27209.9,21367.419
1684886400000,27209.9,27212.9,26644.2,26770.0,105289.512
1684900800000,26770.0,26810.0,26566.5,26664.2,72171.252
1684915200000,26664.2,26834.0,26650.0,26731.7,47356.312
1684929600000,26731.7,26731.7,26060.0,26306.9,189840.762
1684944000000,26306.9,26387.3,26145.4,26241.6,69968.498
1684958400000,26241.6,26476.0,26228.2,26313.8,50565.341
1684972800000,26313.9,26384.5,25850.0,26171.0,94944.153
1684987200000,26171.1,26289.0,26111.0,26118.9,40575.044
1685001600000,26118.9,26345.3,26107.8,26282.5,40284.053
1685016000000,26282.5,26489.5,26151.4,26216.9,110196.106
1685030400000,26216.9,26644.0,26193.5,26457.9,80074.61
1685044800000,26458.0,26545.8,26420.6,26461.8,28461.259
1685059200000,26461.7,26532.0,26324.2,26425.7,38579.969
1685073600000,26425.7,26527.8,26313.9,26491.3,34980.918
1685088000000,26491.2,26547.3,26411.0,26451.9,32939.619
1685102400000,26451.8,26925.0,26342.9,26737.5,137774.569
1685116800000,26737.5,26829.0,26601.0,26755.2,61511.083
1685131200000,26755.3,26796.6,26670.0,26689.9,18689.388
1685145600000,26689.8,26775.8,26621.0,26739.5,21434.056
1685160000000,26739.6,26776.4,26695.2,26715.3,15097.708
1685174400000,26715.2,26726.2,26655.1,26687.7,19863.179
1685188800000,26687.6,26774.9,26528.6,26682.1,47080.958
1685203200000,26682.2,26845.8,26605.0,26721.6,38259.082
1685217600000,26721.7,26890.0,26714.5,26841.6,21946.952
1685232000000,26841.6,27240.5,26746.0,27174.4,89784.52
1685246400000,27174.5,27279.0,27113.4,27218.9,40838.873
1685260800000,27219.0,27387.0,27127.8,27146.0,42170.252
1685275200000,27145.9,27266.0,27081.7,27264.1,37547.894
1685289600000,27264.1,27780.0,27200.1,27518.4,113292.894
1685304000000,27518.5,28252.8,27515.1,28055.7,116480.961
1685318400000,28055.8,28442.0,27904.0,27947.9,103587.637
1685332800000,27948.0,28040.0,27822.7,27895.0,60707.279
1685347200000,27895.0,27966.7,27730.0,27908.1,48976.302
1685361600000,27908.1,27945.4,27570.6,27622.1,81226.571
1685376000000,27622.0,27734.4,27513.5,27624.0,75215.644
1685390400000,27624.1,27803.5,27533.8,27722.0,41577.116
1685404800000,27722.1,27933.0,27569.3,27815.0,45946.311
1685419200000,27815.0,27839.3,27659.3,27721.0,36391.136
1685433600000,27721.1,28038.6,27697.1,28005.9,63354.986
1685448000000,28005.8,28014.9,27602.0,27665.0,102527.366
1685462400000,27665.0,27849.8,27530.0,27836.4,56925.601
1685476800000,27836.4,27846.0,27636.0,27680.1,29233.913
1685491200000,27680.0,27825.0,27550.0,27646.5,39039.737
1685505600000,27646.5,27668.7,26942.0,27150.4,156776.303
1685520000000,27150.4,27198.0,26980.0,27087.9,56728.662
1685534400000,27087.9,27219.6,26835.5,26900.1,119487.274
1685548800000,26900.0,27121.1,26826.0,26999.5,58703.953
1685563200000,26999.5,27290.0,26992.0,27201.1,40645.961
1685577600000,27201.1,27347.9,26600.0,26768.6,121061.589
1685592000000,26768.6,26876.6,26742.0,26790.2,39307.686
1685606400000,26790.1,26945.4,26776.7,26881.7,36263.422
1685620800000,26881.6,26974.0,26773.2,26884.2,59027.621
1685635200000,26884.2,27180.0,26635.0,26851.6,111799.742
1685649600000,26851.6,26934.0,26697.1,26805.3,37327.512
1685664000000,26805.3,27015.5,26477.6,26985.1,85456.975
1685678400000,26985.2,27200.0,26937.3,27038.3,61632.613
1685692800000,27038.3,27181.1,27038.3,27118.5,36192.9
1685707200000,27118.5,27249.3,26840.5,27081.3,120542.039
1685721600000,27081.3,27279.0,26985.1,27231.6,57272.534
1685736000000,27231.5,27290.0,27132.0,27227.8,30013.032
1685750400000,27227.8,27230.4,27077.0,27130.9,25058.623
1685764800000,27130.9,27209.2,27098.0,27161.3,17689.692
1685779200000,27161.4,27173.8,27100.0,27121.0,16660.54
1685793600000,27121.0,27340.2,27110.0,27292.7,35777.121
1685808000000,27292.8,27312.0,27000.0,27084.9,50814.584
1685822400000,27084.9,27119.5,26900.0,27054.9,36463.54
1685836800000,27054.9,27098.7,26935.3,27048.4,25275.09
1685851200000,27048.3,27154.0,27015.0,27141.0,23617.719
1685865600000,27141.0,27245.0,27110.0,27190.9,29667.465
1685880000000,27190.8,27290.0,27150.0,27166.9,38245.649
1685894400000,27167.0,27218.0,27150.0,27205.0,17756.474
1685908800000,27205.0,27460.0,27026.0,27102.4,83709.147
1685923200000,27102.4,27125.0,26755.0,26835.9,80451.139
1685937600000,26835.8,26861.4,26719.9,26819.2,52410.386
1685952000000,26819.2,26831.2,26647.0,26760.1,48150.374
1685966400000,26760.2,26809.9,25971.0,25991.9,190153.229
1685980800000,25991.9,26072.2,25360.1,25618.5,269202.748
1685995200000,25618.4,25850.0,25496.2,25714.7,60134.672
1686009600000,25714.6,25783.2,25585.4,25719.8,45585.085
1686024000000,25719.8,25809.9,25685.3,25706.4,32812.859
1686038400000,25706.3,25786.3,25624.1,25676.0,37440.876
1686052800000,25676.0,26139.0,25321.6,26051.2,252404.577
1686067200000,26051.2,27238.9,26051.2,27073.2,249451.29
1686081600000,27073.3,27358.1,26884.0,27221.5,113750.962
1686096000000,27221.5,27394.4,26714.3,26897.0,114373.103
1686110400000,26896.9,26973.9,26741.0,26786.7,47010.017
1686124800000,26786.8,26968.0,26330.8,26888.3,151149.929
1686139200000,26888.4,26900.0,26230.0,26333.9,202615.316
1686153600000,26333.9,26548.0,26220.0,26469.2,80719.705
1686168000000,26469.2,26483.5,26111.0,26325.9,64176.467
1686182400000,26325.9,26459.5,26195.4,26332.0,45884.902
1686196800000,26332.0,26516.3,26270.6,26431.5,44715.213
1686211200000,26431.6,26494.1,26352.3,26421.4,31664.967
1686225600000,26421.5,26800.0,26283.4,26705.9,127003.344
1686240000000,26705.8,26720.7,26387.9,26526.3,56835.377
1686254400000,26526.3,26645.7,26472.1,26485.9,27001.036
1686268800000,26486.0,26589.9,26236.0,26469.5,59149.513
1686283200000,26469.6,26575.5,26411.4,26482.7,33723.828
1686297600000,26482.7,26679.5,26476.8,26599.8,49448.532
1686312000000,26599.9,26775.0,26436.8,26465.1,78006.116
1686326400000,26465.2,26521.1,26371.0,26400.0,45711.815
1686340800000,26399.9,26490.0,26385.0,26468.1,17679.394
1686355200000,26468.2,26525.0,26250.0,26312.6,53812.515
1686369600000,26312.6,26340.1,25445.0,25637.2,239103.411
1686384000000,25637.3,25743.9,25556.4,25718.7,45062.365
1686398400000,25718.7,25718.7,25559.5,25620.0,36077.085
1686412800000,25619.9,26144.0,25300.0,25738.2,188175.676
1686427200000,25738.2,25919.5,25666.7,25826.6,46686.517
1686441600000,25826.6,25850.0,25674.3,25714.7,33043.104
1686456000000,25714.7,25820.1,25621.3,25728.0,31162.773
1686470400000,25728.0,25839.0,25682.7,25784.9,25758.698
1686484800000,25784.9,25795.4,25661.0,25741.2,28819.212
1686499200000,25741.1,26100.0,25726.7,26021.0,85800.036
1686513600000,26021.1,26199.0,25726.2,25909.9,74781.74
1686528000000,25910.0,26025.1,25600.0,25779.6,67095.778
1686542400000,25779.6,25896.0,25729.9,25793.3,30361.002
1686556800000,25793.2,26097.7,25768.8,25975.7,60565.67
1686571200000,25975.7,25983.2,25722.0,25809.3,55282.739
1686585600000,25809.3,25962.5,25640.0,25816.8,60408.85
1686600000000,25816.7,25961.0,25795.1,25894.8,25186.429
1686614400000,25894.8,26155.5,25806.0,26054.6,70391.032
1686628800000,26054.7,26125.0,25963.7,26060.2,34095.2
1686643200000,26060.3,26284.7,26044.9,26178.1,67198.597
1686657600000,26178.1,26430.5,25708.0,25750.9,185012.596
1686672000000,25750.9,25973.0,25727.0,25891.2,49220.461
1686686400000,25891.2,25949.7,25790.6,25918.0,28618.868
1686700800000,25918.0,26045.8,25897.6,25970.7,33269.028
1686715200000,25970.7,25996.4,25820.0,25884.1,30116.376
1686729600000,25884.1,26022.0,25872.5,25967.2,28960.713
1686744000000,25967.3,26077.0,25915.6,25976.4,41580.783
1686758400000,25976.4,26099.3,25750.0,25860.5,105003.697
1686772800000,25860.5,25872.9,24796.8,25115.9,225751.005
1686787200000,25115.9,25198.8,25015.2,25054.8,41759.388
1686801600000,25054.8,25063.4,24856.0,24974.6,67274.456
1686816000000,24974.6,25042.5,24777.0,25007.0,68636.788
1686830400000,25007.0,25100.0,24910.9,24948.4,70290.723
1686844800000,24948.4,25516.4,24918.2,25443.0,112855.954
1686859200000,25443.1,25750.0,25205.0,25586.1,113154.066
1686873600000,25586.0,25596.0,25420.1,25545.7,43049.905
1686888000000,25545.7,25620.0,25461.0,25526.1,40458.494
1686902400000,25526.1,25610.0,25453.0,25462.8,43200.142
1686916800000,25462.9,25896.0,25142.1,25832.4,151837.917
1686931200000,25832.4,26526.9,25756.0,26371.2,216937.577
1686945600000,26371.1,26450.0,26273.7,26336.0,37660.921
1686960000000,26335.9,26362.2,26170.8,26253.4,36661.055
1686974400000,26253.4,26900.0,26230.0,26587.6,107938.264
1686988800000,26587.7,26649.0,26455.0,26497.5,43152.994
1687003200000,26497.5,26579.1,26288.5,26399.9,64566.845
1687017600000,26399.9,26528.4,26364.3,26466.2,31768.742
1687032000000,26466.1,26590.0,26452.2,26508.9,21650.496
1687046400000,26508.8,26540.8,26367.8,26538.4,27032.825
1687060800000,26538.4,26675.1,26457.2,26572.0,40704.717
1687075200000,26572.0,26587.9,26443.5,26488.5,27593.456
1687089600000,26488.5,26566.0,26425.8,26547.5,33224.65
1687104000000,26547.5,26649.6,26511.2,26641.6,32518.414
1687118400000,26641.6,26709.4,26230.9,26329.7,80903.422
1687132800000,26329.6,26459.0,26241.2,26393.5,32200.784
1687147200000,26393.4,26468.5,26354.8,26415.3,19572.1
1687161600000,26415.2,26448.7,26350.2,26438.6,24996.502
1687176000000,26438.5,26569.7,26328.0,26431.1,65548.161
1687190400000,26431.1,27077.0,26290.3,26672.8,200219.917
1687204800000,26672.8,26852.8,26638.9,26828.5,57996.294
1687219200000,26828.6,27177.3,26782.6,26880.7,79486.167
1687233600000,26880.7,27024.2,26733.6,26820.4,58297.568
1687248000000,26820.5,26898.6,26688.2,26895.2,41628.652
1687262400000,26895.2,27125.5,26633.9,27054.2,114387.91
1687276800000,27054.3,28145.0,26983.3,27973.8,340072.6
1687291200000,27973.7,28397.8,27855.6,28290.6,124303.4
1687305600000,28290.7,29086.6,28236.4,28704.6,169807.166
1687320000000,28704.6,29000.0,28668.5,28860.4,75606.358
1687334400000,28860.4,29223.6,28783.0,28913.5,108461.131
1687348800000,28913.5,30018.3,28858.2,29837.0,322373.018
1687363200000,29836.9,30822.0,29745.5,30105.5,365241.928
1687377600000,30105.6,30195.8,29766.0,29988.5,81984.826
1687392000000,29988.5,30488.0,29880.0,30283.7,84397.757
1687406400000,30283.7,30341.5,30000.0,30094.5,59869.993
1687420800000,30094.5,30244.5,29800.0,29919.3,92709.438
1687435200000,29919.4,30353.9,29500.1,29837.3,177543.354
1687449600000,29837.3,30236.0,29811.9,30208.8,101073.409
1687464000000,30208.7,30260.0,29858.4,29875.0,45457.791
1687478400000,29875.0,30049.0,29792.0,30002.4,46051.18
1687492800000,30002.4,30079.9,29910.0,29927.0,29527.682
1687507200000,29926.9,30195.7,29899.9,30125.3,57808.102
1687521600000,30125.2,31500.0,29901.1,31232.9,269771.237
1687536000000,31232.9,31440.5,30601.0,30873.7,228949.781
1687550400000,30873.7,30943.4,30441.1,30673.4,66965.089
1687564800000,30673.5,30790.0,30388.6,30719.5,57323.09
1687579200000,30719.5,30750.0,30550.0,30563.4,29137.58
1687593600000,30563.3,30739.6,30542.4,30674.9,30744.164
1687608000000,30674.8,30796.5,30262.0,30390.9,72309.098
1687622400000,30390.8,30688.9,30222.0,30622.2,58691.368
1687636800000,30622.2,30622.3,30395.0,30524.2,31333.988
1687651200000,30524.2,30780.0,30456.9,30742.0,36315.838
1687665600000,30742.0,31053.2,30652.8,30714.0,79266.773
1687680000000,30714.0,30754.2,30565.2,30710.0,36842.297
1687694400000,30710.0,30732.9,30425.0,30574.1,60922.334
1687708800000,30574.1,30649.6,30311.0,30420.0,49478.271
1687723200000,30420.0,30564.0,30252.6,30458.0,38707.641
1687737600000,30458.0,30542.4,29920.0,30285.0,87301.166
1687752000000,30284.9,30580.0,30153.6,30395.6,60412.33
1687766400000,30395.5,30420.6,30115.1,30315.1,45961.531
1687780800000,30315.1,30667.3,30241.3,30400.5,86040.677
1687795200000,30400.7,30425.7,29890.1,30233.9,106775.619
1687809600000,30233.9,30283.8,30086.1,30260.1,28608.033
1687824000000,30260.1,30488.0,30213.0,30360.0,41157.089
1687838400000,30360.0,30470.0,30222.5,30404.5,36501.042
1687852800000,30404.5,30800.0,30322.2,30720.1,81853.383
1687867200000,30720.1,30998.5,30351.0,30487.4,147090.862
1687881600000,30487.4,30762.4,30435.9,30638.4,57462.807
1687896000000,30638.4,30738.8,30533.1,30683.2,42008.165
1687910400000,30683.2,30701.8,30306.4,30441.8,52611.527
1687924800000,30441.8,30479.5,30127.0,30176.0,53845.27
1687939200000,30176.0,30377.0,30126.6,30294.3,42990.331
1687953600000,30294.4,30485.0,29992.5,30399.8,125197.93
1687968000000,30399.8,30457.0,29804.6,30080.4,101722.691
1687982400000,30080.5,30209.6,29929.2,30066.3,40288.685
1687996800000,30066.3,30234.8,30036.1,30162.3,34206.224
1688011200000,30162.3,30420.0,30125.4,30333.9,37925.711
1688025600000,30333.9,30744.4,30320.3,30660.6,98223.357
1688040000000,30660.7,30837.0,30380.0,30468.3,113767.956
1688054400000,30468.2,30661.9,30405.6,30571.5,54373.149
1688068800000,30571.5,30630.0,30222.0,30439.9,43576.449
1688083200000,30439.9,30876.4,30337.4,30734.3,74469.724
1688097600000,30734.4,31300.0,30604.0,30759.1,144771.236
1688112000000,30759.2,30940.0,30709.9,30897.7,52591.102
1688126400000,30897.7,31127.3,29500.0,30052.0,346709.184
1688140800000,30052.0,30729.5,29908.3,30360.3,155211.239
1688155200000,30360.2,30537.3,30324.4,30460.2,35578.82
1688169600000,30460.2,30527.2,30362.0,30391.2,29778.267
1688184000000,30391.2,30462.8,30311.3,30448.1,23531.509
1688198400000,30448.1,30589.8,30405.0,30508.5,23695.114
1688212800000,30508.5,30668.2,30490.8,30561.5,32888.967
1688227200000,30561.5,30626.0,30533.8,30600.5,16091.915
1688241600000,30600.5,30605.1,30534.3,30573.6,9534.474
1688256000000,30573.6,30650.0,30458.0,30505.2,27111.655
1688270400000,30505.3,30553.2,30462.1,30504.7,16551.148
1688284800000,30504.7,30553.9,30477.0,30537.2,13555.813
1688299200000,30537.2,30626.2,30149.9,30491.4,61816.405
1688313600000,30491.4,30709.2,30358.3,30552.8,47231.098
1688328000000,30552.7,30800.0,30425.0,30612.7,65600.069
1688342400000,30612.7,30798.3,30575.3,30747.9,35710.62
1688356800000,30748.0,30785.3,30601.7,30662.8,33689.441
1688371200000,30662.9,30693.7,30577.5,30619.6,24118.202
1688385600000,30619.7,31179.0,30559.4,31068.0,104391.15
1688400000000,31068.0,31395.2,30810.2,31254.1,115662.573
1688414400000,31254.0,31300.5,30875.2,31149.0,56721.25
1688428800000,31149.0,31319.4,31083.6,31189.8,43191.597
1688443200000,31189.8,31210.7,30860.0,30902.3,53472.779
1688457600000,30902.2,31078.5,30856.0,31056.5,45148.63
1688472000000,31056.4,31080.0,30869.1,30959.3,38716.425
1688486400000,30959.3,31145.0,30600.0,30685.3,94152.133
1688500800000,30685.2,30840.0,30655.7,30756.1,26150.696
1688515200000,30756.1,30875.2,30737.8,30857.3,18763.35
1688529600000,30857.3,30862.6,30742.9,30765.9,19242.008
1688544000000,30765.9,30797.4,30326.0,30395.0,90362.983
1688558400000,30395.0,30438.1,30175.8,30345.0,93102.565
1688572800000,30345.1,30579.6,30321.2,30420.0,47167.111
1688587200000,30420.0,30525.1,30369.6,30488.4,26258.561
1688601600000,30488.4,30555.6,30305.0,30477.7,27525.436
1688616000000,30477.6,30846.8,30420.6,30792.3,59327.661
1688630400000,30792.2,31568.0,30686.0,30833.0,227988.566
1688644800000,30833.0,30866.4,29865.0,30390.3,270998.539
1688659200000,30390.3,30450.7,30140.0,30294.6,65824.698
1688673600000,30294.6,30336.3,29818.0,29874.4,69602.319
1688688000000,29874.3,30154.9,29680.0,30122.1,73967.626
1688702400000,30122.1,30297.3,29904.4,29992.9,54680.044
1688716800000,29992.9,30188.8,29957.6,30104.0,37803.361
1688731200000,30103.9,30430.0,30012.1,30375.4,105396.246
1688745600000,30375.5,30443.6,30100.0,30227.9,46214.504
1688760000000,30227.8,30337.0,30197.1,30327.9,19739.873
1688774400000,30328.0,30380.0,30240.0,30260.0,20274.344
1688788800000,30260.0,30269.2,30122.0,30174.8,26594.583
1688803200000,30174.8,30315.0,30135.3,30185.3,25385.741
1688817600000,30185.3,30224.5,30132.5,30196.7,15361.803
1688832000000,30196.8,30313.0,30026.8,30100.0,31842.636
1688846400000,30100.0,30280.0,30037.5,30269.3,19275.386
1688860800000,30269.2,30397.0,30232.1,30277.6,29538.533
1688875200000,30277.6,30289.1,30218.2,30250.0,12970.718
1688889600000,30250.0,30300.0,30219.1,30257.3,13831.5
1688904000000,30257.2,30443.4,30163.6,30336.8,52366.13
1688918400000,30336.9,30336.9,30180.0,30227.7,20913.947
1688932800000,30227.7,30238.3,30042.0,30147.8,32675.435
1688947200000,30147.8,30235.0,29928.8,30144.9,57315.967
1688961600000,30145.0,30151.0,30034.2,30100.0,22884.999
1688976000000,30100.0,30233.1,29966.6,30221.5,37764.713
1688990400000,30221.6,30359.7,30131.0,30297.6,62189.014
1689004800000,30297.5,30830.0,30223.5,30824.5,91867.895
1689019200000,30824.5,31040.0,30100.0,30396.9,157092.949
1689033600000,30396.9,30599.0,30348.7,30461.0,45182.06
1689048000000,30460.9,30660.0,30416.4,30528.5,37039.062
1689062400000,30528.6,30557.8,30325.0,30391.3,38953.602
1689076800000,30391.4,30804.9,30261.4,30585.5,98194.832
1689091200000,30585.5,30684.6,30383.9,30565.5,52691.726
1689105600000,30565.5,30640.0,30492.8,30608.4,26843.465
1689120000000,30608.3,30672.0,30485.0,30581.3,28484.393
1689134400000,30581.3,30849.2,30555.0,30730.8,50264.091
1689148800000,30730.7,30807.5,30639.1,30765.3,33657.85
1689163200000,30765.4,30980.5,30447.0,30510.2,198943.496
1689177600000,30510.1,30529.0,30186.0,30268.1,84461.464
1689192000000,30268.1,30408.8,30220.5,30368.9,29246.963
1689206400000,30368.9,30423.0,30257.1,30283.7,25819.244
1689220800000,30283.6,30414.0,30233.0,30355.1,29140.813
1689235200000,30355.1,30624.0,30328.2,30530.6,59604.531
1689249600000,30530.6,31205.3,30446.4,30915.4,176453.536
1689264000000,30915.5,31850.0,30700.0,31600.6,291866.546
1689278400000,31600.5,31693.7,30993.8,31441.7,113138.84
1689292800000,31441.6,31640.0,31321.4,31445.4,60468.943
1689307200000,31445.4,31457.7,31068.5,31096.0,47214.511
1689321600000,31095.9,31284.9,31076.5,31206.4,43894.191
1689336000000,31206.4,31364.9,31037.4,31236.5,60181.765
1689350400000,31236.6,31272.7,29876.6,30099.9,267411.025
1689364800000,30099.9,30299.9,29965.0,30293.3,59521.811
1689379200000,30293.3,30380.0,30220.2,30276.0,29471.378
1689393600000,30276.0,30349.7,30241.0,30317.6,18539.329
1689408000000,30317.7,30360.0,30258.9,30298.5,17263.0
1689422400000,30298.5,30348.4,30237.0,30290.5,19740.322
1689436800000,30290.4,30341.5,30238.1,30309.7,16143.855
1689451200000,30309.7,30309.8,30251.0,30276.4,10464.59
1689465600000,30276.5,30325.0,30050.0,30174.1,43029.584
1689480000000,30174.1,30300.9,30120.0,30253.0,20092.465
1689494400000,30253.0,30338.5,30250.0,30293.6,19595.425
1689508800000,30293.6,30441.6,30254.1,30366.0,36284.911
1689523200000,30365.9,30391.8,30179.0,30239.5,29423.897
1689537600000,30239.6,30349.6,30110.6,30216.8,25379.658
1689552000000,30216.9,30329.7,30161.0,30295.9,22700.198
1689566400000,30295.9,30313.9,30220.2,30265.3,13248.65
1689580800000,30265.2,30309.4,29910.0,30145.0,67733.832
1689595200000,30145.0,30300.0,30015.9,30163.4,66486.808
1689609600000,30163.4,30224.4,29630.0,29870.0,122153.882
1689624000000,29869.9,30282.9,29864.6,30126.1,51790.057
1689638400000,30126.0,30227.5,30061.3,30063.8,23756.585
1689652800000,30063.8,30110.9,29908.1,29951.9,38504.713
1689667200000,29952.0,30098.5,29784.0,29871.9,60543.637
1689681600000,29872.0,30028.6,29657.1,29895.1,98912.984
1689696000000,29895.1,29954.3,29400.0,29708.1,88550.243
1689710400000,29708.2,29859.0,29678.0,29845.6,27128.255
1689724800000,29845.7,30067.7,29826.7,30048.0,46282.264
1689739200000,30048.0,30178.5,29950.1,29984.0,41398.75
1689753600000,29984.1,30038.4,29852.2,30004.7,36932.397
1689768000000,30004.7,30130.0,29745.0,29939.8,89658.235
1689782400000,29939.7,30088.1,29855.5,30032.4,50777.186
1689796800000,30032.4,30042.0,29811.0,29895.5,33370.022
1689811200000,29895.5,30037.9,29866.0,29937.0,23383.135
1689825600000,29937.0,30240.2,29912.1,30195.5,54428.409
1689840000000,30195.6,30420.0,30151.6,30274.0,79217.962
1689854400000,30274.0,30302.9,29600.0,29792.8,146334.281
1689868800000,29792.9,29863.0,29468.8,29744.4,78409.883
1689883200000,29744.5,29880.2,29652.7,29791.0,28490.094
1689897600000,29791.0,29949.5,29705.9,29884.3,38621.219
1689912000000,29884.3,29893.3,29729.6,29757.8,26891.176
1689926400000,29757.8,29838.8,29710.3,29764.8,28024.428
1689940800000,29764.8,29904.7,29764.7,29852.0,46739.642
1689955200000,29852.0,30056.2,29762.0,29865.1,63156.101
1689969600000,29865.1,29942.7,29819.4,29891.4,17712.508
1689984000000,29891.5,29985.3,29873.6,29886.6,18181.062
1689998400000,29886.7,29986.0,29822.0,29933.0,26673.54
1690012800000,29932.9,29969.6,29847.9,29874.1,22981.22
1690027200000,29874.1,29895.0,29806.6,29883.9,24285.778
1690041600000,29883.9,29892.5,29783.6,29820.6,17262.524
1690056000000,29820.5,29831.3,29602.2,29783.5,33991.832
1690070400000,29783.5,29884.0,29718.9,29832.5,29826.52
1690084800000,29832.5,29974.6,29832.5,29900.9,34347.504
1690099200000,29900.9,29950.0,29870.9,29881.5,15675.657
1690113600000,29881.5,29922.7,29836.2,29886.0,14726.508
1690128000000,29885.9,30368.2,29885.9,30083.1,92494.175
1690142400000,30083.1,30135.0,29909.0,30070.8,37643.482
1690156800000,30070.9,30091.7,29650.2,29705.6,70284.057
1690171200000,29705.7,29862.9,29639.7,29816.4,41874.076
1690185600000,29816.4,29820.9,28904.4,29259.6,137130.388
1690200000000,29259.7,29262.6,28830.0,29085.8,124595.259
1690214400000,29085.9,29147.0,28982.5,29106.9,41486.808
1690228800000,29106.8,29200.0,29075.5,29163.8,18811.829
1690243200000,29163.8,29174.5,29033.0,29099.6,27479.779
1690257600000,29099.6,29155.4,29060.0,29132.3,17709.951
1690272000000,29132.3,29277.6,29106.3,29117.6,35393.284
1690286400000,29117.6,29333.0,29058.0,29167.0,65595.464
1690300800000,29167.0,29379.5,29165.5,29189.0,36685.898
1690315200000,29189.0,29247.9,29171.3,29216.3,13574.242
1690329600000,29216.2,29414.6,29083.0,29228.0,47519.046
1690344000000,29228.1,29315.0,29100.0,29205.3,27037.859
1690358400000,29205.4,29229.3,29145.2,29163.9,16394.134
1690372800000,29163.9,29349.3,29152.4,29307.2,42475.796
1690387200000,29307.3,29500.0,29172.0,29390.3,94415.23
1690401600000,29390.3,29670.5,29260.0,29336.0,90685.517
1690416000000,29336.0,29436.7,29286.2,29388.1,22249.763
1690430400000,29388.1,29485.9,29366.0,29396.9,27656.693
1690444800000,29396.9,29558.4,29380.0,29493.9,34054.531
1690459200000,29494.0,29495.1,29218.1,29278.0,55284.049
1690473600000,29278.0,29324.5,29065.5,29152.6,63642.422
1690488000000,29152.6,29225.0,29117.7,29209.7,20489.076
1690502400000,29209.8,29299.9,29171.3,29239.8,23272.406
1690516800000,29239.8,29255.5,29125.5,29126.9,19221.001
1690531200000,29126.9,29239.4,29112.8,29195.3,25255.902
1690545600000,29195.4,29535.7,29192.5,29379.0,93071.263
1690560000000,29379.0,29391.6,29180.6,29303.4,48155.711
1690574400000,29303.5,29358.0,29267.3,29299.9,12323.584
1690588800000,29300.0,29381.4,29280.6,29355.7,12079.215
1690603200000,29355.6,29397.9,29271.7,29283.0,16468.927
1690617600000,29283.0,29321.1,29237.5,29253.2,17802.94
1690632000000,29253.2,29334.4,29246.2,29284.8,18876.177
1690646400000,29284.8,29340.0,29276.0,29328.0,12008.201
1690660800000,29328.0,29368.8,29328.0,29339.1,9865.259
1690675200000,29339.1,29345.9,29292.0,29300.2,9189.052
1690689600000,29300.1,29317.5,29251.9,29280.0,11221.774
1690704000000,29280.1,29318.1,29211.2,29301.3,20506.002
1690718400000,29301.3,29442.5,29260.0,29337.1,40656.643
1690732800000,29337.2,29399.5,29100.0,29187.2,37631.169
1690747200000,29187.2,29274.0,29006.0,29271.1,50696.613
1690761600000,29271.2,29525.8,29250.0,29411.8,49619.636
1690776000000,29411.8,29434.5,29343.0,29363.7,19913.782
1690790400000,29363.8,29411.5,29317.4,29395.9,19231.234
1690804800000,29395.8,29461.4,29208.9,29231.3,58218.187
1690819200000,29231.3,29263.0,29100.0,29146.5,50449.539
1690833600000,29146.4,29285.3,29102.3,29220.8,32949.344
1690848000000,29220.8,29337.3,28684.7,28820.1,88466.948
1690862400000,28820.1,28959.0,28785.3,28921.2,38804.599
1690876800000,28921.2,28986.5,28850.1,28853.0,26312.292
1690891200000,28852.9,28973.6,28550.0,28942.9,92928.706
1690905600000,28943.0,29330.0,28850.2,29263.6,98361.121
1690920000000,29263.5,29735.0,29170.0,29701.2,97454.977
1690934400000,29701.2,30059.9,29607.6,29622.5,133633.098
1690948800000,29622.5,29719.5,29550.0,29570.1,45298.47
1690963200000,29570.2,29571.0,29360.0,29552.9,75164.964
1690977600000,29552.8,29599.0,29156.0,29312.6,97917.626
1690992000000,29312.5,29357.0,28906.3,29141.8,115887.845
1691006400000,29141.8,29229.1,29050.3,29170.1,23823.489
1691020800000,29170.2,29273.1,29110.0,29170.1,24131.103
1691035200000,29170.1,29185.2,29005.0,29034.0,28883.917
1691049600000,29034.0,29193.5,28955.4,29134.2,39270.953
1691064000000,29134.1,29440.0,29068.0,29244.4,78353.291
1691078400000,29244.4,29359.9,29119.3,29265.7,49258.672
1691092800000,29265.6,29352.4,29150.0,29180.2,32070.006
1691107200000,29180.1,29244.4,29079.6,29152.6,24448.761
1691121600000,29152.6,29243.9,29120.3,29201.6,18873.441
1691136000000,29201.6,29250.0,29121.3,29157.2,22514.238
1691150400000,29157.2,29323.8,29116.0,29258.8,53716.396
1691164800000,29258.8,29273.6,28919.9,29021.0,61493.335
1691179200000,29021.0,29115.0,28780.0,29101.1,48349.502
1691193600000,29101.1,29145.0,29051.1,29082.6,15877.382
1691208000000,29082.6,29089.2,29020.5,29037.9,11796.275
1691222400000,29037.9,29083.0,29030.1,29040.6,10686.415
1691236800000,29040.6,29072.9,28960.0,29032.4,25947.755
1691251200000,29032.5,29092.1,28997.4,29056.9,11614.747
1691265600000,29056.9,29084.3,29041.5,29057.7,6586.05
1691280000000,29057.7,29070.3,29023.4,29053.5,8174.351
1691294400000,29053.5,29100.0,29028.0,29081.4,11457.437
1691308800000,29081.3,29132.0,29036.0,29067.0,15861.601
1691323200000,29067.0,29067.7,28978.5,29001.0,18943.151
1691337600000,29001.1,29095.0,28983.7,29076.9,18067.007
1691352000000,29077.0,29199.0,29025.0,29075.9,30590.893
1691366400000,29075.9,29220.7,29005.5,29148.9,29961.046
1691380800000,29148.8,29186.6,29036.5,29084.7,22738.52
1691395200000,29084.7,29146.2,29031.0,29085.8,23220.442
1691409600000,29085.9,29148.8,28771.0,28853.2,85465.104
1691424000000,28853.2,29177.0,28682.3,29144.9,101877.164
1691438400000,29144.9,29274.5,29107.7,29202.7,34490.163
1691452800000,29202.7,29255.0,29132.4,29182.8,21205.29
1691467200000,29182.8,29330.0,29170.2,29177.0,30113.085
1691481600000,29177.0,29439.0,29160.0,29428.0,46193.521
1691496000000,29428.1,29666.0,29336.6,29517.5,130658.527
1691510400000,29517.5,29944.8,29516.1,29866.4,136368.699
1691524800000,29866.4,30250.0,29674.1,29759.0,94730.679
1691539200000,29758.9,29874.5,29628.0,29710.0,44098.378
1691553600000,29710.0,29809.8,29650.0,29807.9,33679.663
1691568000000,29807.8,29905.8,29715.6,29877.1,39109.948
1691582400000,29877.1,30149.7,29663.0,29749.4,112574.075
1691596800000,29749.3,29764.9,29366.0,29404.2,94943.469
1691611200000,29404.3,29619.7,29362.0,29572.8,37604.168
1691625600000,29572.9,29650.0,29550.4,29568.9,26398.735
1691640000000,29568.9,29613.2,29477.2,29504.0,26126.032
1691654400000,29504.0,29553.0,29461.4,29490.0,21083.327
1691668800000,29490.0,29729.8,29380.0,29452.8,101443.007
1691683200000,29452.9,29472.6,29303.7,29435.5,46278.886
1691697600000,29435.4,29480.0,29413.7,29443.7,13216.051
1691712000000,29443.7,29489.5,29336.0,29400.7,19307.071
1691726400000,29400.7,29481.9,29367.3,29406.7,18382.821
1691740800000,29406.8,29441.6,29333.9,29435.0,21937.072
1691755200000,29435.0,29565.1,29339.9,29383.0,67829.51
1691769600000,29382.9,29420.0,29220.0,29387.8,41293.164
1691784000000,29387.8,29437.2,29382.9,29415.5,10294.37
1691798400000,29415.5,29450.0,29360.0,29388.0,11511.455
1691812800000,29388.0,29417.2,29375.7,29410.2,7457.781
1691827200000,29410.2,29424.9,29378.6,29416.7,9821.475
1691841600000,29416.7,29445.3,29395.7,29426.0,10838.163
1691856000000,29426.0,29470.0,29401.2,29407.5,10798.789
1691870400000,29407.6,29422.7,29385.1,29420.7,5810.372
1691884800000,29420.8,29447.4,29380.1,29401.8,9679.096
1691899200000,29401.8,29401.9,29343.8,29385.5,11731.661
1691913600000,29385.6,29400.7,29362.0,29374.0,7336.398
1691928000000,29374.0,29382.6,29349.0,29362.8,9904.96
1691942400000,29362.8,29463.0,29316.2,29426.1,20860.595
1691956800000,29426.0,29434.9,29256.6,29293.3,24677.795
1691971200000,29293.3,29415.0,29070.0,29390.0,68307.546
1691985600000,29390.0,29466.3,29379.4,29410.5,22179.194
1692000000000,29410.4,29486.0,29371.4,29399.8,24534.443
1692014400000,29399.8,29665.0,29319.9,29592.9,80846.779
1692028800000,29592.8,29686.7,29233.0,29353.8,81315.67
1692043200000,29353.7,29465.8,29323.2,29419.5,17851.751
1692057600000,29419.5,29446.5,29355.9,29386.9,14493.26
1692072000000,29386.9,29422.9,29338.9,29396.9,14399.408
1692086400000,29396.9,29446.5,29340.2,29357.1,22179.354
1692100800000,29357.1,29492.1,29294.9,29315.2,46749.748
1692115200000,29315.1,29358.9,29050.0,29172.4,71365.384
1692129600000,29172.4,29234.6,29125.8,29188.8,22102.805
1692144000000,29188.9,29257.4,29174.6,29216.7,18146.82
1692158400000,29216.7,29223.5,29100.0,29187.0,25778.007
1692172800000,29187.0,29209.0,29086.0,29154.9,25949.939
1692187200000,29154.9,29206.6,29030.0,29098.0,54132.727
1692201600000,29097.9,29229.6,28940.0,29105.5,75411.961
1692216000000,29105.4,29132.4,28705.1,28714.4,81123.498
1692230400000,28714.4,28775.9,28288.6,28643.5,100604.312
1692244800000,28643.5,28694.9,28590.2,28613.0,27425.195
1692259200000,28613.1,28627.8,28469.2,28540.0,39605.756
1692273600000,28540.0,28569.3,27855.0,27920.9,182544.677
1692288000000,27920.9,28078.0,27700.0,27889.4,133611.979
1692302400000,27889.4,27915.8,24581.0,26609.7,384716.301
1692316800000,26609.7,26818.0,26307.1,26385.9,78941.15
1692331200000,26386.0,26597.7,26150.0,26413.8,75871.993
1692345600000,26413.8,26595.2,26365.0,26479.5,49121.525
1692360000000,26479.5,26489.6,25918.2,25993.1,130570.32
1692374400000,25993.1,26300.0,25600.0,26053.4,151020.85
1692388800000,26053.4,26235.0,25989.5,26042.1,36849.478
1692403200000,26042.0,26147.6,25910.0,25958.7,28906.528
1692417600000,25958.6,25998.0,25783.4,25906.8,38367.552
1692432000000,25906.7,25992.8,25871.0,25885.2,26956.868
1692446400000,25885.3,26216.4,25858.0,26201.0,50264.714
1692460800000,26201.0,26269.4,26012.3,26112.6,42478.885
1692475200000,26112.6,26143.7,26016.6,26088.3,15244.606
1692489600000,26088.4,26197.0,26027.9,26090.9,17904.105
1692504000000,26090.9,26153.4,26029.2,26073.6,13250.608
1692518400000,26073.6,26187.8,26041.4,26163.9,19743.709
1692532800000,26163.8,26209.6,25948.5,26095.0,40356.224
1692547200000,26095.0,26149.0,25982.3,26122.1,21311.961
1692561600000,26122.1,26285.0,26122.0,26175.9,28523.243
1692576000000,26175.9,26183.2,26052.5,26076.7,19223.035
1692590400000,26076.8,26174.4,25985.0,26012.0,32357.565
1692604800000,26011.9,26079.8,25861.0,26020.7,43891.805
1692619200000,26020.8,26193.6,25800.0,25925.1,78006.665
1692633600000,25925.1,26159.9,25921.1,26086.2,34324.296
1692648000000,26086.2,26280.0,26067.5,26115.4,24701.899
1692662400000,26115.4,26128.2,26010.3,26042.2,15716.085
1692676800000,26042.2,26108.7,25981.6,26091.6,18541.38
1692691200000,26091.7,26100.0,26014.6,26039.0,15537.931
1692705600000,26039.0,26087.2,25900.0,25923.0,44564.037
1692720000000,25923.0,26048.0,25693.6,25767.2,116546.068
1692734400000,25767.1,26060.0,25280.0,26044.4,102208.075
1692748800000,26044.5,26177.0,25974.1,25992.1,35799.369
1692763200000,25992.0,26170.0,25967.1,26045.3,36125.446
1692777600000,26045.3,26085.6,25887.4,25928.1,31581.275
1692792000000,25928.1,26187.0,25800.0,26134.3,89252.364
1692806400000,26134.3,26806.0,26113.7,26615.2,149537.665
1692820800000,26615.2,26714.8,26201.0,26419.2,70672.909
1692835200000,26419.2,26535.9,26334.0,26430.0,29657.857
1692849600000,26430.0,26509.6,26370.1,26460.7,23503.45
1692864000000,26460.8,26568.3,26395.0,26433.8,33863.857
1692878400000,26433.8,26433.9,25972.5,25987.3,100356.806
1692892800000,25987.3,26148.0,25835.0,26025.9,68869.989
1692907200000,26026.0,26200.0,25918.5,26164.6,30501.378
1692921600000,26164.6,26177.0,26000.0,26095.2,21737.926
1692936000000,26095.2,26102.9,25960.0,25969.3,28255.721
1692950400000,25969.4,26118.7,25968.9,26087.7,23053.719
1692964800000,26087.7,26300.0,25754.4,25917.4,138297.912
1692979200000,25917.3,26059.8,25820.0,25961.9,45731.022
1692993600000,25961.8,26078.0,25944.4,26051.7,17754.194
1693008000000,26051.7,26129.4,26018.1,26076.4,13952.932
1693022400000,26076.4,26079.2,26033.7,26039.7,8045.871
1693036800000,26039.8,26048.7,25985.0,26035.9,12714.098
1693051200000,26036.0,26070.0,25969.0,26040.2,12983.317
1693065600000,26040.2,26048.5,25990.2,26023.0,8875.066
1693080000000,26023.1,26038.7,25975.5,26004.3,7354.578
1693094400000,26004.3,26021.6,25955.6,26009.6,9486.116
1693108800000,26009.7,26041.9,26009.6,26028.5,7936.958
1693123200000,26028.5,26087.7,26018.9,26049.0,13550.247
1693137600000,26049.0,26173.6,26040.2,26110.8,21791.01
1693152000000,26110.9,26169.8,26020.0,26112.1,22000.852
1693166400000,26112.2,26123.8,26025.2,26087.7,11740.215
1693180800000,26087.6,26092.1,25970.3,26002.0,26342.016
1693195200000,26002.0,26024.7,25850.4,25923.0,30904.881
1693209600000,25923.1,25994.8,25853.5,25992.8,27052.356
1693224000000,25992.8,26244.6,25980.0,26093.3,68569.758
1693238400000,26093.4,26182.8,25902.2,25981.6,41869.582
1693252800000,25981.7,26170.0,25931.8,26106.5,25253.458
1693267200000,26106.5,26200.0,26050.1,26068.3,22733.617
1693281600000,26068.4,26080.4,25974.1,25992.0,20248.279
1693296000000,25992.1,26038.3,25905.2,25962.2,33062.319
1693310400000,25962.2,27690.0,25951.7,27411.4,362949.333
1693324800000,27411.4,28168.0,27337.6,27820.0,200945.529
1693339200000,27820.0,27875.0,27517.5,27700.1,60294.869
1693353600000,27700.1,27758.2,27265.0,27379.3,66092.614
1693368000000,27379.2,27464.0,27360.0,27427.2,23307.828
1693382400000,27427.1,27493.6,27290.7,27323.5,35589.834
1693396800000,27323.4,27450.0,26950.0,27192.0,125823.008
1693411200000,27191.9,27277.7,27053.0,27167.3,42830.02
1693425600000,27167.4,27335.6,27165.5,27290.4,21670.612
1693440000000,27290.4,27290.5,27166.0,27207.8,16078.298
1693454400000,27207.8,27285.0,27200.8,27249.1,16560.475
1693468800000,27249.2,27674.3,27175.8,27291.8,53026.501
1693483200000,27291.8,27305.1,26733.8,26909.5,102909.965
1693497600000,26909.4,26913.9,25876.6,26148.7,224162.459
1693512000000,26148.7,26180.0,25617.8,25928.0,90168.579
1693526400000,25928.0,26094.1,25918.9,26071.5,27071.631
1693540800000,26071.4,26086.2,25962.1,25975.2,18796.654
1693555200000,25975.3,26068.3,25941.7,26033.7,23768.858
1693569600000,26033.6,26151.6,25555.0,25798.0,118639.496
1693584000000,25798.0,25958.1,25312.0,25637.1,134918.148
1693598400000,25637.2,25928.5,25557.3,25795.6,37990.137
1693612800000,25795.6,25829.9,25740.6,25786.1,12087.023
1693627200000,25786.1,25841.4,25754.7,25783.9,13773.944
1693641600000,25783.9,25848.0,25760.4,25800.1,18478.625
1693656000000,25800.1,25975.0,25771.1,25880.0,31798.193
1693670400000,25880.1,25926.5,25750.9,25821.6,22126.255
1693684800000,25821.6,25899.3,25805.4,25855.8,9378.824
1693699200000,25855.8,25899.9,25810.8,25850.0,10366.408
1693713600000,25850.0,25943.6,25849.9,25941.4,11059.332
1693728000000,25941.5,25943.7,25862.5,25930.4,11620.083
1693742400000,25930.5,26115.0,25802.8,25858.2,42781.009
1693756800000,25858.2,26033.3,25777.0,25997.6,31902.907
1693771200000,25997.5,26135.2,25915.0,25962.1,25287.093
1693785600000,25962.1,26099.3,25864.0,25974.1,22003.637
1693800000000,25974.1,26005.7,25896.0,25953.8,14593.385
1693814400000,25953.8,26000.0,25845.2,25878.0,20972.285
1693828800000,25877.9,25961.5,25707.5,25803.9,53696.836
1693843200000,25803.9,25936.9,25794.9,25881.0,22170.0
1693857600000,25881.1,25911.2,25610.0,25814.0,39711.73
1693872000000,25814.0,25833.1,25531.2,25681.8,30824.27
1693886400000,25681.7,25747.8,25660.8,25724.7,20015.69
1693900800000,25724.7,25800.0,25639.0,25771.2,29224.31
1693915200000,25771.3,25900.0,25610.0,25747.9,67199.276
1693929600000,25747.9,25837.7,25668.0,25670.4,25402.722
1693944000000,25670.4,25792.4,25660.0,25779.7,13973.677
1693958400000,25779.7,25858.5,25758.1,25770.1,16399.582
1693972800000,25770.1,25780.9,25711.0,25715.0,14492.862
1693987200000,25715.1,25766.6,25701.0,25722.1,13681.083
1694001600000,25722.0,25769.3,25530.0,25576.3,58993.312
1694016000000,25576.3,26052.0,25326.0,25679.4,127581.603
1694030400000,25679.5,25776.0,25641.6,25747.4,19974.218
1694044800000,25747.4,25830.6,25710.3,25824.7,14048.995
1694059200000,25824.6,25838.0,25735.2,25750.9,15151.927
1694073600000,25751.0,25751.0,25680.0,25695.5,14981.411
1694088000000,25695.5,25824.7,25602.3,25766.7,49351.912
1694102400000,25766.7,25971.7,25760.0,25867.1,48160.796
1694116800000,25867.1,26451.0,25843.3,26240.7,115654.861
1694131200000,26240.7,26437.5,26181.6,26235.6,36619.154
1694145600000,26235.6,26378.4,26171.0,26244.1,33675.232
1694160000000,26244.0,26257.9,25630.0,25828.9,92561.921
1694174400000,25828.9,25945.7,25777.4,25829.8,36852.238
1694188800000,25829.9,25885.0,25707.0,25883.7,35345.758
1694203200000,25883.6,25923.1,25834.5,25899.8,14215.458
1694217600000,25899.9,25900.1,25835.0,25866.2,10539.396
1694232000000,25866.2,25886.6,25820.0,25871.0,10439.268
1694246400000,25871.0,25896.1,25834.3,25850.8,10348.675
1694260800000,25850.7,25921.5,25781.5,25881.9,19660.804
1694275200000,25881.9,25940.6,25834.3,25858.0,10147.831
1694289600000,25858.0,25908.5,25843.7,25892.6,6773.836
1694304000000,25892.6,25893.9,25816.6,25851.1,10214.868
1694318400000,25851.1,25864.2,25727.8,25843.0,21004.581
1694332800000,25843.1,25856.1,25780.0,25782.9,13734.798
1694347200000,25783.0,25827.0,25702.0,25764.1,23275.085
1694361600000,25764.1,25854.5,25508.7,25786.7,45647.698
1694376000000,25786.7,26037.3,25758.0,25828.4,49095.383
1694390400000,25828.4,25864.9,25639.8,25727.4,32476.954
1694404800000,25727.4,25895.0,25707.9,25801.3,25284.435
1694419200000,25801.4,25817.9,25555.0,25591.9,60165.089
1694433600000,25591.8,25749.7,24915.0,25102.5,202778.65
1694448000000,25102.4,25240.6,24975.0,25008.3,65270.071
1694462400000,25008.2,25210.0,24888.0,25150.4,41241.175
1694476800000,25150.4,25949.0,25116.4,25788.2,109017.337
1694491200000,25788.2,25989.6,25600.8,25810.2,95929.589
1694505600000,25810.2,26330.9,25720.0,26087.2,107776.089
1694520000000,26087.2,26397.0,26021.0,26192.4,104597.363
1694534400000,26192.3,26580.0,25868.0,26052.0,134082.429
1694548800000,26052.1,26150.0,25762.0,25825.8,40646.871
1694563200000,25825.8,25974.0,25750.0,25868.4,33520.94
1694577600000,25868.3,26099.5,25835.0,25865.7,46661.975
1694592000000,25865.7,26246.2,25850.8,26184.7,64369.473
1694606400000,26184.8,26382.0,26007.9,26229.1,100568.974
1694620800000,26229.2,26400.0,26038.0,26129.5,70495.521
1694635200000,26129.4,26294.0,26129.4,26209.9,19635.835
1694649600000,26209.9,26536.7,26106.6,26253.8,76521.139
1694664000000,26253.8,26380.0,26150.0,26332.3,31773.158
1694678400000,26332.2,26483.5,26253.0,26431.5,35924.143
1694692800000,26431.6,26790.0,26326.0,26679.9,143119.612
1694707200000,26680.0,26880.0,26530.2,26662.0,62676.122
1694721600000,26662.0,26713.2,26461.0,26510.3,30652.297
1694736000000,26510.3,26617.8,26428.6,26602.6,27710.077
1694750400000,26602.7,26647.0,26535.0,26554.4,20708.984
1694764800000,26554.4,26691.5,26353.7,26415.3,43587.614
1694779200000,26415.3,26520.0,26206.6,26311.1,69223.358
1694793600000,26311.1,26435.6,26301.9,26386.9,24017.623
1694808000000,26386.9,26890.0,26357.3,26591.1,66409.114
1694822400000,26591.1,26763.5,26558.3,26602.4,32987.327
1694836800000,26602.4,26608.8,26453.3,26486.0,32167.809
1694851200000,26486.0,26574.3,26430.0,26510.7,31565.807
1694865600000,26510.6,26566.4,26470.3,26493.6,15417.412
1694880000000,26493.6,26610.0,26483.5,26524.2,19314.111
1694894400000,26524.1,26570.0,26492.0,26546.9,9029.999
1694908800000,26547.0,26548.3,26400.0,26511.1,24901.582
1694923200000,26511.1,26560.7,26476.0,26482.6,12207.039
1694937600000,26482.6,26614.3,26480.3,26553.9,18581.011
1694952000000,26553.9,26598.7,26507.9,26537.0,15183.422
1694966400000,26536.9,26539.0,26454.4,26491.3,18907.859
1694980800000,26491.2,26526.0,26377.4,26514.2,24458.481
1694995200000,26514.2,26740.7,26358.6,26646.2,59011.231
1695009600000,26646.2,26796.0,26550.1,26701.7,34889.774
1695024000000,26701.8,27235.0,26666.4,27184.7,117551.37
1695038400000,27184.6,27397.0,27115.0,27258.8,99944.871
1695052800000,27258.8,27296.8,26611.2,26803.2,131940.936
1695067200000,26803.2,26869.2,26713.3,26749.9,29200.85
1695081600000,26749.9,26828.5,26653.2,26805.1,28690.386
1695096000000,26805.1,26860.0,26740.0,26836.1,18919.448
1695110400000,26836.0,27470.0,26834.3,27224.3,126172.926
1695124800000,27224.4,27480.0,26868.0,27413.4,148480.216
1695139200000,27413.3,27472.5,27051.5,27172.1,78562.344
1695153600000,27172.1,27213.0,26970.0,27196.0,32686.427
1695168000000,27195.9,27381.0,27070.2,27106.4,46102.861
1695182400000,27106.4,27149.8,26923.3,27089.5,42439.459
1695196800000,27089.5,27182.0,26930.3,27085.4,49758.677
1695211200000,27085.5,27228.8,26980.2,27168.7,57533.026
1695225600000,27168.7,27297.9,26740.0,26916.6,107628.888
1695240000000,26916.5,27235.0,26901.5,27107.7,45458.536
1695254400000,27107.7,27149.0,26917.4,27027.0,30052.613
1695268800000,27026.9,27092.4,26966.1,26978.4,23776.774
1695283200000,26978.4,27008.0,26612.5,26722.7,93622.742
1695297600000,26722.8,26769.8,26360.1,26567.7,114858.409
1695312000000,26567.6,26685.7,26530.8,26589.1,36731.887
1695326400000,26589.1,26611.2,26484.0,26552.6,18950.444
1695340800000,26552.6,26655.9,26452.9,26616.8,37106.938
1695355200000,26616.9,26697.5,26559.4,26660.9,22750.565
1695369600000,26660.9,26737.7,26573.0,26630.0,29533.611
1695384000000,26630.1,26688.2,26540.6,26619.9,37446.737
1695398400000,26619.9,26632.5,26514.0,26525.1,26689.549
1695412800000,26525.0,26588.0,26468.5,26566.7,20007.248
1695427200000,26566.7,26606.2,26510.3,26519.1,12073.369
1695441600000,26519.0,26575.0,26492.2,26572.0,10417.851
1695456000000,26571.9,26583.7,26540.9,26562.5,6701.253
1695470400000,26562.5,26580.0,26530.1,26567.5,9319.412
1695484800000,26567.4,26620.6,26545.4,26594.4,11673.719
1695499200000,26594.4,26600.0,26542.0,26563.1,7650.88
1695513600000,26563.0,26581.0,26545.0,26559.9,5356.621
1695528000000,26559.9,26563.7,26529.6,26552.4,7566.917
1695542400000,26552.4,26604.1,26552.4,26587.6,9640.933
1695556800000,26587.5,26618.7,26547.4,26566.0,9585.646
1695571200000,26566.0,26739.9,26300.0,26432.5,70195.077
1695585600000,26432.5,26512.0,26081.0,26232.4,44287.579
1695600000000,26232.4,26327.2,25965.0,26148.6,70354.152
1695614400000,26148.5,26186.0,26025.0,26176.8,29109.864
1695628800000,26176.7,26223.0,26010.0,26064.6,33861.773
1695643200000,26064.5,26289.9,25977.0,26230.9,58173.701
1695657600000,26231.0,26419.4,26205.2,26318.6,53507.097
1695672000000,26318.6,26440.0,26247.6,26290.5,23379.249
1695686400000,26290.5,26388.0,26221.0,26338.8,20252.741
1695700800000,26338.8,26353.3,26241.4,26256.3,15914.017
1695715200000,26256.3,26322.4,26170.1,26262.4,29884.397
1695729600000,26262.4,26296.6,26073.8,26114.8,54594.034
1695744000000,26114.8,26289.9,26100.8,26235.8,36140.137
1695758400000,26235.8,26280.9,26080.0,26208.8,23705.843
1695772800000,26208.7,26281.5,26189.1,26266.9,18602.743
1695787200000,26266.9,26280.1,26220.9,26233.4,10642.421
1695801600000,26233.4,26840.0,26209.0,26755.8,110026.569
1695816000000,26755.7,26849.9,26050.0,26293.4,148747.146
1695830400000,26293.4,26303.7,26100.0,26258.6,42912.849
1695844800000,26258.6,26374.9,26211.6,26359.6,22071.112
1695859200000,26359.6,26549.9,26325.2,26363.8,49942.892
1695873600000,26363.9,26496.7,26331.3,26445.7,28674.3
1695888000000,26445.7,26620.0,26373.8,26464.4,45294.642
1695902400000,26464.3,27075.0,26450.0,27012.3,132544.747
1695916800000,27012.3,27308.7,26837.3,27088.5,134967.954
1695931200000,27088.5,27157.2,26880.0,27011.8,38163.323
1695945600000,27011.7,27130.2,26850.0,26944.6,42839.718
1695960000000,26944.6,27231.5,26878.6,27168.0,39122.68
1695974400000,27167.9,27168.0,26943.0,26958.3,35285.347
1695988800000,26958.3,27098.0,26625.0,26874.8,112690.562
1696003200000,26874.9,26944.6,26731.0,26912.7,33353.821
1696017600000,26912.6,26979.0,26850.1,26890.9,14105.515
1696032000000,26890.9,26934.9,26870.4,26904.1,10407.031
1696046400000,26904.1,26949.5,26895.8,26915.9,9597.371
1696060800000,26915.9,26987.6,26906.0,26924.3,13578.452
1696075200000,26924.3,27085.0,26890.4,26986.2,28820.462
1696089600000,26986.2,27032.7,26958.0,27011.2,14178.557
1696104000000,27011.2,27070.4,26929.8,26950.9,15735.281
1696118400000,26951.0,27039.7,26939.0,27033.0,10992.693
1696132800000,27032.9,27148.0,27004.2,27092.1,19731.287
1696147200000,27092.1,27279.5,27070.5,27174.2,39467.035
1696161600000,27174.2,27219.7,27067.4,27135.8,29636.282
1696176000000,27135.8,27142.5,27021.4,27091.1,18484.665
1696190400000,27091.0,28365.2,27015.0,27981.4,122070.984
1696204800000,27981.4,28231.0,27811.6,28114.8,63793.4
1696219200000,28114.9,28428.2,27880.0,28299.1,82541.474
1696233600000,28299.2,28477.0,28177.0,28183.2,85556.305
1696248000000,28183.1,28613.0,27971.0,28015.0,142209.369
1696262400000,28015.0,28115.0,27614.6,27955.3,130189.706
1696276800000,27955.3,27955.4,27255.0,27477.6,88987.466
1696291200000,27477.7,27627.9,27366.1,27585.8,39247.385
1696305600000,27585.8,27665.0,27510.1,27528.1,24066.057
1696320000000,27528.0,27630.0,27458.3,27549.1,33099.203
1696334400000,27549.1,27569.2,27212.3,27332.0,90415.792
1696348800000,27332.1,27479.5,27230.0,27263.8,47928.263
1696363200000,27263.8,27459.7,27123.0,27412.0,48321.199
1696377600000,27412.0,27500.0,27163.9,27416.3,57221.782
1696392000000,27416.3,27442.0,27335.8,27442.0,18072.198
1696406400000,27442.0,27627.6,27420.5,27559.9,43059.287
1696420800000,27560.0,27619.4,27317.1,27388.3,55560.806
1696435200000,27388.3,27830.0,27385.8,27606.0,72614.286
1696449600000,27606.3,27824.0,27550.0,27759.8,34255.963
1696464000000,27759.7,27890.0,27631.0,27638.1,34804.893
1696478400000,27638.0,27688.4,27533.1,27595.3,23303.247
1696492800000,27595.4,27764.9,27578.1,27710.7,26856.381
1696507200000,27710.6,28110.0,27380.0,27540.0,182212.597
1696521600000,27540.0,27609.9,27333.5,27457.1,80769.835
1696536000000,27457.1,27497.2,27368.5,27398.4,22243.134
1696550400000,27398.3,27582.8,27382.6,27544.8,28560.582
1696564800000,27544.8,27644.0,27450.0,27626.8,29148.85
1696579200000,27626.8,27785.0,27571.1,27750.0,52630.037
1696593600000,27750.0,28035.6,27156.0,27926.5,192446.196
1696608000000,27926.6,28030.0,27773.0,27939.1,74173.973
1696622400000,27939.1,28450.0,27861.0,27916.3,61486.266
1696636800000,27916.3,27944.6,27822.1,27890.9,26866.234
1696651200000,27891.0,27933.0,27858.4,27878.2,13365.886
1696665600000,27878.1,28018.7,27865.4,27929.4,28790.238
1696680000000,27929.4,27974.8,27882.6,27926.4,17899.853
1696694400000,27926.5,27952.6,27831.8,27849.7,19860.578
1696708800000,27849.7,27947.8,27838.5,27943.0,10266.356
1696723200000,27943.0,28082.0,27924.9,28049.9,23359.962
1696737600000,28050.0,28061.5,27864.6,27892.4,28017.337
1696752000000,27892.4,27927.0,27758.9,27799.2,31081.884
1696766400000,27799.2,27989.8,27671.0,27883.5,50314.194
1696780800000,27883.5,27937.1,27791.0,27880.4,23250.062
1696795200000,27880.3,27968.7,27780.4,27901.2,22356.868
1696809600000,27901.2,27977.0,27780.3,27911.9,26462.524
1696824000000,27911.9,27934.0,27800.0,27804.6,18810.001
1696838400000,27804.6,27834.8,27392.0,27455.9,93264.706
1696852800000,27456.0,27567.2,27358.2,27433.0,60971.215
1696867200000,27433.1,27739.6,27250.0,27607.6,99593.955
1696881600000,27607.7,27644.0,27542.3,27578.3,15214.18
1696896000000,27578.4,27695.1,27482.0,27621.6,24570.12
1696910400000,27621.5,27694.9,27565.2,27634.9,18658.884
1696924800000,27634.9,27727.3,27486.5,27494.1,30924.696
1696939200000,27494.0,27622.9,27318.2,27395.5,94338.609
1696953600000,27395.6,27503.7,27281.0,27386.4,54866.291
1696968000000,27386.3,27458.2,27308.1,27381.2,16420.896
1696982400000,27381.3,27467.6,27000.0,27000.7,71637.656
1696996800000,27000.7,27131.1,26951.7,27012.8,38485.424
1697011200000,27012.7,27320.0,27002.9,27185.0,57423.71
1697025600000,27185.0,27252.6,26700.0,26769.1,99768.493
1697040000000,26769.2,26788.0,26525.0,26753.7,92108.467
1697054400000,26753.8,26879.7,26666.0,26864.5,28762.821
1697068800000,26864.5,26939.0,26722.4,26836.1,30667.853
1697083200000,26836.0,26909.9,26768.8,26799.4,22534.945
1697097600000,26799.3,26856.5,26650.0,26827.4,41185.888
1697112000000,26827.4,26853.9,26606.2,26665.4,52342.586
1697126400000,26665.4,26800.0,26534.8,26700.3,58269.011
1697140800000,26700.2,26767.2,26692.0,26744.0,15278.757
1697155200000,26744.0,26869.7,26733.9,26769.5,24001.868
1697169600000,26769.5,26929.0,26765.3,26857.8,22538.169
1697184000000,26857.9,26892.3,26722.2,26809.9,25998.2
1697198400000,26810.0,26972.8,26670.1,26693.0,52873.449
1697212800000,26692.9,26797.9,26675.0,26768.9,24426.388
1697227200000,26769.0,27120.8,26733.3,26849.8,93384.08
1697241600000,26849.7,26986.4,26828.5,26918.2,19650.991
1697256000000,26918.2,26926.4,26828.4,26860.5,14754.421
1697270400000,26860.4,26892.7,26835.0,26860.1,9363.893
1697284800000,26860.1,26930.0,26837.6,26927.9,13284.216
1697299200000,26927.9,26937.9,26835.1,26851.5,12979.142
1697313600000,26851.5,26869.6,26773.1,26836.3,12132.118
1697328000000,26836.4,26896.3,26801.0,26871.4,10726.522
1697342400000,26871.4,26879.7,26858.7,26872.7,4452.648
1697356800000,26872.7,26909.6,26830.1,26840.4,9730.73
1697371200000,26840.5,26958.0,26790.4,26885.6,26678.931
1697385600000,26885.7,27073.0,26880.0,27030.1,33519.65
1697400000000,27030.1,27456.1,27000.9,27139.8,74891.981
1697414400000,27139.8,27274.8,27095.4,27221.4,30333.494
1697428800000,27221.4,28168.6,27176.5,27837.2,135418.862
1697443200000,27837.2,27890.2,27627.4,27737.0,51669.121
1697457600000,27737.0,30720.0,27695.0,28054.0,460430.717
1697472000000,28054.1,28797.9,28050.0,28457.9,99403.401
1697486400000,28457.9,28633.3,28220.7,28486.3,45748.187
1697500800000,28486.3,28534.4,28220.0,28259.9,36125.262
1697515200000,28259.9,28452.8,28055.0,28408.2,53559.877
1697529600000,28408.1,28605.0,28339.0,28408.8,53722.165
1697544000000,28408.8,28567.7,28117.0,28445.8,98853.837
1697558400000,28445.7,28596.0,28290.0,28499.0,47386.641
1697572800000,28499.0,28544.3,28360.0,28381.9,24541.976
1697587200000,28382.0,28500.0,28307.6,28498.0,25903.379
1697601600000,28498.1,29100.0,28428.3,28485.1,98878.725
1697616000000,28485.1,28584.9,28204.8,28327.3,56065.947
1697630400000,28327.3,28393.2,28126.6,28235.3,58145.616
1697644800000,28235.4,28423.4,28215.4,28233.3,37847.066
1697659200000,28233.2,28363.1,28169.4,28307.1,20335.895
1697673600000,28307.2,28404.6,28076.0,28247.2,37586.343
1697688000000,28247.1,28337.0,28214.6,28315.0,20030.293
1697702400000,28314.9,28498.2,28267.4,28436.0,41218.539
1697716800000,28436.1,28801.6,28402.2,28659.5,110935.001
1697731200000,28659.5,28933.4,28436.8,28734.7,87672.406
1697745600000,28734.6,28883.7,28579.1,28696.9,36230.625
1697760000000,28697.0,29400.0,28560.0,29222.8,110977.215
1697774400000,29222.9,29405.4,29110.0,29228.5,65201.301
1697788800000,29228.6,30243.0,29214.4,29829.9,187724.326
1697803200000,29829.9,29900.0,29358.5,29538.7,114980.851
1697817600000,29538.7,29578.6,29304.0,29549.8,37889.277
1697832000000,29549.8,29784.5,29493.9,29653.0,34232.357
1697846400000,29653.0,29678.6,29443.5,29591.0,29916.16
1697860800000,29591.0,29725.8,29524.4,29681.0,23434.404
1697875200000,29681.1,29871.0,29614.1,29794.7,35531.903
1697889600000,29794.6,29973.9,29651.0,29916.5,45925.791
1697904000000,29916.4,30374.6,29827.9,30128.7,95227.025
1697918400000,30128.7,30145.1,29828.5,29895.4,28160.673
1697932800000,29895.4,30069.4,29830.0,29897.1,25140.596
1697947200000,29897.0,30229.7,29606.6,29800.5,63566.224
1697961600000,29800.4,29981.8,29761.8,29895.9,35445.364
1697976000000,29895.9,29962.6,29760.6,29815.3,23241.376
1697990400000,29815.3,29936.9,29789.2,29830.0,17704.233
1698004800000,29830.0,30060.2,29698.0,29981.5,33504.965
1698019200000,29981.4,30818.0,29869.4,30724.0,128693.194
1698033600000,30723.9,30990.0,30414.6,30508.0,109848.892
1698048000000,30508.0,30777.0,30333.0,30644.4,67538.2
1698062400000,30644.4,30963.2,30378.5,30864.1,89661.663
1698076800000,30864.1,31430.9,30356.3,31339.9,214050.486
1698091200000,31340.3,35981.9,31302.2,33074.0,377949.101
1698105600000,33074.0,35300.0,32833.5,34071.1,281275.402
1698120000000,34071.1,34597.9,33710.0,34025.9,120913.576
1698134400000,34025.8,34888.0,33966.0,34550.0,105261.541
1698148800000,34549.9,34849.4,33244.0,33674.0,208284.691
1698163200000,33673.9,34398.9,33379.2,33792.0,118528.892
1698177600000,33792.0,34307.5,33485.3,33917.0,87728.961
1698192000000,33917.0,34388.0,33768.6,34003.6,57595.248
1698206400000,34003.7,34209.4,33660.6,33853.4,54109.284
1698220800000,33853.4,34479.0,33773.3,34195.5,73790.394
1698235200000,34195.5,35035.0,34191.8,34841.4,133247.736
1698249600000,34841.5,35154.3,34364.6,34732.1,96963.113
1698264000000,34732.0,34847.0,34203.5,34487.7,49661.369
1698278400000,34487.8,34828.7,34407.2,34783.3,35395.926
1698292800000,34783.4,34809.4,34401.7,34648.7,42947.591
1698307200000,34648.6,34745.0,33963.0,34104.2,78784.898
1698321600000,34104.1,34368.1,33830.0,34050.0,100683.302
1698336000000,34050.1,34150.0,33750.0,34052.1,54840.371
1698350400000,34052.2,34287.5,34026.6,34154.0,26900.876
1698364800000,34154.0,34179.6,33774.0,34124.0,41120.404
1698379200000,34124.1,34253.3,33929.3,33954.0,34654.711
1698393600000,33954.0,34185.3,33950.0,34055.3,31645.835
1698408000000,34055.1,34220.0,33826.5,34010.9,70781.969
1698422400000,34010.8,34042.2,33350.0,33705.5,75435.791
1698436800000,33705.6,33948.9,33686.0,33893.1,24414.268
1698451200000,33893.2,34188.8,33867.4,34068.5,22390.809
1698465600000,34068.5,34199.5,34026.0,34057.2,18557.2
1698480000000,34057.2,34535.8,34038.0,34182.5,40302.883
1698494400000,34182.5,34248.0,33930.0,34199.9,35544.233
1698508800000,34200.0,34230.7,34082.0,34118.3,12120.435
1698523200000,34118.3,34200.0,34063.0,34086.6,9399.372
1698537600000,34086.7,34110.5,33956.1,33981.0,15394.255
1698552000000,33981.0,34147.7,33933.0,34086.0,13244.568
1698566400000,34086.1,34349.4,34082.0,34272.6,29265.085
1698580800000,34272.6,34579.7,34272.3,34462.5,46402.449
1698595200000,34462.6,34773.8,34382.0,34571.5,45097.21
1698609600000,34571.6,34746.7,34400.0,34528.6,26493.983
1698624000000,34528.6,34578.8,34179.0,34276.5,32214.955
1698638400000,34276.6,34358.7,34104.0,34191.7,32179.605
1698652800000,34191.8,34700.0,34161.7,34627.9,54749.558
1698667200000,34627.8,34888.2,34474.0,34664.5,76712.349
1698681600000,34664.5,34664.5,34050.0,34440.0,66042.98
1698696000000,34440.0,34593.1,34320.1,34483.8,19941.901
1698710400000,34483.8,34620.7,34206.1,34219.9,32408.78
1698724800000,34219.9,34360.0,34080.0,34151.9,37841.567
1698739200000,34151.9,34563.6,34016.8,34504.0,53119.465
1698753600000,34504.1,34533.1,34133.7,34290.2,64813.253
1698768000000,34290.3,34632.0,34240.0,34553.5,44732.189
1698782400000,34553.6,34744.7,34439.5,34651.4,39535.313
1698796800000,34651.4,34684.0,34406.4,34430.0,25982.006
1698811200000,34429.9,34520.0,34330.4,34463.9,21007.703
1698825600000,34464.0,34515.1,34354.0,34442.9,19664.578
1698840000000,34442.9,35249.0,34076.0,34296.9,195410.79
1698854400000,34296.9,34750.0,34288.8,34564.3,76906.503
1698868800000,34564.1,35734.0,34538.6,35437.4,130243.207
1698883200000,35437.5,35999.9,35378.3,35578.0,85831.894
1698897600000,35577.9,35613.0,35050.0,35280.7,66376.67
1698912000000,35280.6,35487.0,35095.1,35377.5,37839.651
1698926400000,35377.6,35468.0,34533.1,34645.2,113228.454
1698940800000,34645.1,35021.0,34300.0,34998.2,70647.292
1698955200000,34998.2,35099.0,34705.0,34940.1,36297.766
1698969600000,34940.1,34944.9,34364.1,34680.0,44337.168
1698984000000,34680.1,34700.0,34300.1,34470.0,41537.366
1698998400000,34469.9,34618.0,34123.0,34265.5,65758.64
1699012800000,34265.5,34850.0,34155.4,34759.5,74192.851
1699027200000,34759.5,34825.0,34304.1,34518.1,59377.724
1699041600000,34518.1,34738.0,34469.4,34700.4,20844.45
1699056000000,34700.5,34774.0,34620.1,34699.9,16221.894
1699070400000,34700.0,35111.0,34571.6,34759.1,40608.763
1699084800000,34759.2,34880.0,34668.7,34706.2,17082.279
1699099200000,34706.2,34799.0,34632.5,34709.8,16159.641
1699113600000,34709.9,34792.0,34685.1,34721.2,8516.209
1699128000000,34721.1,35270.0,34700.0,35069.7,42158.088
1699142400000,35069.7,35350.0,34933.3,35292.1,31036.506
1699156800000,35292.4,35328.0,35052.8,35175.4,27622.255
1699171200000,35175.5,35210.4,35023.1,35103.5,19853.909
1699185600000,35103.6,35187.0,34758.0,34893.9,45238.598
1699200000000,34893.9,35298.0,34878.0,35001.3,37504.83
1699214400000,35001.2,35455.2,34356.0,35025.5,70107.241
1699228800000,35025.5,35137.9,34840.6,34992.9,29591.552
1699243200000,34992.9,35044.0,34743.2,34918.5,22037.734
1699257600000,34918.5,35299.9,34836.4,35253.1,41969.923
1699272000000,35253.1,35281.5,34911.0,35094.5,53421.227
1699286400000,35094.5,35129.4,34821.0,35076.7,33564.29
1699300800000,35076.7,35172.9,34905.0,35057.4,21642.489
1699315200000,35057.5,35066.0,34808.0,34932.0,24909.176
1699329600000,34931.9,34988.0,34835.5,34947.3,15565.456
1699344000000,34947.3,34988.0,34552.2,34633.3,58015.083
1699358400000,34633.3,34849.4,34520.3,34728.4,43458.375
1699372800000,34728.5,35609.4,34560.0,35473.4,111860.41
1699387200000,35473.5,35921.7,35211.0,35406.5,89717.45
1699401600000,35406.5,35436.1,35241.1,35287.8,23196.039
1699416000000,35287.8,35378.9,35172.7,35239.6,23787.98
1699430400000,35239.5,35449.9,35192.1,35336.7,29404.328
1699444800000,35336.7,35485.0,35073.0,35231.3,46076.99
1699459200000,35231.4,35791.9,35194.3,35630.9,66866.299
1699473600000,35630.8,36150.0,35390.0,35626.7,145447.813
1699488000000,35626.7,36888.0,35538.8,36455.5,116651.935
1699502400000,36455.5,36884.0,36422.0,36550.6,76650.108
1699516800000,36550.6,37018.1,36550.6,36816.9,67229.757
1699531200000,36816.9,38499.9,36768.0,37141.5,251180.076
1699545600000,37141.5,37277.1,35304.0,36399.5,206634.151
1699560000000,36399.4,36798.0,36150.6,36719.5,60531.91
1699574400000,36719.6,36940.6,36461.8,36754.9,38262.779
1699588800000,36754.9,36836.8,36465.4,36480.2,28861.956
1699603200000,36480.3,37165.3,36350.0,37098.9,61055.127
1699617600000,37098.9,37276.0,36821.2,37118.4,68307.178
1699632000000,37092.6,37474.0,37092.5,37253.5,53891.739
1699646400000,37253.6,37570.0,37080.0,37330.4,36941.818
1699660800000,37330.3,37422.2,36921.1,37064.2,37053.94
1699675200000,37064.2,37159.7,36942.0,37030.5,20786.682
1699689600000,37030.5,37087.0,36935.1,37014.1,17266.407
1699704000000,37014.1,37297.9,36977.6,37071.5,29677.686
1699718400000,37071.5,37211.8,37051.0,37177.9,16121.948
1699732800000,37177.8,37190.0,36588.0,37162.1,38332.621
1699747200000,37162.1,37222.9,36753.6,37016.5,27857.823
1699761600000,37016.4,37200.0,36932.2,37154.1,17954.795
1699776000000,37154.1,37167.0,37057.1,37087.7,12538.794
1699790400000,37087.6,37258.4,36955.0,37178.3,27140.964
1699804800000,37178.3,37247.7,37080.1,37134.0,14955.336
1699819200000,37134.0,37244.4,36960.0,37085.5,18442.333
1699833600000,37085.6,37464.8,36870.1,36941.3,47927.465
1699848000000,36941.2,37069.9,36760.0,36982.5,30151.399
1699862400000,36982.5,37065.9,36710.0,36838.3,25635.208
1699876800000,36837.5,36975.6,36546.5,36871.7,62692.723
1699891200000,36871.7,37074.3,36624.8,36877.6,38835.792
1699905600000,36877.6,36910.8,36350.0,36486.2,51833.061
1699920000000,36486.2,36514.2,36220.4,36473.0,38113.088
1699934400000,36473.1,36740.8,36404.8,36705.5,21584.608
1699948800000,36705.5,36779.9,36258.2,36288.8,45655.802
1699963200000,36288.9,36720.0,35665.2,36168.7,106046.364
1699977600000,36168.8,36449.0,34446.3,35305.9,142061.757
1699992000000,35306.0,35689.0,35230.0,35559.0,43804.181
1700006400000,35559.1,35685.0,35388.0,35408.4,25472.458
1700020800000,35408.5,35683.8,35401.2,35597.4,17835.383
1700035200000,35597.8,36296.4,35593.0,36254.4,56559.59
1700049600000,36254.5,36430.0,36018.3,36412.1,63657.595
1700064000000,36412.2,37845.0,36256.0,37527.4,177826.354
1700078400000,37527.4,38000.0,37319.3,37885.6,82467.19
1700092800000,37885.5,37956.5,37353.8,37479.9,53899.391
1700107200000,37479.8,37645.9,37351.0,37460.7,27546.983
1700121600000,37460.6,37574.9,37150.0,37272.1,55316.429
1700136000000,37272.0,37352.5,36251.0,36423.1,132320.017
1700150400000,36423.3,36658.2,35486.1,35936.5,109707.497
1700164800000,35936.4,36284.0,35671.2,36176.0,55654.049
1700179200000,36176.0,36687.4,36108.3,36496.0,42071.401
1700193600000,36495.9,36537.1,36143.8,36252.0,31303.977
1700208000000,36251.9,36480.5,36129.4,36383.8,40926.634
1700222400000,36383.9,36636.7,35868.3,36059.0,82165.613
1700236800000,36059.1,37020.5,35917.1,36336.2,92733.982
1700251200000,36336.3,36762.6,36320.3,36621.9,30741.444
1700265600000,36621.9,36625.7,36364.1,36384.9,15853.958
1700280000000,36385.0,36443.3,36196.0,36429.0,18850.646
1700294400000,36429.0,36550.0,36389.3,36417.0,15799.979
1700308800000,36417.0,36693.0,36364.8,36671.9,23703.11
1700323200000,36672.0,36900.0,36605.0,36688.4,29325.213
1700337600000,36688.4,36720.0,36450.0,36580.9,18188.016
1700352000000,36580.9,36584.0,36400.0,36527.7,14245.189
1700366400000,36527.6,36684.9,36492.3,36624.0,14240.947
1700380800000,36624.0,36720.9,36380.0,36459.1,20218.168
1700395200000,36459.0,36580.0,36383.0,36575.1,19057.09
1700409600000,36575.1,37000.0,36515.5,36961.9,33690.594
1700424000000,36962.0,37528.2,36816.5,37375.9,53261.019
1700438400000,37375.8,37397.2,37050.0,37131.9,33529.759
1700452800000,37132.0,37280.0,37055.0,37261.1,20490.985
1700467200000,37261.0,37445.5,37070.1,37161.0,38029.772
1700481600000,37160.9,37525.0,36600.0,37475.1,76247.465
1700496000000,37475.0,37784.7,36780.0,37584.5,109983.189
1700510400000,37584.5,37631.1,37284.9,37462.5,32222.867
1700524800000,37462.6,37675.0,37321.1,37485.4,28223.37
1700539200000,37485.4,37503.7,37250.4,37297.1,21758.129
1700553600000,37297.1,37439.5,37156.0,37189.5,22046.215
1700568000000,37189.6,37245.7,36212.2,36975.9,162299.956
1700582400000,36975.8,37531.0,36600.0,36989.9,121016.64
1700596800000,36989.9,37190.0,35720.0,35737.0,95386.85
1700611200000,35737.0,36387.4,35610.7,36378.8,52166.303
1700625600000,36378.8,36560.0,36320.5,36430.7,30725.313
1700640000000,36430.7,36779.0,36385.4,36465.9,39778.07
1700654400000,36465.8,36654.8,36240.0,36480.5,53069.221
1700668800000,36480.6,37448.0,36371.2,37297.0,84661.791
1700683200000,37296.9,37880.0,37219.2,37413.4,77788.92
1700697600000,37413.5,37548.0,37263.0,37311.0,25514.516
1700712000000,37311.0,37425.0,37275.0,37378.5,15836.297
1700726400000,37378.5,37650.0,37135.8,37378.2,41679.819
1700740800000,37378.1,37544.9,36856.3,36954.1,54796.289
1700755200000,36954.1,37378.0,36921.6,37282.3,30849.082
1700769600000,37282.4,37391.5,37209.0,37294.3,16693.928
1700784000000,37294.4,37487.0,37257.3,37314.0,18097.677
1700798400000,37314.0,37587.0,37300.1,37531.1,16209.11
1700812800000,37531.1,38200.0,37427.3,37749.7,101988.606
1700827200000,37749.8,38425.0,37600.0,38217.3,108980.16
1700841600000,38217.3,38351.2,37551.0,37758.5,78638.769
1700856000000,37758.5,37940.8,37560.8,37706.3,27117.401
1700870400000,37706.3,37840.0,37671.4,37790.9,16604.38
1700884800000,37791.0,37830.5,37708.1,37795.0,10329.999
1700899200000,37795.0,37827.0,37570.9,37645.0,19110.646
1700913600000,37645.0,37732.4,37607.6,37697.8,12380.976
1700928000000,37697.7,37833.0,37697.7,37805.9,11566.645
1700942400000,37806.0,37886.5,37693.2,37766.6,12596.683
1700956800000,37766.7,37775.7,37650.0,37721.0,7935.275
1700971200000,37721.1,37788.5,37685.6,37773.5,7859.206
1700985600000,37773.5,37807.6,37650.2,37663.0,11524.478
1701000000000,37662.9,37669.8,37248.0,37418.0,60061.08
1701014400000,37418.0,37492.7,37126.0,37360.0,40369.592
1701028800000,37360.1,37744.9,37306.5,37437.9,46009.013
1701043200000,37437.9,37560.0,37174.2,37295.8,28575.15
1701057600000,37295.8,37416.0,37005.0,37272.1,27786.973
1701072000000,37272.0,37457.0,36829.8,37023.3,55968.207
1701086400000,37023.3,37094.9,36725.1,36743.2,70777.885
1701100800000,36743.3,37145.4,36700.0,36868.6,52965.043
1701115200000,36868.5,37279.0,36776.0,37234.3,30039.441
1701129600000,37234.4,37338.0,37088.8,37119.9,22710.03
1701144000000,37119.9,37135.0,36856.0,37087.2,30887.123
1701158400000,37087.2,37259.6,36917.4,37250.1,26457.181
1701172800000,37250.0,37568.6,37140.0,37502.2,53900.949
1701187200000,37502.1,38395.0,37502.1,38105.0,140598.219
1701201600000,38104.7,38270.0,37655.2,37812.1,43872.825
1701216000000,37812.0,38091.9,37663.2,37938.1,30709.361
1701230400000,37938.1,38238.0,37862.3,38095.7,26105.017
1701244800000,38095.7,38500.0,37895.2,38098.6,68446.66
1701259200000,38098.6,38285.0,37551.8,37817.6,74648.858
1701273600000,37817.6,37924.5,37641.0,37861.1,35143.407
1701288000000,37861.0,37871.7,37564.2,37837.1,26578.578
1701302400000,37837.2,38035.0,37673.0,38034.5,22657.392
1701316800000,38034.4,38132.0,37755.8,37783.2,29222.672
1701331200000,37783.1,37895.0,37570.9,37867.1,34148.45
1701345600000,37867.1,37964.6,37442.9,37614.0,68467.071
1701360000000,37613.9,37807.0,37520.0,37745.3,22089.275
1701374400000,37745.4,37805.0,37585.0,37716.8,14604.011
1701388800000,37716.9,38070.0,37600.0,38030.2,41211.57
1701403200000,38030.1,38344.8,38005.9,38234.9,49559.091
1701417600000,38234.9,38844.0,38205.2,38578.0,91963.611
1701432000000,38578.0,38629.9,38209.6,38401.5,54251.592
1701446400000,38401.4,38989.0,38383.0,38750.1,82721.315
1701460800000,38750.0,38888.0,38622.3,38660.0,22654.815
1701475200000,38659.9,38788.0,38613.5,38767.5,15617.315
1701489600000,38767.4,38815.5,38680.0,38683.9,16192.731
1701504000000,38683.9,38775.9,38620.0,38722.8,12894.311
1701518400000,38722.8,38859.5,38688.0,38787.0,21488.512
1701532800000,38786.9,39900.0,38688.1,39416.4,98609.274
1701547200000,39416.4,39725.0,39270.8,39435.0,48408.168
1701561600000,39435.1,39549.0,39255.2,39376.0,22841.135
1701576000000,39376.0,39488.0,39307.7,39474.1,13941.131
1701590400000,39474.1,39539.3,39386.3,39471.4,15513.199
1701604800000,39471.3,39820.0,39367.0,39758.5,56732.097
1701619200000,39758.5,39847.0,39420.8,39555.1,31630.487
1701633600000,39555.2,40410.1,39541.4,39979.7,81259.856
1701648000000,39979.8,40915.3,39970.4,40720.7,100671.239
1701662400000,40720.6,41792.0,40693.5,41471.9,125593.771
1701676800000,41471.9,42179.0,41336.1,41605.9,137050.984
1701691200000,41605.9,41920.0,41120.1,41280.8,98333.755
1701705600000,41280.9,42091.1,41186.8,42001.0,70633.212
1701720000000,42000.9,42440.0,41722.8,41993.1,70209.898
1701734400000,41993.1,41993.1,41630.0,41832.0,35521.212
1701748800000,41832.0,41922.8,41393.5,41534.2,41222.706
1701763200000,41534.3,41763.1,41422.0,41730.9,35188.342
1701777600000,41730.9,42542.0,41694.0,42266.7,97196.377
1701792000000,42266.8,44191.6,42124.6,43834.0,259747.666
1701806400000,43834.0,44528.1,43420.6,44081.7,106161.738
1701820800000,44081.7,44160.1,43569.2,43757.7,52236.431
1701835200000,43757.6,43879.6,43451.0,43697.1,49657.717
1701849600000,43697.1,44349.8,43377.0,43853.3,97423.979
1701864000000,43853.4,44305.1,43730.0,43795.3,98147.291
1701878400000,43795.3,44173.7,43750.0,44008.8,47802.807
1701892800000,44008.8,44086.0,43607.3,43774.8,38689.513
1701907200000,43775.1,44020.0,43720.9,43941.3,18975.548
1701921600000,43941.4,44066.7,43835.7,43899.4,20303.653
1701936000000,43899.4,43911.5,42815.0,43206.4,124028.509
1701950400000,43206.4,43959.1,42964.7,43679.8,85685.859
1701964800000,43680.0,43786.9,43091.5,43239.2,61166.112
1701979200000,43239.2,43490.0,43122.2,43296.0,36262.277
1701993600000,43296.0,43559.0,43286.8,43402.8,21946.849
1702008000000,43402.7,43586.5,43108.8,43184.5,30777.921
1702022400000,43184.6,43780.0,43100.0,43687.3,42243.094
1702036800000,43687.3,44081.6,43501.7,43778.5,72255.313
1702051200000,43778.6,44003.5,43650.0,43967.6,38369.228
1702065600000,43967.7,44779.3,43967.7,44209.5,76288.188
1702080000000,44209.6,44324.7,44071.2,44175.0,24334.938
1702094400000,44175.0,44389.2,44150.0,44220.6,21264.891
1702108800000,44220.7,44238.0,43749.1,43838.3,46175.262
1702123200000,43838.2,44180.8,43762.1,44088.0,43058.382
1702137600000,44088.0,44131.0,43903.6,43954.8,21188.309
1702152000000,43954.8,44140.0,43555.0,43734.3,33317.874
1702166400000,43734.2,43893.4,43694.0,43870.7,16869.696
1702180800000,43870.8,44042.8,43849.9,43995.8,15728.234
1702195200000,43995.8,44075.5,43624.0,43760.1,34286.882
1702209600000,43760.1,44039.7,43750.0,43945.4,27497.949
1702224000000,43945.3,43976.3,43753.8,43819.5,16441.705
1702238400000,43819.5,44099.2,43552.5,43810.0,33723.793
1702252800000,43810.1,43833.4,40272.1,42312.8,192470.578
1702267200000,42312.7,42330.0,41622.3,42128.0,75222.545
1702281600000,42128.1,42490.5,41979.1,42346.6,43887.191
1702296000000,42346.6,42398.3,41682.2,41824.7,66852.826
1702310400000,41824.6,41892.6,40228.3,40799.4,183107.057
1702324800000,40799.3,41375.4,40571.0,41271.0,59213.242
1702339200000,41271.1,41963.0,41202.1,41760.3,53546.667
1702353600000,41760.3,42095.3,41401.0,41930.1,49611.901
1702368000000,41930.0,42125.0,41570.8,41606.7,42543.035
1702382400000,41606.7,42085.9,41171.2,41376.6,85992.114
1702396800000,41376.7,41488.0,40711.0,41169.6,88690.075
1702411200000,41169.7,41577.0,41060.5,41515.0,36157.326
1702425600000,41514.9,41524.2,40556.0,40858.5,60111.741
1702440000000,40858.6,41275.7,40650.0,41146.3,45034.33
1702454400000,41146.3,41315.4,40976.9,41035.2,30944.239
1702468800000,41035.3,41979.0,41010.6,41960.0,71513.728
1702483200000,41960.0,42921.9,41735.6,42746.8,102592.015
1702497600000,42746.7,43517.6,42580.0,42875.0,86514.243
1702512000000,42875.0,42950.0,42670.5,42726.9,31720.282
1702526400000,42726.8,43126.2,42682.1,42910.1,31940.843
1702540800000,42910.2,43336.7,42684.4,43269.9,43056.82
1702555200000,43269.9,43379.3,41140.0,42454.1,144963.065
1702569600000,42454.1,43450.1,42454.1,43105.0,84613.405
1702584000000,43105.0,43193.9,42851.3,43032.4,25333.91
1702598400000,43032.3,43098.0,42410.5,42813.5,34366.918
1702612800000,42813.5,42905.1,42518.7,42724.8,28641.692
1702627200000,42724.8,43054.0,42645.9,42800.0,33628.215
1702641600000,42800.0,42809.6,41668.0,41930.3,83497.448
1702656000000,41930.4,42222.7,41715.0,42124.9,46847.886
1702670400000,42124.9,42280.0,41915.7,41968.0,30194.854
1702684800000,41968.0,42448.4,41638.1,42354.5,41048.741
1702699200000,42354.5,42380.9,42162.1,42243.1,17160.072
1702713600000,42243.0,42368.9,42114.7,42349.9,16101.931
1702728000000,42350.0,42640.8,42255.6,42631.7,35365.712
1702742400000,42631.6,42756.7,42340.0,42367.9,31055.886
1702756800000,42367.9,42434.3,42117.1,42287.4,19817.117
1702771200000,42287.4,42322.2,41880.0,41947.2,27517.931
1702785600000,41947.1,42086.5,41773.2,41894.6,29263.076
1702800000000,41894.6,42036.6,41671.2,41979.7,27899.322
1702814400000,41979.8,42033.2,41496.0,41828.5,38058.216
1702828800000,41828.5,42476.0,41707.2,42136.5,59835.013
1702843200000,42136.5,42226.8,41248.3,41396.5,42149.293
1702857600000,41396.6,41487.5,40810.6,41107.0,57583.207
1702872000000,41107.0,41338.7,41022.5,41159.9,32295.962
1702886400000,41160.0,41285.3,40553.8,41137.3,85508.853
1702900800000,41137.2,41780.0,40916.8,41288.0,76882.713
1702915200000,41288.0,41750.0,41170.0,41715.4,40807.318
1702929600000,41714.7,42795.3,41590.0,42671.7,82307.622
1702944000000,42671.8,43550.0,42595.1,43100.1,75175.979
1702958400000,43100.1,43159.7,42840.2,43062.0,28627.568
1702972800000,43062.1,43297.1,42962.0,43003.9,34165.827
1702987200000,43004.0,43068.5,42238.7,42512.8,74373.559
1703001600000,42512.9,42675.0,41835.4,42379.0,74735.369
1703016000000,42379.7,42556.8,42152.6,42298.3,28233.542
1703030400000,42298.2,42519.5,42218.3,42451.7,22122.059
1703044800000,42451.7,43056.9,42393.8,42950.0,46836.407
1703059200000,42950.0,43037.2,42693.6,42891.4,32002.326
1703073600000,42891.2,44384.6,42780.1,44079.0,141282.839
1703088000000,44078.9,44290.0,43511.8,43760.1,78486.341
1703102400000,43760.1,43846.0,43260.1,43708.9,56278.951
1703116800000,43708.9,43775.6,43317.2,43678.6,35653.416
1703131200000,43678.6,43920.0,43480.0,43794.8,25905.712
1703145600000,43794.9,44172.2,43610.0,43969.7,46262.476
1703160000000,43969.8,44287.2,43386.2,43857.7,81888.587
1703174400000,43857.7,43957.0,43390.0,43623.1,53751.04
1703188800000,43623.0,44175.0,43583.6,43896.3,33460.924
1703203200000,43896.4,44332.8,43750.2,44044.3,34467.517
1703217600000,44044.4,44484.0,43566.1,43614.1,63339.852
1703232000000,43614.0,43877.5,43480.5,43783.0,42888.61
1703246400000,43783.2,43849.6,43430.4,43699.9,43302.47
1703260800000,43699.9,44047.6,43503.4,43666.4,35104.573
1703275200000,43666.5,44086.0,43650.0,43999.2,19238.911
1703289600000,43999.2,44023.0,43464.8,43543.2,31870.041
1703304000000,43543.2,43670.0,43304.2,43582.0,25017.737
1703318400000,43582.1,43709.9,43513.4,43583.0,15905.084
1703332800000,43583.0,43899.8,43575.7,43782.0,21835.284
1703347200000,43782.0,43880.1,43720.0,43729.1,14370.201
1703361600000,43729.2,43864.7,43656.8,43725.2,11793.852
1703376000000,43725.2,43952.3,43625.1,43867.8,19796.067
1703390400000,43867.8,43994.8,43454.1,43678.6,28290.374
1703404800000,43678.7,43733.0,43421.0,43666.6,19354.803
1703419200000,43666.6,43908.3,43582.9,43707.0,23794.381
1703433600000,43707.1,43750.6,43568.3,43645.3,16277.893
1703448000000,43645.4,43652.2,42550.0,43008.4,72453.733
1703462400000,43008.4,43188.5,42755.4,43182.5,29688.549
1703476800000,43182.6,43360.4,43121.8,43233.2,17527.765
1703491200000,43233.3,43320.0,43083.2,43200.3,20002.961
1703505600000,43200.4,43850.0,43118.3,43661.0,61760.169
1703520000000,43661.0,43761.9,43383.2,43515.8,31664.127
1703534400000,43515.7,43772.1,43354.3,43611.9,23566.703
1703548800000,43611.9,43635.1,43400.0,43487.9,16834.268
1703563200000,43488.0,43509.9,42552.3,42798.7,74677.204
1703577600000,42798.7,42830.9,42109.0,42719.9,52503.851
1703592000000,42720.0,42870.0,42253.7,42423.1,38842.982
1703606400000,42423.1,42470.6,41597.0,42149.2,89933.42
1703620800000,42149.2,42630.4,42086.9,42538.5,22791.953
1703635200000,42538.6,42580.0,42145.7,42274.7,25627.172
1703649600000,42274.7,42595.5,42248.5,42495.9,20023.85
1703664000000,42496.0,43277.1,42443.0,43059.3,61784.091
1703678400000,43059.3,43191.1,42726.6,43009.6,59036.748
1703692800000,43010.0,43264.0,42890.3,43183.9,37903.282
1703707200000,43183.8,43700.0,43146.2,43453.8,46976.395
1703721600000,43453.8,43850.0,43333.1,43444.8,40639.668
1703736000000,43444.8,43669.4,42821.0,43087.2,46971.692
1703750400000,43087.3,43233.0,42900.0,43112.1,26016.438
1703764800000,43112.0,43181.1,42439.6,42485.8,74384.216
1703779200000,42485.9,42783.0,42320.5,42655.9,41372.033
1703793600000,42656.0,42788.7,42369.7,42600.1,28131.135
1703808000000,42600.1,42839.1,42123.1,42738.1,55055.074
1703822400000,42738.2,42812.9,42253.2,42314.5,32071.961
1703836800000,42314.5,42996.3,42306.8,42908.9,40511.048
1703851200000,42908.8,43171.9,42160.0,42301.6,68202.711
1703865600000,42301.6,42389.0,41680.0,42152.8,87706.129
1703880000000,42152.9,42288.3,41283.2,42095.1,53874.942
1703894400000,42095.1,42250.0,41854.4,42014.7,23528.273
1703908800000,42014.7,42205.2,41960.0,41987.1,16563.477
1703923200000,41987.1,42032.7,41550.0,41933.6,40727.124
1703937600000,41933.6,42473.4,41915.1,42410.3,42746.745
1703952000000,42410.4,42654.6,42278.7,42395.0,41015.216
1703966400000,42395.0,42431.9,42106.5,42174.2,19309.835
1703980800000,42174.3,42478.9,42001.0,42209.4,24649.414
1703995200000,42209.4,42729.2,42189.9,42567.0,27687.399
1704009600000,42567.0,42951.0,42400.2,42561.8,37644.346
1704024000000,42561.8,42694.0,42381.0,42489.6,29877.289
1704038400000,42489.6,42766.7,42465.4,42659.9,21496.084
1704052800000,42659.9,42724.5,42083.1,42314.0,32153.757
1704067200000,42314.0,42832.0,42270.0,42369.8,30275.835
1704081600000,42369.8,42536.0,42207.9,42527.0,18884.162
1704096000000,42527.1,42800.0,42489.4,42727.6,21225.402
1704110400000,42727.7,42887.5,42614.5,42818.0,23160.827
1704124800000,42818.0,43593.2,42693.1,43556.2,46470.443
1704139200000,43556.2,44266.0,43426.0,44230.2,66407.475
1704153600000,44230.3,45565.0,44200.9,45435.0,130549.341
1704168000000,45434.9,45832.8,45153.0,45495.5,46617.839
1704182400000,45495.6,45950.0,45258.0,45486.8,73125.619
1704196800000,45486.8,45850.0,44868.1,45215.0,98947.373
1704211200000,45215.0,45449.2,44783.3,45073.2,59665.882
1704225600000,45073.3,45338.9,44598.0,44979.8,50892.469
1704240000000,44979.7,45463.5,44895.8,45297.8,27249.852
1704254400000,45297.8,45423.0,44960.0,45030.4,27047.436
1704268800000,45030.5,45582.3,43500.0,43728.9,118206.26
1704283200000,43728.9,43738.8,40333.0,43014.0,269274.008
1704297600000,43014.0,43595.9,41920.0,42600.4,121646.733
1704312000000,42600.4,42974.5,42517.6,42849.5,32430.936
1704326400000,42849.5,43236.0,42625.0,43119.6,32954.43
1704340800000,43119.6,43290.0,42765.0,42775.0,34097.989
1704355200000,42775.1,43255.0,42645.1,43188.2,41353.248
1704369600000,43188.2,44343.1,43107.4,44050.4,89531.705
1704384000000,44050.4,44437.5,43773.4,43950.0,67286.547
1704398400000,43950.0,44840.8,43887.2,44143.8,68699.179
1704412800000,44143.8,44284.0,42300.0,43469.1,92493.981
1704427200000,43469.5,43951.7,43193.5,43769.6,36820.465
1704441600000,43769.6,44332.4,43459.0,43769.9,53933.111
1704456000000,43769.9,44119.1,43000.0,43495.2,82365.927
1704470400000,43495.1,43825.2,43090.0,43599.0,50576.81
1704484800000,43599.0,44500.0,43559.0,44145.4,58777.497
1704499200000,44145.3,44214.6,43809.5,43925.8,22344.039
1704513600000,43925.8,43972.0,43391.3,43645.3,32223.565
1704528000000,43645.4,43777.5,43550.0,43669.2,18571.596
1704542400000,43669.2,43925.0,43527.2,43863.6,21680.915
1704556800000,43863.6,44149.9,43817.4,43903.6,23415.539
1704571200000,43903.6,43980.0,43645.0,43956.7,20307.143
1704585600000,43956.6,44267.9,43824.2,43937.2,25504.202
1704600000000,43937.1,44099.6,43830.0,44071.5,16798.655
1704614400000,44071.6,44161.5,43862.8,44054.0,21062.951
1704628800000,44054.0,44486.9,43922.7,44035.0,49020.753
1704643200000,44034.9,44262.3,43686.9,44238.8,32162.368
1704657600000,44238.8,44262.9,43557.5,43916.9,36161.785
1704672000000,43916.9,43975.0,43158.1,43501.9,49205.414
1704686400000,43502.0,44431.1,43417.8,43970.0,52687.145
1704700800000,43969.9,44748.5,43629.7,44637.2,48551.307
1704715200000,44637.2,45440.0,44350.0,44969.6,124466.243
1704729600000,44969.7,47312.0,44783.8,47006.7,168436.314
1704744000000,47007.1,47240.3,46666.1,46972.7,51741.56
1704758400000,46972.6,47173.5,46253.7,46932.8,62275.549
1704772800000,46932.7,46950.3,46600.2,46841.0,25566.034
1704787200000,46841.0,46891.3,46372.0,46624.4,37564.557
1704801600000,46624.4,47100.0,45400.0,46868.8,127284.89
1704816000000,46868.9,46977.0,46500.0,46873.5,42262.943
1704830400000,46873.5,48100.0,44417.2,46114.0,218408.8
1704844800000,46113.9,46252.5,45629.6,46133.6,36681.322
1704859200000,46133.5,46200.0,45728.9,45766.4,21755.225
1704873600000,45766.3,45876.7,44800.0,45530.2,54054.765
1704888000000,45530.1,45680.0,44291.5,45569.0,149727.617
1704902400000,45569.4,46768.0,45189.4,46498.9,130065.437
1704916800000,46498.8,47699.3,44720.0,46662.9,276373.108
1704931200000,46663.0,46758.0,46146.5,46502.4,40763.102
1704945600000,46502.3,46511.4,45610.1,46096.1,42163.348
1704960000000,46096.1,47171.0,46051.6,47068.5,50256.742
1704974400000,47068.5,49027.5,46488.1,46813.4,278574.629
1704988800000,46813.4,47065.8,45600.0,46698.4,136031.851
1705003200000,46698.4,46973.8,46080.6,46337.8,48908.707
1705017600000,46337.9,46536.2,45900.9,45997.0,37819.707
1705032000000,45997.3,46380.0,45714.2,46002.6,35158.293
1705046400000,46002.6,46280.0,45527.5,45958.0,47922.902
1705060800000,45958.0,46120.0,44360.8,44495.1,122262.686
1705075200000,44495.1,44719.7,43221.1,43497.5,179066.407
1705089600000,43497.4,44000.0,41370.0,42788.9,153713.263
1705104000000,42789.0,42997.0,42445.7,42625.6,39049.139
1705118400000,42625.6,43265.1,42565.9,43102.1,33842.417
1705132800000,43102.1,43255.0,42513.0,42631.9,42897.598
1705147200000,42631.8,43273.4,42509.8,43159.7,44715.766
1705161600000,43159.9,43193.9,42711.5,42791.1,31207.956
1705176000000,42791.1,43067.7,42703.2,42846.4,16024.45
1705190400000,42846.4,42896.9,42651.0,42691.2,17785.043
1705204800000,42691.1,43064.4,42553.0,43012.8,20194.264
1705219200000,43012.8,43096.1,42759.2,42836.8,18481.558
1705233600000,42836.7,43014.3,42710.3,42908.4,18436.804
1705248000000,42908.4,43019.1,42633.2,42665.8,23087.661
1705262400000,42665.8,42755.0,41713.5,41734.9,83111.638
1705276800000,41734.9,42650.0,41720.0,42571.8,36398.917
1705291200000,42572.8,42829.8,42501.6,42713.1,25795.373
1705305600000,42713.1,42784.3,42535.8,42699.9,21197.177
1705320000000,42700.0,42969.0,42156.0,42278.7,57163.469
1705334400000,42278.7,43376.0,42249.1,42989.6,65313.134
1705348800000,42989.6,43114.7,42341.3,42515.0,34191.071
1705363200000,42515.0,42942.0,42466.1,42919.5,22087.986
1705377600000,42919.3,42945.0,42600.5,42788.1,20030.646
1705392000000,42788.5,43164.9,42718.8,42894.9,32133.083
1705406400000,42894.6,43333.0,42050.0,43251.7,121732.82
1705420800000,43251.0,43450.0,42825.5,43164.8,50349.539
1705435200000,43164.8,43589.0,43061.7,43133.0,40873.159
1705449600000,43133.0,43198.0,42838.8,42842.1,20601.204
1705464000000,42842.0,42933.0,42616.0,42654.0,24548.96
1705478400000,42654.0,42855.8,42555.8,42681.0,25131.297
1705492800000,42681.0,42934.9,42355.5,42478.3,68850.505
1705507200000,42478.2,42757.6,42200.0,42617.5,40872.097
1705521600000,42617.6,42869.3,42444.0,42783.4,29392.018
1705536000000,42783.3,42797.0,42515.0,42594.0,15331.957
1705550400000,42594.0,42930.1,42590.0,42918.3,19685.656
1705564800000,42918.3,42932.3,42382.5,42540.0,33804.674
1705579200000,42540.1,42821.4,42351.0,42618.9,41921.482
1705593600000,42619.0,42619.0,40805.2,41014.2,151310.93
1705608000000,41014.2,41366.4,40673.6,41323.1,73026.057
1705622400000,41323.2,41372.0,40739.6,41049.8,36295.221
1705636800000,41049.8,41578.3,41031.3,41282.0,31853.198
1705651200000,41281.9,41518.4,41132.5,41471.7,27935.207
1705665600000,41471.7,41493.0,40718.5,40897.0,67750.17
1705680000000,40897.1,42000.0,40300.0,41818.5,138416.879
1705694400000,41818.6,42197.0,41530.1,41662.2,43691.055
1705708800000,41662.1,41712.0,41458.5,41638.0,18155.851
1705723200000,41638.1,41781.4,41566.3,41652.4,12915.098
1705737600000,41652.4,41672.7,41453.6,41583.6,21012.587
1705752000000,41583.5,41706.5,41480.0,41570.3,18279.36
1705766400000,41570.2,41685.0,41522.0,41638.4,10616.752
1705780800000,41638.4,41883.5,41615.0,41691.8,14886.414
1705795200000,41691.8,41735.0,41624.6,41677.4,7680.812
1705809600000,41677.4,41699.9,41544.0,41648.6,6744.413
1705824000000,41648.5,41826.5,41648.5,41720.9,11294.961
1705838400000,41720.8,41880.9,41600.0,41652.8,17377.056
1705852800000,41652.7,41733.0,41516.0,41721.2,11626.497
1705867200000,41721.2,41820.0,41500.0,41580.0,12311.813
1705881600000,41579.9,41692.3,41050.5,41199.6,40969.062
1705896000000,41199.5,41334.9,40666.0,41042.6,51245.971
1705910400000,41042.7,41050.0,40353.7,40809.4,68960.918
1705924800000,40809.5,41253.7,40333.0,40774.7,82368.763
1705939200000,40775.0,40880.1,39402.0,39812.5,137033.009
1705953600000,39812.6,40360.0,39450.0,39567.0,78446.383
1705968000000,39567.1,40121.2,39508.0,40000.1,32689.795
1705982400000,40000.1,40172.7,39656.8,39773.9,25079.661
1705996800000,39773.9,39862.9,38652.3,38850.1,124825.562
1706011200000,38850.2,39479.2,38545.0,39197.4,104576.943
1706025600000,39197.5,39654.2,38925.6,39140.1,79917.657
1706040000000,39140.1,39898.0,39031.3,39890.0,47283.768
1706054400000,39889.9,40247.0,39563.8,39611.2,49456.12
1706068800000,39611.3,40179.7,39550.0,39979.4,31974.054
1706083200000,39979.5,40560.6,39844.7,40195.2,48695.143
1706097600000,40195.1,40287.8,39754.4,40046.7,62130.902
1706112000000,40046.7,40208.4,39602.0,39797.4,43289.491
1706126400000,39797.4,40171.3,39493.3,40078.7,37208.461
1706140800000,40078.8,40170.0,39901.0,40002.8,20040.925
1706155200000,40002.8,40131.9,39778.3,40119.6,21098.349
1706169600000,40119.6,40300.0,39950.0,40165.5,34021.643
1706184000000,40165.5,40280.0,39605.0,39793.6,57869.103
1706198400000,39793.6,40053.6,39535.3,39982.9,48224.544
1706212800000,39982.9,39987.2,39630.0,39953.3,22474.115
1706227200000,39953.3,40250.0,39813.1,40057.0,24692.913
1706241600000,40057.1,40216.7,39880.9,39956.0,19746.788
1706256000000,39956.0,41350.0,39944.7,41272.0,103031.994
1706270400000,41271.9,41587.3,40890.0,41399.8,86189.487
1706284800000,41399.8,42187.1,41383.8,42046.0,85294.135
1706299200000,42046.1,42239.3,41779.2,41806.4,36463.161
1706313600000,41806.4,41924.0,41681.8,41805.2,16504.25
1706328000000,41805.1,41880.5,41594.0,41699.1,17412.384
1706342400000,41699.0,41786.0,41360.1,41744.7,32118.828
1706356800000,41744.7,41880.0,41689.3,41797.4,15054.687
1706371200000,41797.5,41977.0,41727.0,41896.4,16407.782
1706385600000,41896.5,42187.1,41896.4,42102.2,20939.183
1706400000000,42102.2,42236.9,41908.2,42210.0,22234.237
1706414400000,42210.1,42836.0,42204.0,42369.9,58552.846
1706428800000,42370.0,42688.0,42301.1,42456.6,30902.798
1706443200000,42456.5,42525.0,42130.0,42244.5,30369.168
1706457600000,42244.5,42340.0,41700.0,41770.6,35068.296
1706472000000,41770.6,42067.5,41600.0,42021.2,28609.108
1706486400000,42021.2,42493.0,41865.4,42306.4,30700.241
1706500800000,42306.5,42326.9,41966.2,42040.0,21337.912
1706515200000,42040.0,42368.7,41932.9,42233.3,27133.608
1706529600000,42233.2,42636.0,41768.3,42623.2,57176.087
1706544000000,42623.1,43298.0,42495.7,42986.7,90725.291
1706558400000,42986.8,43340.8,42966.5,43287.7,22428.971
1706572800000,43287.6,43798.2,43111.3,43502.9,48884.945
1706587200000,43502.8,43554.1,43238.0,43346.6,21202.78
1706601600000,43346.7,43548.0,43200.4,43513.4,23711.395
1706616000000,43513.3,43888.0,43092.0,43355.5,80242.404
1706630400000,43355.4,43584.1,43197.7,43525.1,34144.187
1706644800000,43525.1,43750.0,42665.6,42918.3,49397.073
1706659200000,42918.3,43090.0,42634.3,42918.0,33334.684
1706673600000,42918.1,43075.7,42854.7,43031.6,16041.567
1706688000000,43031.5,43077.0,42341.0,42630.2,46489.446
1706702400000,42630.2,43460.0,42503.3,43341.8,75301.219
1706716800000,43341.9,43748.6,43022.3,43316.4,71465.065
1706731200000,43316.3,43348.9,42257.6,42560.5,70437.129
1706745600000,42560.5,42674.9,41866.8,41998.0,51692.193
1706760000000,41998.0,42292.1,41877.0,42182.2,25471.968
1706774400000,42182.3,42323.6,42028.8,42075.9,23431.07
1706788800000,42075.8,42936.6,41926.3,42500.1,75085.797
1706803200000,42500.0,43288.0,42350.0,43206.3,70649.68
1706817600000,43206.3,43278.4,42856.1,43072.6,27990.399
1706832000000,43072.6,43430.0,43005.6,43018.1,26305.244
1706846400000,43018.0,43262.9,42926.4,43076.0,20847.054
1706860800000,43076.0,43191.0,42923.1,43136.8,20151.439
1706875200000,43136.9,43250.0,42512.7,43222.9,72050.288
1706889600000,43222.9,43480.0,42756.1,43044.1,50790.883
1706904000000,43044.2,43221.0,42877.0,43182.0,15622.666
1706918400000,43182.0,43372.2,43119.2,43155.3,17970.113
1706932800000,43155.3,43207.0,43017.0,43037.1,10385.215
1706947200000,43037.1,43110.3,42950.6,42978.0,13257.767
1706961600000,42977.9,43181.3,42858.3,43097.4,18618.511
1706976000000,43097.5,43264.3,43000.0,43046.8,20172.048
1706990400000,43046.8,43088.0,42925.9,42992.4,9331.566
1707004800000,42992.4,43055.0,42871.5,43015.7,9837.114
1707019200000,43015.7,43018.7,42702.4,42822.9,18170.104
1707033600000,42822.8,43112.1,42721.8,43041.6,18845.925
1707048000000,43041.6,43104.9,42820.1,42926.7,18482.552
1707062400000,42926.7,42960.0,42550.0,42623.9,23294.154
1707076800000,42623.9,42977.2,42176.7,42570.3,38791.699
1707091200000,42570.3,42722.0,42235.1,42708.0,27676.486
1707105600000,42707.9,43168.4,42622.8,43059.0,34225.188
1707120000000,43058.9,43264.2,42936.0,43180.8,30502.017
1707134400000,43180.8,43580.0,42580.0,42629.7,72798.166
1707148800000,42629.7,42873.2,42470.2,42757.4,40062.466
1707163200000,42757.4,42789.1,42311.2,42692.9,35391.226
1707177600000,42692.9,42941.1,42559.8,42829.8,24494.62
1707192000000,42829.9,42911.0,42634.1,42870.0,18799.089
1707206400000,42870.0,43110.0,42650.7,42814.3,44085.411
1707220800000,42814.3,43266.4,42631.0,43232.0,49858.046
1707235200000,43232.0,43378.8,42980.8,43261.7,39099.122
1707249600000,43261.7,43312.3,43000.2,43079.1,19821.355
1707264000000,43079.1,43179.6,42763.4,42783.0,20587.882
1707278400000,42783.1,43035.7,42775.0,42904.8,17271.048
1707292800000,42904.9,43191.2,42813.6,42917.4,26488.098
1707307200000,42917.3,43314.9,42864.8,43057.8,44451.179
1707321600000,43057.7,43708.2,42992.2,43596.1,65950.629
1707336000000,43596.2,44388.0,43596.1,44326.2,77308.872
1707350400000,44326.3,44795.1,44306.8,44523.6,57010.272
1707364800000,44523.5,44618.8,44405.0,44500.8,18349.14
1707379200000,44500.8,44884.3,44496.5,44677.9,40028.987
1707393600000,44677.9,45450.0,44580.4,45406.3,91951.672
1707408000000,45406.4,45488.0,44878.0,45260.1,56549.404
1707422400000,45260.2,45600.0,45200.0,45269.1,35848.813
1707436800000,45269.2,46444.0,45218.1,46046.5,72986.429
1707451200000,46046.5,46424.4,45830.1,46185.1,44347.5
1707465600000,46185.1,47290.0,46183.4,47155.9,92742.899
1707480000000,47155.9,47699.5,46638.6,47136.9,162167.146
1707494400000,47137.0,48230.3,47110.3,47486.2,110312.265
1707508800000,47486.3,47671.7,47020.1,47116.1,37363.18
1707523200000,47116.1,47489.9,47025.6,47366.9,24916.31
1707537600000,47366.9,47418.3,47125.0,47130.5,14281.105
1707552000000,47130.6,47258.3,46836.4,47172.8,34605.176
1707566400000,47172.7,47377.0,47083.8,47332.0,24261.183
1707580800000,47331.9,47650.0,47139.0,47511.2,26043.207
1707595200000,47511.3,48189.6,47436.9,47732.6,55519.623
1707609600000,47732.6,48571.4,47539.4,48517.1,49007.905
1707624000000,48517.6,48600.0,48048.2,48169.6,36963.858
1707638400000,48169.5,48439.5,47912.1,48403.7,29479.277
1707652800000,48403.7,48469.3,47914.1,48140.8,37614.01
1707667200000,48140.7,48401.1,47938.0,48282.4,30963.158
1707681600000,48282.3,48379.9,47961.0,48303.4,25923.418
1707696000000,48303.4,48846.0,48001.0,48138.6,52738.429
1707710400000,48138.7,48389.6,47702.0,48213.0,35030.414
1707724800000,48213.0,48323.1,47711.0,47906.0,37963.976
1707739200000,47905.9,49965.3,47841.6,49925.4,141835.936
1707753600000,49925.5,50413.2,49411.6,49545.9,135900.154
1707768000000,49545.9,50293.9,49545.8,49943.6,47426.293
1707782400000,49943.6,50428.8,49754.4,49813.8,40575.467
1707796800000,49813.9,50143.6,49810.0,50019.9,23299.694
1707811200000,50019.8,50290.0,49651.0,50004.0,47417.718
1707825600000,50003.9,50009.3,48356.0,48753.1,162559.433
1707840000000,48753.2,49279.3,48301.0,49044.9,68146.465
1707854400000,49045.0,49783.5,49016.2,49696.4,40349.308
1707868800000,49696.4,49717.3,49320.9,49524.4,20833.112
1707883200000,49524.5,49900.0,49215.7,49845.0,29061.916
1707897600000,49844.9,51829.1,49742.4,51601.2,146804.756
1707912000000,51601.1,52100.0,51302.0,51616.4,113215.908
1707926400000,51616.5,51777.0,51217.7,51707.5,56012.926
1707940800000,51707.5,51924.7,51483.0,51823.2,29263.173
1707955200000,51823.1,52568.3,51732.6,52379.9,75753.234
1707969600000,52379.9,52400.1,51651.0,51802.4,40228.865
1707984000000,51802.5,52549.5,51666.0,52359.1,46926.241
1707998400000,52359.0,52859.0,51750.0,51968.7,116996.891
1708012800000,51968.6,52419.1,51658.0,52022.0,62622.289
1708027200000,52022.1,52035.3,51334.9,51898.5,50197.083
1708041600000,51898.4,52376.1,51824.5,52309.9,31836.617
1708056000000,52309.8,52372.6,51758.0,51786.4,29981.292
1708070400000,51786.4,52470.6,51611.7,52241.1,50737.158
1708084800000,52241.2,52623.0,51623.2,51909.3,87726.02
1708099200000,51909.2,52284.3,51665.4,51780.2,40535.044
1708113600000,51780.2,52245.1,51697.3,52148.6,19003.662
1708128000000,52148.7,52192.8,51870.0,51993.6,12597.447
1708142400000,51993.6,52093.2,51811.0,51933.9,11156.397
1708156800000,51933.9,51934.0,51521.4,51723.7,35256.919
1708171200000,51723.7,51777.0,50647.5,51013.4,93063.831
1708185600000,51013.4,51482.4,50770.8,51428.8,32817.244
1708200000000,51428.2,52109.0,51331.0,51679.4,37450.167
1708214400000,51679.5,51841.4,51178.0,51518.0,27895.491
1708228800000,51518.0,51785.2,51435.1,51703.7,21066.913
1708243200000,51703.7,52107.3,51677.5,51861.1,28696.465
1708257600000,51861.1,51985.9,51563.3,51808.9,27165.839
1708272000000,51809.0,52013.5,51670.1,51791.5,20771.59
1708286400000,51791.6,52450.0,51616.5,52175.9,41040.128
1708300800000,52175.9,52490.0,51933.1,52104.0,25668.051
1708315200000,52104.0,52532.9,52023.4,52423.9,30265.979
1708329600000,52424.0,52495.0,52088.7,52375.9,30014.308
1708344000000,52375.9,52509.1,52051.0,52157.5,37244.59
1708358400000,52157.5,52270.0,51688.8,51851.6,49343.04
1708372800000,51851.6,52148.6,51722.0,51813.8,23852.01
1708387200000,51813.7,51872.2,51330.5,51608.9,35595.672
1708401600000,51608.8,52077.0,51533.1,51869.2,24747.893
1708416000000,51869.2,52443.7,51584.9,52325.8,54336.122
1708430400000,52325.9,53090.9,51367.6,51712.7,151276.089
1708444800000,51712.7,52166.2,50788.0,52131.3,82490.556
1708459200000,52131.2,52561.8,51918.0,52297.4,40466.732
1708473600000,52297.3,52402.3,52021.0,52042.5,18699.387
1708488000000,52042.4,52155.1,51510.0,51599.9,35816.397
1708502400000,51599.9,51835.6,50826.2,50988.1,71637.392
1708516800000,50988.2,51468.0,50528.4,51183.7,85217.852
1708531200000,51183.6,51459.5,50663.0,51082.0,52037.079
1708545600000,51081.9,51991.2,50884.3,51877.8,44719.194
1708560000000,51877.9,51911.6,51176.8,51612.1,31802.892
1708574400000,51612.1,51949.1,51376.7,51860.6,29514.518
1708588800000,51860.6,52078.0,51555.7,51659.2,38151.534
1708603200000,51659.1,51766.0,50967.5,51630.0,65259.7
1708617600000,51630.0,51785.8,51424.0,51547.0,29668.492
1708632000000,51546.9,52130.8,51203.7,51316.9,49747.511
1708646400000,51316.9,51576.3,50989.9,51129.7,28843.394
1708660800000,51129.8,51352.6,50900.2,50952.3,26692.668
1708675200000,50952.3,51300.0,50862.3,51254.1,33220.181
1708689600000,51254.1,51372.3,50804.4,50938.1,57952.033
1708704000000,50938.2,51228.6,50652.9,51131.0,40579.172
1708718400000,51130.9,51187.6,50512.7,50771.9,28187.114
1708732800000,50771.9,50934.9,50611.4,50878.2,19923.319
1708747200000,50878.2,51133.3,50856.1,51099.8,15404.691
1708761600000,51099.8,51195.0,50965.0,51151.9,11282.592
1708776000000,51151.8,51204.2,51053.3,51124.6,10274.88
1708790400000,51124.7,51736.6,51117.1,51590.0,35543.963
1708804800000,51589.9,51712.5,51474.4,51602.1,12515.012
1708819200000,51602.1,51949.8,51465.5,51654.2,23934.575
1708833600000,51654.1,51853.2,51530.3,51756.8,13597.975
1708848000000,51756.9,51817.0,51550.0,51672.3,13141.489
1708862400000,51672.3,51828.4,51465.0,51547.8,20815.578
1708876800000,51547.9,51780.0,51300.4,51708.0,24842.382
1708891200000,51707.9,52050.0,51681.3,51764.9,25845.261
1708905600000,51764.9,51846.1,51431.0,51596.1,17085.81
1708920000000,51596.1,51645.0,51320.0,51327.5,13813.271
1708934400000,51327.5,51429.1,50922.5,51126.4,38647.704
1708948800000,51126.3,52885.5,50990.0,52872.3,99983.07
1708963200000,52872.2,54599.9,52777.2,54531.3,155069.11
1708977600000,54531.2,54991.8,54321.0,54511.6,68867.266
1708992000000,54511.7,57780.0,54495.0,55774.3,144626.561
1709006400000,55773.1,56497.0,55655.0,56100.0,56194.932
1709020800000,56100.1,56879.9,56075.6,56581.4,49250.279
1709035200000,56581.4,57494.3,56501.9,56775.0,134488.874
1709049600000,56775.1,57679.5,56231.0,57390.7,85549.812
1709064000000,57390.7,57415.4,56625.3,57074.5,41365.077
1709078400000,57074.5,57150.4,56730.1,56963.3,19741.359
1709092800000,56963.3,58472.8,56932.2,58300.0,61816.05
1709107200000,58299.9,59589.0,58226.9,58997.4,171926.592
1709121600000,58997.4,61437.4,58940.8,61000.0,230822.903
1709136000000,61000.0,64300.0,59000.0,61032.8,422227.2
1709150400000,61032.8,62710.0,59840.5,62487.9,103584.338
1709164800000,62487.9,62508.4,61105.2,61638.6,67555.583
1709179200000,61638.6,63762.8,61408.3,62761.5,104934.082
1709193600000,62761.6,63460.8,62151.1,63019.8,74702.902
1709208000000,63019.8,63599.9,62050.0,62809.1,104765.172
1709222400000,62809.1,62952.4,60452.0,61681.8,150952.986
1709236800000,61681.7,62345.7,60619.7,61203.3,81803.158
1709251200000,61203.3,61842.2,60844.8,61183.4,34861.575
1709265600000,61183.4,61856.7,61135.0,61485.8,30538.809
1709280000000,61485.9,62332.0,61385.5,61927.7,41673.153
1709294400000,61927.7,62750.0,61200.0,61335.3,78663.84
1709308800000,61335.4,62556.3,61312.1,62270.5,54171.773
1709323200000,62270.5,63199.0,62270.5,62430.6,59322.677
1709337600000,62430.6,62513.1,62004.0,62374.3,28442.554
1709352000000,62374.4,62380.0,61820.0,62071.9,30783.238
1709366400000,62071.9,62217.7,61711.5,61900.0,28774.711
1709380800000,61900.0,62248.2,61605.0,61834.5,34361.163
1709395200000,61834.5,62189.6,61700.0,62185.3,16953.447
1709409600000,62185.3,62276.6,61720.0,62039.9,19968.516
1709424000000,62039.9,62072.4,61700.0,61997.1,15651.137
1709438400000,61997.1,62181.2,61339.5,61641.0,34331.807
1709452800000,61641.0,61963.0,61452.3,61900.0,24394.336
1709467200000,61900.0,62720.0,61885.6,62210.7,54827.945
1709481600000,62210.8,63079.0,62141.0,62797.1,39358.189
1709496000000,62797.1,63330.9,62639.0,63178.5,31749.089
1709510400000,63178.5,64429.3,62299.0,63523.9,106338.61
1709524800000,63524.0,64390.2,63249.1,64120.6,37940.673
1709539200000,64120.6,65717.4,64078.2,65314.0,115160.424
1709553600000,65313.9,66666.6,64566.3,66505.4,119953.81
1709568000000,66505.4,67648.6,66100.0,67483.2,139133.923
1709582400000,67483.2,68600.0,66813.1,68296.4,114354.704
1709596800000,68296.5,68824.7,67616.2,68203.8,79528.678
1709611200000,68203.7,68484.5,65021.1,66223.8,124817.283
1709625600000,66223.8,67290.3,65600.0,66749.0,71036.114
1709640000000,66749.1,69350.0,66484.0,66841.3,197493.725
1709654400000,66839.8,67096.5,59112.0,61510.2,379422.284
1709668800000,61497.3,64393.9,61202.3,63747.4,200727.048
1709683200000,63747.5,64186.0,62829.3,63323.6,54565.237
1709697600000,63323.6,66846.6,63313.3,66759.4,108137.773
1709712000000,66759.3,67729.5,66117.4,67383.9,94868.205
1709726400000,67383.9,67689.8,64615.5,66541.3,173035.007
1709740800000,66541.3,67570.0,66275.0,66803.5,63884.768
1709755200000,66803.5,67425.2,65750.6,66128.1,39520.823
1709769600000,66128.0,66539.0,65609.3,65914.9,35529.364
1709784000000,65915.0,66536.1,65702.8,66447.8,35034.81
1709798400000,66447.8,67350.0,66404.2,66974.9,48238.41
1709812800000,66975.0,67994.0,66588.0,67317.1,84112.593
1709827200000,67317.2,68101.3,67068.5,67559.3,56791.611
1709841600000,67559.4,67974.8,66852.1,66870.0,36386.0
1709856000000,66870.0,67339.6,66800.0,67219.9,23836.852
1709870400000,67220.0,67719.3,66818.1,67308.5,27850.418
1709884800000,67308.5,67838.0,67093.0,67822.0,27365.479
1709899200000,67821.5,70330.8,67219.4,67685.8,168389.285
1709913600000,67685.8,68922.0,66120.0,68922.0,152017.882
1709928000000,68921.9,69447.0,67820.0,68180.2,59927.291
1709942400000,68180.2,68343.9,67908.7,68297.1,17481.31
1709956800000,68297.2,68608.7,68179.3,68336.3,15255.702
1709971200000,68336.3,68530.5,67996.0,68360.3,22150.292
1709985600000,68360.3,68580.0,68125.4,68341.6,18353.712
1710000000000,68341.5,68391.8,68050.0,68255.0,12015.249
1710014400000,68255.0,68497.8,68254.9,68360.1,9642.74
1710028800000,68360.2,69344.0,68262.5,69208.1,44236.817
1710043200000,69208.0,69780.0,69099.1,69430.0,30333.559
1710057600000,69429.9,69999.8,69227.3,69639.5,47002.381
1710072000000,69639.6,69937.7,68672.9,69254.7,50095.129
1710086400000,69254.6,69845.9,69168.9,69465.0,23895.198
1710100800000,69465.1,69522.7,68155.0,69001.8,38033.439
1710115200000,69001.8,69016.3,67000.0,68657.4,69458.296
1710129600000,68657.4,71537.7,68502.4,71223.8,114734.582
1710144000000,71223.9,72346.3,71211.5,71558.6,97544.481
1710158400000,71558.6,72772.5,71405.2,72061.4,98754.823
1710172800000,72061.3,72890.0,71800.0,72041.3,63972.169
1710187200000,72041.3,72850.0,71884.7,72153.8,29932.546
1710201600000,72153.9,72571.0,71300.0,71673.4,37698.804
1710216000000,71673.3,72425.0,71342.0,72175.5,45975.945
1710230400000,72175.6,72461.4,71438.5,72098.7,39679.087
1710244800000,72098.7,73370.0,70777.7,71779.2,129025.702
1710259200000,71779.2,71910.0,68600.0,71403.1,182962.502
1710273600000,71403.0,71623.3,70623.8,71503.2,36730.291
1710288000000,71503.3,72300.0,71388.1,72135.8,30308.014
1710302400000,72135.8,73311.7,71990.0,72964.0,48978.929
1710316800000,72964.1,73755.0,72934.1,73149.9,50161.327
1710331200000,73149.8,73276.9,71671.1,72670.2,97371.457
1710345600000,72670.2,73421.6,72410.6,73399.9,39746.775
1710360000000,73399.9,73485.1,72883.2,73127.6,21879.836
1710374400000,73127.6,73385.0,72540.5,73333.3,26763.274
1710388800000,73333.3,73881.4,72720.0,73280.7,54976.316
1710403200000,73280.7,73598.0,72678.0,72939.4,34164.114
1710417600000,72939.4,73115.5,70563.0,70904.5,145808.719
1710432000000,70904.5,71548.0,68600.0,69500.4,179635.464
1710446400000,69500.4,71785.0,69392.1,71455.5,72553.35
1710460800000,71455.6,72500.0,66660.1,68266.0,183221.843
1710475200000,68266.0,68910.5,66905.0,68487.4,112860.506
1710489600000,68487.4,68665.5,65580.0,67818.3,161336.026
1710504000000,67818.3,68777.0,67444.9,68199.2,74867.568
1710518400000,68199.2,70715.9,67568.0,69003.0,108426.144
1710532800000,69002.9,69813.6,67420.0,69552.2,65098.598
1710547200000,69552.1,70097.6,68967.1,69247.6,36440.378
1710561600000,69247.6,69527.6,68646.0,69490.2,25526.924
1710576000000,69490.2,69490.2,67739.6,68300.1,43345.593
1710590400000,68300.0,68557.6,67576.0,68431.8,47936.852
1710604800000,68431.9,68477.0,66700.0,66969.1,75874.402
1710619200000,66969.1,67600.0,64750.0,65351.0,104301.98
1710633600000,65351.0,66630.7,65166.6,66574.4,54153.223
1710648000000,66574.5,66600.0,64559.8,65681.2,70177.078
1710662400000,65681.1,67600.0,65333.0,67015.0,66619.301
1710676800000,67014.9,68199.0,66500.0,68009.8,57971.821
1710691200000,68009.9,68757.1,67812.2,68575.5,36619.508
1710705600000,68575.5,68972.4,68001.6,68447.9,29349.378
1710720000000,68447.9,68486.6,66814.6,68038.1,53949.744
1710734400000,68038.1,69044.4,67760.1,68262.9,37297.925
1710748800000,68262.9,68557.9,67350.6,68307.7,45501.817
1710763200000,68307.6,68685.3,66658.0,67509.2,93123.928
1710777600000,67509.2,68140.0,66601.6,66985.7,60098.513
1710792000000,66985.8,68054.9,66985.8,67660.0,27913.989
1710806400000,67660.0,68178.6,64893.1,65930.5,118043.87
1710820800000,65930.4,66044.0,63625.0,64742.1,114699.638
1710835200000,64742.1,64750.0,62545.0,63137.1,148646.191
1710849600000,63137.1,64198.7,62412.1,64084.0,120209.988
1710864000000,64084.1,65802.8,64003.0,64435.0,107528.517
1710878400000,64435.0,64549.2,61582.8,61974.1,91338.591
1710892800000,61974.1,63544.1,61661.7,61894.8,101026.897
1710907200000,61896.3,63248.8,60800.0,62995.1,111380.629
1710921600000,62995.1,64010.0,62676.6,63432.0,70517.139
1710936000000,63432.0,64450.0,63113.6,63649.0,93735.674
1710950400000,63648.9,66062.4,62057.7,65821.6,160980.964
1710964800000,65821.6,68140.0,65692.3,67876.4,99721.162
1710979200000,67876.4,68293.9,66400.4,66707.8,56126.971
1710993600000,66707.8,67384.6,66129.0,67031.8,51815.644
1711008000000,67031.8,67716.6,66695.6,67082.3,40706.816
1711022400000,67082.3,67774.3,66105.8,66601.6,72640.997
1711036800000,66601.6,67066.6,64924.6,65276.0,75882.498
1711051200000,65274.3,66000.0,64550.1,65539.9,50045.459
1711065600000,65539.9,66200.0,65163.0,66017.8,39257.301
1711080000000,66017.8,66691.9,65801.4,66223.4,28624.153
1711094400000,66223.3,66413.0,64102.0,64268.0,64282.856
1711108800000,64268.1,64729.1,62614.5,63920.0,142184.833
1711123200000,63920.0,64168.0,62794.6,63907.2,67901.638
1711137600000,63907.4,64017.1,62294.0,63826.0,58898.552
1711152000000,63826.1,64418.0,63020.2,63592.0,45171.862
1711166400000,63592.0,64887.6,63537.8,64606.5,38575.356
1711180800000,64606.6,64875.2,64221.3,64674.9,30575.575
1711195200000,64674.8,65473.8,64320.0,65147.5,50015.088
1711209600000,65147.4,66050.0,64823.5,64917.9,46298.247
1711224000000,64918.0,65245.3,63861.9,64020.3,28487.872
1711238400000,64020.4,64770.3,63951.7,64007.6,26955.583
1711252800000,64008.1,64633.6,63822.0,64624.6,26527.085
1711267200000,64624.6,65432.9,64511.9,65371.9,38847.042
1711281600000,65371.9,65974.7,65224.7,65718.6,42167.269
1711296000000,65718.6,66127.0,64635.0,65886.8,54566.413
1711310400000,65886.8,67700.0,65777.3,67260.9,55116.043
1711324800000,67260.9,67409.6,66427.6,67407.8,38631.742
1711339200000,67407.8,67780.0,66744.0,66866.6,38989.057
1711353600000,66866.5,67388.3,66784.2,66855.9,29696.402
1711368000000,66855.1,70108.1,66825.5,69844.6,140201.921
1711382400000,69844.5,71063.6,69505.8,71019.6,87615.027
1711396800000,71019.6,71228.3,69608.9,69920.5,60022.042
1711411200000,69920.6,70679.0,69782.2,70473.8,30683.177
1711425600000,70473.7,71649.0,70302.4,70535.0,50356.28
1711440000000,70535.0,71340.8,70295.9,70734.2,44137.268
1711454400000,70734.1,71200.0,69320.0,70307.1,101981.595
1711468800000,70307.0,70580.0,69465.2,69523.3,54669.999
1711483200000,69523.2,70368.0,69420.0,70044.1,26032.797
1711497600000,70044.2,70799.3,69888.0,70445.1,35628.422
1711512000000,70445.2,70650.0,69690.1,69798.8,31346.5
1711526400000,69797.5,70436.6,69466.4,70290.3,38869.095
1711540800000,70290.2,71888.0,68551.0,68922.0,202602.158
1711555200000,68922.1,69487.8,68364.8,68707.8,69700.95
1711569600000,68707.7,69703.7,68677.2,69532.6,29139.449
1711584000000,69532.6,70081.9,68941.0,69349.3,31861.746
1711598400000,69349.3,70564.0,69333.0,70456.8,37488.507
1711612800000,70457.0,71050.0,70344.9,70707.7,42713.479
1711627200000,70707.7,71636.2,70411.0,71335.1,78369.544
1711641600000,71335.2,71381.4,70455.6,70837.1,33522.126
1711656000000,70837.1,71138.0,70592.3,70838.7,18015.42
1711670400000,70838.8,70976.9,70335.1,70491.8,18384.635
1711684800000,70491.7,70598.5,69801.9,69855.6,30990.097
1711699200000,69855.6,70379.9,69612.8,70182.9,36337.211
1711713600000,70183.0,70704.8,69000.0,69240.1,60730.386
1711728000000,69240.4,69734.6,69125.4,69720.6,26131.25
1711742400000,69720.5,69970.1,69327.0,69903.6,15397.262
1711756800000,69903.6,70245.0,69753.3,69836.8,17158.879
1711771200000,69836.8,70388.0,69805.1,69900.1,18320.399
1711785600000,69900.2,70254.7,69872.3,70237.1,14184.529
1711800000000,70237.1,70328.0,69961.3,70064.9,13327.59
1711814400000,70065.0,70373.8,69712.3,69944.7,16241.65
1711828800000,69944.7,69959.0,69577.2,69642.1,11893.703
1711843200000,69642.0,70224.2,69608.0,69980.8,16822.223
1711857600000,69980.9,70555.6,69928.0,70366.5,19570.18
1711872000000,70367.5,70549.5,70200.0,70442.6,12809.761
1711886400000,70442.6,70824.0,70329.6,70446.2,25610.054
1711900800000,70446.2,71383.2,70387.8,71135.1,33030.26
1711915200000,71135.1,71495.5,70711.0,71363.0,24616.312
1711929600000,71363.0,71388.0,70588.0,70650.1,21815.323
1711944000000,70650.0,70727.2,68895.5,69637.0,70969.124
1711958400000,69637.0,69868.9,69222.0,69520.4,29105.42
1711972800000,69520.4,70145.0,68210.0,68281.0,83634.103
1711987200000,68280.9,69866.1,68103.3,69682.1,53164.149
1712001600000,69682.2,69949.0,69361.0,69700.0,24124.007
1712016000000,69700.0,69731.6,65600.0,66734.1,118225.311
1712030400000,66734.1,67157.0,66150.0,66503.3,55086.316
1712044800000,66503.4,66748.0,65108.0,65684.2,101124.889
1712059200000,65684.2,66289.0,64650.0,64928.3,121001.846
1712073600000,64928.2,66225.2,64603.2,65946.8,70323.338
1712088000000,65946.8,66147.1,65223.3,65505.3,33279.872
1712102400000,65502.4,66341.8,64500.0,66252.2,60445.956
1712116800000,66252.2,66550.0,65955.0,66181.1,31478.147
1712131200000,66181.2,66696.5,65555.0,66094.3,47333.798
1712145600000,66094.2,66940.0,65661.0,65873.9,67186.665
1712160000000,65873.9,66624.0,65451.1,65798.8,45312.02
1712174400000,65798.8,66324.0,65500.1,65971.9,23284.644
1712188800000,65971.8,66375.8,65451.3,65637.2,30274.072
1712203200000,65637.2,66307.0,65100.0,66104.8,39140.486
1712217600000,66104.7,66500.0,66036.0,66361.5,24461.347
1712232000000,66361.5,67916.0,66336.6,67631.8,75527.215
1712246400000,67631.7,69329.7,67514.7,68484.0,97105.541
1712260800000,68483.9,68581.0,67291.3,68489.9,59876.677
1712275200000,68489.8,68787.1,67420.2,67885.4,37413.887
1712289600000,67885.5,68051.4,66376.0,66937.4,50688.326
1712304000000,66937.4,67700.0,66388.4,66502.8,56234.546
1712318400000,66502.8,68585.9,65966.0,68201.5,110822.813
1712332800000,68200.0,68388.1,67326.6,67400.0,41415.268
1712347200000,67400.0,67977.0,67333.3,67825.7,16972.453
1712361600000,67825.8,68074.8,67450.0,67793.3,18480.422
1712376000000,67793.4,68240.1,67601.0,67985.1,17391.704
1712390400000,67985.1,68129.0,67610.0,67655.0,15249.245
1712404800000,67654.9,68320.0,67525.0,68094.0,21939.242
1712419200000,68094.0,68490.1,67923.4,68259.5,18317.958
1712433600000,68259.4,69708.0,68158.5,68901.6,35965.155
1712448000000,68901.5,69800.0,68820.6,69402.1,30693.366
1712462400000,69402.2,69499.5,69055.1,69367.4,17331.856
1712476800000,69367.3,69579.2,69198.3,69366.1,15464.263
1712491200000,69366.2,69921.3,69215.1,69567.9,33660.142
1712505600000,69567.9,70395.0,68881.3,69089.9,54047.41
1712520000000,69090.0,69492.9,68900.9,69362.7,20586.399
1712534400000,69362.7,69898.0,69040.4,69484.9,26553.497
1712548800000,69485.0,70917.0,69296.6,70745.4,40704.221
1712563200000,70745.4,72753.6,70677.6,72472.6,110069.526
1712577600000,72472.6,72890.4,71276.0,71815.7,70417.438
1712592000000,71815.7,72171.6,71338.3,71807.2,34303.61
1712606400000,71807.3,72077.3,71552.5,71678.4,15189.157
1712620800000,71678.3,71820.6,70900.0,71339.0,33623.357
1712635200000,71339.0,71399.9,70160.0,70444.0,48492.765
1712649600000,70444.1,70961.0,69536.8,70858.3,66018.368
1712664000000,70858.2,71048.3,68538.0,69322.8,113450.195
1712678400000,69322.8,69369.9,68216.0,69049.7,54110.638
1712692800000,69049.6,69473.4,68913.2,69189.3,18364.08
1712707200000,69189.2,69650.0,68514.0,69193.1,38460.266
1712721600000,69193.2,69564.0,69049.0,69381.6,19061.143
1712736000000,69381.6,69381.6,68662.7,69094.7,32864.25
1712750400000,69094.8,69275.1,67546.2,68687.9,125630.717
1712764800000,68688.0,70130.0,68585.0,70121.0,71230.063
1712779200000,70120.3,71412.2,69613.4,70681.7,50528.317
1712793600000,70681.8,71128.8,70340.0,70900.5,25776.252
1712808000000,70900.5,71387.4,70421.0,70789.1,32669.624
1712822400000,70789.1,71337.8,69921.1,70043.3,45863.876
1712836800000,70043.4,71160.0,69592.6,70045.9,96654.864
1712851200000,70045.9,70577.7,69608.1,70491.4,34983.242
1712865600000,70491.3,70806.4,69800.0,70055.7,20246.295
1712880000000,70055.6,71071.4,70044.4,71034.3,28772.522
1712894400000,71034.3,71297.0,70633.6,70825.9,25196.369
1712908800000,70825.9,71038.9,70552.9,70950.9,21288.038
1712923200000,70950.9,71028.0,69267.0,69374.1,82025.367
1712937600000,69374.0,69626.7,65102.0,66867.5,220063.11
1712952000000,66867.6,67498.7,66695.1,67136.4,38182.743
1712966400000,67136.4,67200.0,65754.6,67188.4,55177.302
1712980800000,67188.5,67975.4,67039.3,67466.1,42109.713
1712995200000,67466.1,67842.9,67116.9,67377.0,23444.783
1713009600000,67377.1,67954.0,67175.0,67683.2,29542.422
1713024000000,67683.2,67770.0,63530.0,64779.1,107653.08
1713038400000,64779.1,65667.7,59652.5,63939.7,257077.903
1713052800000,63939.7,64297.1,62139.3,63428.7,88650.039
1713067200000,63428.5,64869.0,63383.3,64449.9,50112.447
1713081600000,64449.9,64891.6,63850.0,64150.2,40232.475
1713096000000,64150.2,64846.1,63428.6,64163.3,59925.363
1713110400000,64163.3,64733.0,62550.0,64146.0,92113.232
1713124800000,64146.0,65822.1,63300.0,65615.9,64736.577
1713139200000,65615.9,65842.8,64903.1,65107.9,35393.543
1713153600000,65108.0,66550.0,64649.2,66224.8,53589.263
1713168000000,66224.9,66874.9,65801.0,65848.6,41279.881
1713182400000,65848.6,66369.7,63800.0,64552.8,94952.165
1713196800000,64552.6,64848.8,62242.5,63269.9,113636.279
1713211200000,63269.9,63610.3,62606.0,63392.7,42681.094
1713225600000,63392.8,63879.6,62711.0,62937.6,43701.669
1713240000000,62937.6,63786.3,61651.8,63487.9,68412.564
1713254400000,63488.0,63646.9,61521.0,63064.6,80931.579
1713268800000,63064.6,63399.7,61704.7,61749.2,98458.37
1713283200000,61749.2,63277.1,61680.0,62691.0,73768.751
1713297600000,62690.9,64356.3,62519.3,63765.0,40658.506
1713312000000,63764.9,64283.3,63541.7,63806.0,28336.977
1713326400000,63806.1,64483.3,63170.5,63260.8,36161.176
1713340800000,63260.7,63562.7,62490.0,62576.9,41805.835
1713355200000,62576.8,62957.2,59713.2,60272.0,180202.594
1713369600000,60274.0,61938.0,59625.0,60997.2,122038.404
1713384000000,60997.1,61743.7,60741.3,61254.5,35488.006
1713398400000,61254.5,62194.8,60900.0,61953.5,39391.28
1713412800000,61953.6,62048.0,60763.8,61154.7,45077.119
1713427200000,61154.6,63049.9,60824.2,62563.0,60982.513
1713441600000,62563.0,64100.0,61558.0,63474.0,118803.773
1713456000000,63473.9,63857.5,62268.4,63438.0,68984.116
1713470400000,63437.3,63815.6,63123.3,63445.0,30063.593
1713484800000,63445.0,63449.9,59541.0,61757.1,162327.211
1713499200000,61757.1,65189.0,61701.3,64519.6,132400.625
1713513600000,64519.5,65480.0,64088.1,64839.8,79968.568
1713528000000,64839.8,65420.5,63779.7,64417.7,83821.582
1713542400000,64417.6,64823.6,63477.5,64307.2,67738.532
1713556800000,64307.2,64478.8,62910.0,63787.4,48007.54
1713571200000,63787.4,64236.2,63045.1,63931.8,41252.775
1713585600000,63931.8,64244.0,63779.9,63937.9,19125.163
1713600000000,63938.0,63967.2,63244.0,63688.7,35323.02
1713614400000,63688.7,64940.0,63537.3,64771.0,33816.236
1713628800000,64771.0,65400.0,64421.8,64834.7,50097.196
1713643200000,64834.8,65013.0,64513.1,64897.2,17527.872
1713657600000,64897.2,65678.7,64570.5,65131.2,30568.361
1713672000000,65131.3,65216.3,64803.1,65109.8,17902.665
1713686400000,65109.8,65425.0,64728.3,65203.5,25335.64
1713700800000,65203.5,65362.3,64743.7,65015.0,24230.119
1713715200000,65014.9,65068.7,64214.2,64506.9,37769.782
1713729600000,64507.0,65242.0,64322.7,64912.6,24727.381
1713744000000,64912.7,66101.0,64470.5,65677.6,56789.099
1713758400000,65677.5,66449.0,65466.6,65943.7,41069.709
1713772800000,65943.8,66180.0,65664.6,65856.2,23493.116
1713787200000,65856.1,66449.0,65600.7,65966.8,49814.265
1713801600000,65966.8,66819.6,65866.8,66495.6,43140.787
1713816000000,66495.6,67222.0,66300.1,66778.0,31961.435
1713830400000,66777.9,67158.9,66383.5,66410.1,25070.758
1713844800000,66410.0,66627.6,65988.0,66079.9,27576.254
1713859200000,66079.9,66297.0,65812.0,66023.5,24977.278
1713873600000,66023.5,67099.7,65750.0,66393.2,59203.747
1713888000000,66393.2,66887.0,66311.4,66456.0,22329.169
1713902400000,66455.9,66457.1,65924.7,66386.3,19508.358
1713916800000,66386.2,66869.8,66347.2,66585.7,18340.202
1713931200000,66585.8,67068.2,66520.8,66588.9,23285.043
1713945600000,66588.9,66721.7,66172.0,66550.7,24802.818
1713960000000,66550.7,66711.9,64489.7,64594.0,103026.913
1713974400000,64593.5,65122.0,63695.0,63960.9,71058.223
1713988800000,63960.8,64426.6,63575.0,64250.0,40031.862
1714003200000,64250.0,64713.6,63823.2,64260.0,29118.115
1714017600000,64259.9,64377.1,63800.0,63996.1,23629.633
1714032000000,63996.2,64180.0,63300.0,63826.9,47523.366
1714046400000,63827.0,64316.5,62721.3,64091.7,92249.687
1714060800000,64091.6,64995.7,63934.0,64721.5,52582.241
1714075200000,64721.6,65270.6,64413.4,64478.8,30108.02
1714089600000,64478.8,64649.7,63844.0,64359.7,32749.047
1714104000000,64359.6,64590.3,63992.6,64236.6,22324.933
1714118400000,64236.7,64544.8,64031.5,64213.6,20015.817
1714132800000,64213.6,64783.1,63325.0,63481.3,81303.56
1714147200000,63481.2,64156.0,63291.5,63723.6,32853.541
1714161600000,63723.6,64097.4,63648.6,63748.8,12902.915
1714176000000,63748.7,63901.4,62332.8,63047.2,59693.74
1714190400000,63047.2,63157.6,62760.7,62944.3,17253.027
1714204800000,62944.3,63044.6,62650.0,62834.5,14504.338
1714219200000,62834.4,63390.8,62780.3,62928.4,23358.7
1714233600000,62928.3,63624.4,62700.2,63329.8,39059.005
1714248000000,63329.9,63532.6,63115.0,63421.0,13480.299
1714262400000,63420.9,64350.0,63420.9,63989.8,28362.952
1714276800000,63989.9,64041.4,63760.9,63883.1,14698.248
1714291200000,63883.2,63954.6,63230.7,63459.1,21213.117
1714305600000,63459.0,63832.0,63385.1,63508.6,17692.993
1714320000000,63508.5,63973.9,63446.2,63688.9,14380.74
1714334400000,63688.9,63716.9,62700.0,63088.3,29708.101
1714348800000,63088.4,63337.8,62056.1,62259.9,33929.947
1714363200000,62259.9,62632.1,61888.0,62362.0,40103.763
1714377600000,62362.1,62658.7,62150.0,62222.9,22955.752
1714392000000,62222.6,63085.0,61726.2,63012.2,66488.045
1714406400000,63012.2,63227.3,62511.1,62953.4,30356.738
1714420800000,62953.4,64200.0,62787.6,63842.4,34576.918
1714435200000,63842.4,64700.0,63075.9,63627.1,54356.874
1714449600000,63627.1,63691.3,63050.0,63123.8,21881.93
1714464000000,63123.7,63220.4,61000.0,61182.3,92748.254
1714478400000,61182.3,61576.1,60517.6,60764.9,86741.926
1714492800000,60764.9,60887.9,59150.0,59276.2,99188.1
1714507200000,59276.1,61063.2,59256.6,60651.2,53830.619
1714521600000,60651.2,60816.7,59555.0,60214.0,41842.441
1714536000000,60214.0,60331.8,57030.0,57482.0,111582.926
1714550400000,57482.0,57881.0,56537.7,57862.1,105319.627
1714564800000,57862.2,58257.8,56651.2,56865.2,86671.022
1714579200000,56865.3,59438.2,56600.0,56935.7,163355.41
1714593600000,56935.7,58550.8,56729.0,58307.6,55336.974
1714608000000,58307.7,58571.1,56951.6,57407.6,48642.413
1714622400000,57407.7,57933.1,57175.4,57645.0,24643.195
1714636800000,57645.0,58696.6,57542.4,58538.4,54335.416
1714651200000,58538.5,59441.6,58186.7,59230.7,97124.36
1714665600000,59230.8,59557.4,58895.6,59324.4,38379.928
1714680000000,59324.5,59637.3,58594.4,59036.7,36103.99
1714694400000,59036.7,59976.9,58781.3,59687.9,36797.051
1714708800000,59687.9,59810.0,59031.5,59158.1,23719.982
1714723200000,59158.1,59562.9,58818.2,59269.3,31556.268
1714737600000,59269.4,62239.6,58970.5,61662.1,155671.882
1714752000000,61662.2,62181.0,61497.6,62031.9,40812.563
1714766400000,62031.9,63333.0,61931.1,62853.7,65048.713
1714780800000,62853.7,63555.5,62520.0,62698.1,35544.126
1714795200000,62698.0,63430.0,62652.5,62931.3,29638.413
1714809600000,62931.4,64547.9,62888.0,63850.0,62488.68
1714824000000,63850.0,64137.8,63424.0,63590.0,35808.475
1714838400000,63590.1,64000.0,63278.1,63885.2,21209.796
1714852800000,63885.2,64198.9,63503.1,63864.2,20515.709
1714867200000,63864.3,64170.6,62833.0,63209.8,40066.159
1714881600000,63209.8,63932.4,63067.3,63697.1,22134.259
1714896000000,63697.1,63907.9,63505.7,63838.0,20907.752
1714910400000,63838.1,64644.3,63588.7,64398.0,51798.38
1714924800000,64398.1,64531.9,63756.0,63846.0,29615.387
1714939200000,63846.0,64217.4,63520.3,63988.0,20973.716
1714953600000,63987.9,64443.3,63666.0,63830.1,22429.192
1714968000000,63830.0,64564.5,63738.9,64509.6,29368.823
1714982400000,64509.5,65500.0,63779.1,64178.1,90546.106
1714996800000,64178.1,64295.1,62900.0,63599.8,92005.477
1715011200000,63599.9,63731.3,62655.3,63200.0,52386.835
1715025600000,63199.9,63598.7,63025.0,63142.8,18373.634
1715040000000,63142.7,63950.0,62805.6,63204.1,38286.024
1715054400000,63204.1,63830.0,63056.8,63648.9,23770.021
1715068800000,63648.9,64392.2,63313.2,63472.4,47888.36
1715083200000,63472.4,64320.0,63001.0,63710.0,57889.868
1715097600000,63710.1,63875.0,62758.1,63034.7,34222.559
1715112000000,63034.7,63177.3,62203.6,62296.0,36917.814
1715126400000,62296.0,62949.2,62055.0,62864.0,28153.491
1715140800000,62864.0,62994.9,62036.1,62186.7,31663.88
1715155200000,62186.7,62517.6,62005.8,62224.9,29263.081
1715169600000,62224.9,62800.0,61736.7,62251.8,67533.185
1715184000000,62251.9,62743.9,61902.8,62148.7,29625.538
1715198400000,62148.6,62224.5,60843.6,61157.9,55412.404
1715212800000,61157.9,61779.0,61113.0,61647.4,22040.64
1715227200000,61647.5,61753.2,61087.0,61222.5,21456.884
1715241600000,61222.5,61429.2,60550.0,61033.0,42557.014
1715256000000,61033.0,62262.1,60846.7,62122.5,66846.839
1715270400000,62122.5,62637.3,61707.8,62420.6,48794.861
1715284800000,62420.6,63447.2,62312.3,63050.1,40755.064
1715299200000,63050.0,63070.2,62633.2,62880.0,19493.079
1715313600000,62880.0,63365.5,62638.3,63053.9,29665.211
1715328000000,63053.8,63299.0,62758.7,63276.5,21952.047
1715342400000,63276.5,63446.5,60645.3,60893.8,129675.576
1715356800000,60893.7,61262.7,60117.4,60682.4,83338.902
1715371200000,60682.4,60985.8,60416.6,60778.1,23090.145
1715385600000,60778.0,61079.4,60617.0,60706.0,19987.403
1715400000000,60706.0,61055.5,60680.4,60988.9,16168.856
1715414400000,60989.0,61028.0,60432.6,60654.5,18892.24
1715428800000,60654.6,61491.4,60602.6,61146.1,29790.488
1715443200000,61146.1,61390.0,60976.8,61112.9,15661.949
1715457600000,61113.0,61129.9,60720.3,60809.2,12793.851
1715472000000,60809.2,61081.3,60778.0,60902.5,8957.244
1715486400000,60902.6,61097.0,60557.3,60803.8,13680.716
1715500800000,60803.8,61361.9,60757.7,61120.0,20279.049
1715515200000,61120.1,61598.8,61050.0,61395.9,17168.03
1715529600000,61395.9,61849.4,61158.3,61393.5,28818.414
1715544000000,61393.4,61527.5,60870.0,61455.8,15140.444
1715558400000,61455.7,61787.6,60750.0,61130.0,42993.269
1715572800000,61130.0,62426.0,60757.6,62296.6,44748.278
1715587200000,62296.5,63289.3,62296.5,62700.0,74300.067
1715601600000,62699.9,63183.0,62400.0,62980.5,42598.003
1715616000000,62981.2,63440.0,62540.2,63140.5,43073.508
1715630400000,63139.6,63162.1,62683.5,62912.1,14213.948
1715644800000,62912.2,63099.6,62377.2,62464.8,30244.783
1715659200000,62464.8,62749.9,61373.2,62002.1,53110.693
1715673600000,62002.0,62015.7,61492.8,61770.2,22566.352
1715688000000,61770.2,62295.9,60950.0,61749.9,91131.328
1715702400000,61750.0,61793.0,61116.6,61563.6,34540.72
1715716800000,61563.6,61768.9,61444.6,61550.5,12751.398
1715731200000,61550.5,61998.0,61316.1,61923.2,18643.623
1715745600000,61923.2,62245.1,61783.2,62157.4,20302.939
1715760000000,62157.5,62972.7,61886.8,62447.4,54806.314
1715774400000,62447.3,65055.0,62371.5,64685.5,155120.647
1715788800000,64685.4,66382.3,64681.5,65959.6,79093.976
1715803200000,65959.6,66440.0,65687.2,66175.4,37064.181
1715817600000,66175.4,66644.0,65735.9,65946.9,31811.606
1715832000000,65946.8,66232.8,65633.0,66100.0,22763.404
1715846400000,66100.0,66573.0,65962.2,66483.8,26975.817
1715860800000,66483.8,66800.0,65339.0,65800.1,80035.187
1715875200000,65800.0,65809.6,64567.0,65152.2,63915.502
1715889600000,65152.3,65480.0,65018.7,65217.7,16953.808
1715904000000,65217.7,65850.0,65061.2,65545.2,27794.9
1715918400000,65545.1,66478.5,65327.7,66350.6,41669.275
1715932800000,66350.5,66550.0,66037.3,66182.7,26340.98
1715947200000,66182.6,67400.6,65773.8,67170.0,76890.366
1715961600000,67169.9,67277.8,66158.4,67007.5,42405.702
1715976000000,67007.5,67027.7,66636.0,66980.0,11962.696
1715990400000,66980.0,67059.8,66696.1,66918.9,14987.935
1716004800000,66919.0,67233.6,66700.1,66854.1,15843.297
1716019200000,66854.1,67340.5,66808.4,67152.4,19628.857
1716033600000,67152.5,67198.7,66503.2,66781.4,27767.746
1716048000000,66781.3,66965.0,66682.6,66881.7,10585.364
1716062400000,66881.8,67035.1,66761.1,66884.9,8118.349
1716076800000,66884.9,67279.0,66810.0,67133.0,12471.395
1716091200000,67133.1,67313.8,66895.0,67295.0,13650.417
1716105600000,67295.1,67750.0,66921.9,67303.3,41565.229
1716120000000,67303.4,67303.4,66619.4,66863.0,29635.182
1716134400000,66863.0,66964.7,65835.8,66002.9,36476.631
1716148800000,66002.9,66438.0,65958.2,66239.4,14371.496
1716163200000,66239.4,66748.0,66010.0,66643.1,22106.058
1716177600000,66643.0,67270.0,66236.9,66788.9,41557.498
1716192000000,66788.9,67341.4,66720.9,66974.0,28761.148
1716206400000,66974.0,67499.9,66716.3,67382.1,40610.395
1716220800000,67382.1,70120.0,67344.9,69996.4,129693.909
1716235200000,69996.5,71674.6,68900.0,71466.5,103299.07
1716249600000,71466.5,72132.8,70740.8,71323.8,63389.213
1716264000000,71323.7,71462.0,70858.4,70926.4,25693.491
1716278400000,70926.3,71498.6,70900.2,71163.0,30042.772
1716292800000,71163.0,71487.6,69722.0,69874.9,75217.839
1716307200000,69874.8,70300.0,69165.6,69317.7,46218.311
1716321600000,69319.2,70393.2,69269.1,70168.8,23112.701
1716336000000,70168.7,70423.2,69868.1,70002.0,19590.336
1716350400000,70001.9,70137.7,69242.0,69759.6,29964.805
1716364800000,69759.6,70321.8,69680.0,69770.3,21713.431
1716379200000,69770.3,70642.8,69466.7,70485.7,52886.213
1716393600000,70485.7,70715.4,69241.5,69668.0,41621.447
1716408000000,69668.0,69999.0,68736.8,69219.1,28384.262
1716422400000,69219.2,69670.1,69219.1,69483.2,16149.719
1716436800000,69483.2,69900.0,69371.6,69770.6,16494.618
1716451200000,69770.6,70100.0,69561.8,70019.5,24326.937
1716465600000,70019.4,70133.3,67612.8,68103.0,114331.673
1716480000000,68102.9,68199.0,66763.9,67239.0,54734.54
1716494400000,67239.1,68388.0,66156.6,67999.9,74056.135
1716508800000,67999.9,68042.9,67651.7,67905.8,18229.102
1716523200000,67905.8,67944.2,66850.0,67191.2,36724.606
1716537600000,67191.2,67540.5,66639.0,67383.4,25954.913
1716552000000,67383.3,68445.0,66952.6,68340.2,47961.276
1716566400000,68340.3,69273.5,67950.0,69127.4,42690.151
1716580800000,69127.3,69222.2,68535.6,68584.1,15121.034
1716595200000,68584.0,68935.7,68523.7,68772.5,13021.059
1716609600000,68772.6,68854.7,68633.1,68775.0,8126.279
1716624000000,68775.1,69622.8,68767.0,69112.5,25426.221
1716638400000,69112.4,69323.9,68844.1,68949.1,21348.654
1716652800000,68949.0,69287.6,68870.6,69167.0,10058.168
1716667200000,69166.9,69394.6,69061.5,69314.4,7133.224
1716681600000,69314.5,69339.6,68830.0,69093.2,10244.257
1716696000000,69093.2,69468.9,68934.0,69359.2,9813.627
1716710400000,69359.2,69590.3,68980.6,69160.3,15909.255
1716724800000,69160.3,69425.2,68678.5,68864.6,21942.125
1716739200000,68864.7,68987.9,68697.2,68925.4,11186.901
1716753600000,68925.5,68937.5,68155.0,68524.3,14973.659
1716768000000,68524.4,69331.6,68490.1,68900.6,19327.66
1716782400000,68900.5,68935.1,68327.3,68661.1,19042.524
1716796800000,68661.0,68958.6,68268.7,68462.9,19439.727
1716811200000,68463.0,70584.9,68401.2,70421.5,55134.676
1716825600000,70421.4,70750.0,69100.0,69298.0,39677.011
1716840000000,69297.9,69950.0,69211.8,69461.6,17669.758
1716854400000,69461.5,69628.0,67760.0,68070.0,54544.602
1716868800000,68070.0,68153.8,67500.0,67712.0,29822.671
1716883200000,67712.1,68921.6,67602.8,68411.3,40291.196
1716897600000,68411.3,68583.7,67550.0,68399.7,46982.297
1716912000000,68399.8,68657.0,67273.0,68466.5,41587.464
1716926400000,68466.4,68710.0,68162.2,68440.5,14610.21
1716940800000,68440.4,68983.0,68302.8,68862.1,18567.902
1716955200000,68862.0,68976.4,67975.5,67993.6,21732.935
1716969600000,67993.7,68085.2,67631.0,67816.9,25758.932
1716984000000,67816.8,68330.6,67321.7,67421.0,51076.169
1716998400000,67421.0,67790.0,67129.0,67315.9,26538.879
1717012800000,67316.0,67882.2,67179.4,67686.7,14561.782
1717027200000,67686.8,68250.0,67501.7,68156.0,18064.349
1717041600000,68156.0,68479.0,67555.0,67627.8,29978.701
1717056000000,67627.9,68154.1,67167.0,67855.7,33978.605
1717070400000,67855.8,68869.9,67792.4,68566.4,47275.223
1717084800000,68566.4,69568.9,68412.0,68705.0,45336.979
1717099200000,68705.0,68712.0,68068.8,68402.5,19940.042
1717113600000,68402.6,68782.0,68316.0,68574.0,16008.269
1717128000000,68574.0,68694.0,68124.0,68226.1,15093.349
1717142400000,68226.2,68500.0,67908.4,68387.8,23284.141
1717156800000,68387.9,69080.0,67234.0,67252.7,74910.649
1717171200000,67252.6,68059.4,66700.5,67719.9,50702.718
1717185600000,67720.0,67834.4,67259.7,67577.9,15752.626
1717200000000,67577.9,67800.7,67480.0,67749.9,11203.855
1717214400000,67750.0,67857.5,67608.6,67677.9,8158.758
1717228800000,67677.8,67800.0,67649.8,67704.0,6444.213
1717243200000,67704.0,67936.0,67681.4,67728.2,9973.997
1717257600000,67728.2,67867.3,67590.0,67779.7,9329.853
1717272000000,67779.7,67921.3,67729.6,67799.2,5832.382
1717286400000,67799.2,67951.7,67661.9,67826.1,7225.374
1717300800000,67826.0,67910.0,67738.0,67743.0,4961.302
1717315200000,67743.0,68367.9,67410.0,68284.1,23005.4
1717329600000,68284.0,68545.9,67824.1,68189.8,30389.939
1717344000000,68189.8,68252.0,67296.3,67765.3,27950.08
1717358400000,67765.4,68038.7,67606.4,67805.9,8662.623
1717372800000,67805.9,68848.0,67642.6,68435.9,31790.13
1717387200000,68435.9,69255.0,68333.3,68949.9,35589.902
1717401600000,68950.0,69385.0,68872.1,69125.5,23842.964
1717416000000,69125.5,70372.9,68554.7,69650.0,89848.981
1717430400000,69650.0,69752.0,68838.0,69257.2,29783.92
1717444800000,69257.2,69553.8,68764.0,68851.4,16821.033
1717459200000,68851.3,69408.2,68659.0,69199.1,16706.647
1717473600000,69199.1,69318.4,68787.2,69054.7,18637.534
1717488000000,69054.6,69246.7,68595.5,68992.8,23575.146
1717502400000,68992.8,70560.3,68882.4,70492.0,78555.551
1717516800000,70492.1,71146.4,70117.8,70459.0,62356.225
1717531200000,70459.1,70776.3,70207.2,70580.0,16268.913
1717545600000,70580.0,71389.8,70462.8,70994.0,32305.489
1717560000000,70994.0,71430.0,70872.4,71244.1,29151.109
1717574400000,71244.0,71282.2,70737.4,71008.4,21436.375
1717588800000,71008.4,71792.0,70423.6,71625.1,64897.043
1717603200000,71625.2,71824.4,70909.2,71314.8,40647.493
1717617600000,71314.8,71390.5,70711.3,71133.3,15554.525
1717632000000,71133.3,71280.0,70922.5,71087.8,11201.699
1717646400000,71087.7,71144.0,70850.0,71077.3,16751.841
1717660800000,71077.2,71259.8,70912.9,71219.2,13937.128
1717675200000,71219.3,71714.8,71025.1,71334.3,51402.285
1717689600000,71334.3,71421.6,70489.2,70526.1,39348.23
1717704000000,70526.0,70988.0,70101.9,70830.0,25842.381
1717718400000,70830.0,71063.8,70700.0,71032.9,13995.944
1717732800000,71032.8,71476.0,71029.0,71147.9,24968.269
1717747200000,71147.9,71773.3,71085.0,71750.0,22121.625
1717761600000,71749.9,72144.0,70668.0,71150.0,100822.73
1717776000000,71150.1,71254.7,68405.0,69287.2,118519.869
1717790400000,69287.2,69663.4,69000.4,69377.0,18983.933
1717804800000,69377.0,69550.0,69314.2,69454.6,11099.128
1717819200000,69454.6,69612.5,69257.9,69612.5,11997.931
1717833600000,69612.5,69613.6,69351.8,69404.5,10018.737
1717848000000,69404.5,69540.0,69192.3,69462.1,17084.533
1717862400000,69462.0,69533.0,69334.5,69486.6,8497.079
1717876800000,69486.6,69514.0,69325.0,69346.5,7042.449
1717891200000,69346.6,69386.5,69160.0,69300.9,9319.249
1717905600000,69300.9,69461.9,69263.0,69331.9,6332.455
1717920000000,69331.9,69443.5,69314.8,69400.6,5060.355
1717934400000,69400.6,69821.1,69284.8,69530.1,27852.187
1717948800000,69530.1,69879.0,69517.0,69742.6,12632.597
1717963200000,69742.5,69862.0,69606.4,69667.1,6827.257
1717977600000,69667.1,69833.0,69450.1,69637.3,11282.926
1717992000000,69637.4,69712.1,69265.0,69325.3,16614.917
1718006400000,69325.3,69592.6,69201.2,69506.7,17219.526
1718020800000,69506.6,70222.7,69255.1,70090.9,38901.997
1718035200000,70090.9,70166.1,69420.0,69524.2,28832.938
1718049600000,69524.3,69734.5,69360.4,69558.7,14529.3
1718064000000,69558.8,69600.0,67881.9,68472.3,62972.141
1718078400000,68472.2,68472.2,67300.0,67582.0,54397.426
1718092800000,67582.1,67690.8,66689.5,66919.6,60250.278
1718107200000,66919.6,67288.0,66000.0,66266.0,69766.471
1718121600000,66266.0,67591.3,66177.9,67420.6,47244.306
1718136000000,67420.5,67605.0,67180.4,67320.7,17354.32
1718150400000,67320.6,67624.2,66920.0,67413.0,21465.281
1718164800000,67413.0,67621.0,67200.0,67449.4,15864.818
1718179200000,67449.5,68065.3,67346.6,67789.9,27553.384
1718193600000,67790.0,70028.0,67740.9,69738.0,109560.362
1718208000000,69738.0,69864.2,67215.2,67523.2,123012.215
1718222400000,67523.1,68692.6,67409.8,68270.3,32462.4
1718236800000,68270.3,68400.0,66957.0,67471.1,38476.862
1718251200000,67471.1,67728.4,67300.0,67724.9,20772.849
1718265600000,67724.9,67964.1,67170.4,67744.6,32346.314
1718280000000,67744.6,68607.7,66337.0,66464.4,104087.192
1718294400000,66464.3,67080.5,66251.1,66620.8,39352.706
1718308800000,66620.9,66991.1,66533.1,66786.9,13319.538
1718323200000,66786.8,67038.0,66471.3,66749.7,21110.955
1718337600000,66749.8,67228.2,66710.8,66906.2,20208.27
1718352000000,66906.3,67250.0,66755.8,67034.2,20074.503
1718366400000,67034.1,67366.5,66334.5,66380.0,52927.484
1718380800000,66380.0,66522.0,65052.4,65514.9,90887.381
1718395200000,65514.9,66648.8,65471.6,66039.7,34202.638
1718409600000,66039.7,66280.0,65979.6,66266.0,10504.153
1718424000000,66265.9,66421.5,66060.0,66082.6,16019.55
1718438400000,66082.5,66334.8,66054.2,66305.2,11031.847
1718452800000,66305.2,66482.6,66157.5,66311.9,12929.953
1718467200000,66311.8,66360.8,66057.0,66144.2,9737.092
1718481600000,66144.1,66282.5,65801.0,66213.7,12201.16
1718496000000,66213.7,66256.9,66054.1,66129.6,7207.515
1718510400000,66129.6,66350.0,66012.1,66249.4,9128.799
1718524800000,66249.3,66780.0,66169.4,66471.4,21366.022
1718539200000,66471.4,66778.1,66455.6,66690.4,16369.949
1718553600000,66690.4,66733.3,66496.0,66542.5,9484.899
1718568000000,66542.4,66960.3,66432.9,66653.6,16804.367
1718582400000,66653.5,66915.4,66116.0,66200.0,26541.924
1718596800000,66199.9,66548.9,65907.5,66147.3,25463.109
1718611200000,66147.3,66295.8,65511.6,65791.8,38859.894
1718625600000,65791.9,65813.2,65094.9,65341.9,50595.447
1718640000000,65341.8,67280.6,65130.0,66661.4,79723.99
1718654400000,66661.4,66746.2,66122.3,66472.1,27236.423
1718668800000,66472.1,66558.9,64565.0,65474.9,89800.947
1718683200000,65474.9,65831.1,65314.6,65646.4,30746.917
1718697600000,65646.3,65724.6,65080.9,65339.2,24625.538
1718712000000,65339.2,65410.1,64212.0,64676.8,108649.661
1718726400000,64676.7,64887.4,64009.8,64400.0,48259.975
1718740800000,64399.7,65281.6,64168.9,65150.0,33476.356
1718755200000,65149.9,65596.9,64777.1,65377.1,37949.606
1718769600000,65377.0,65711.9,65143.0,65295.0,25799.918
1718784000000,65294.9,65519.6,64955.9,65181.9,28912.285
1718798400000,65182.0,65279.9,64708.2,64895.0,27082.482
1718812800000,64895.0,65269.5,64757.2,64851.3,17320.406
1718827200000,64851.4,65060.4,64600.0,64933.6,12967.972
1718841600000,64933.6,65378.0,64804.7,65156.0,19929.713
1718856000000,65156.0,65977.0,65051.7,65831.4,34653.264
1718870400000,65831.3,66467.0,65552.6,66150.0,37258.526
1718884800000,66150.0,66289.4,64625.2,64794.4,82670.424
1718899200000,64794.3,65198.5,64526.0,65032.9,37216.049
1718913600000,65032.9,65164.1,64831.0,64854.0,9226.7
1718928000000,64854.0,65055.5,64306.5,64473.4,23077.355
1718942400000,64473.4,64715.9,64167.1,64179.4,23004.106
1718956800000,64179.5,64350.0,63485.0,63745.5,57148.359
1718971200000,63745.1,64342.1,63361.2,63716.9,60362.492
1718985600000,63717.0,64243.7,63444.6,64207.5,29552.67
1719000000000,64207.6,64448.9,63801.0,64124.0,16964.619
1719014400000,64124.1,64315.2,63915.8,64297.2,10320.946
1719028800000,64297.2,64520.0,64218.8,64490.1,13520.233
1719043200000,64490.0,64512.0,64184.8,64245.0,13671.968
1719057600000,64244.9,64390.3,64222.0,64283.4,7200.476
1719072000000,64283.3,64340.6,64200.2,64270.9,4989.552
1719086400000,64270.9,64307.0,64215.9,64240.0,4152.687
1719100800000,64240.1,64500.0,64240.0,64389.0,9294.674
1719115200000,64389.0,64409.0,64311.9,64390.0,4545.853
1719129600000,64390.0,64414.0,64211.7,64310.7,7086.881
1719144000000,64310.7,64409.1,64034.2,64071.8,12474.652
1719158400000,64071.8,64166.4,63888.0,64128.7,10422.264
1719172800000,64128.7,64132.7,63137.9,63194.9,28227.969
1719187200000,63194.9,63357.0,62638.0,62840.1,43033.616
1719201600000,62840.0,62931.7,62125.4,62433.6,49460.025
1719216000000,62433.6,62955.3,60500.0,61257.3,110919.968
1719230400000,61257.3,61677.0,60650.0,60823.2,52488.693
1719244800000,60823.3,61018.6,59001.0,59294.7,120813.039
1719259200000,59292.8,60431.8,58218.0,60273.6,69187.843
1719273600000,60273.5,61566.0,60230.5,61271.1,41969.855
1719288000000,61271.1,61392.5,60600.5,60660.8,33185.269
1719302400000,60660.9,61587.4,60641.2,61170.7,34675.875
1719316800000,61170.7,62145.5,60941.9,61776.0,76703.109
1719331200000,61775.9,62448.1,61100.0,61957.9,63812.457
1719345600000,61957.1,62141.4,61641.4,61777.8,14300.752
1719360000000,61777.9,62465.1,61605.7,61910.4,22735.968
1719374400000,61910.4,61969.2,61500.6,61705.3,19736.078
1719388800000,61705.3,61741.3,61150.0,61427.2,26889.266
1719403200000,61427.3,61959.4,61140.2,61453.2,38176.787
1719417600000,61453.3,61532.5,60700.0,60991.0,47290.709
1719432000000,60990.9,61144.7,60696.0,60860.1,15772.372
1719446400000,60860.1,61327.9,60752.2,61027.1,16213.431
1719460800000,61027.0,61191.4,60605.0,60786.4,16884.46
1719475200000,60786.4,61500.0,60730.0,61188.5,24181.569
1719489600000,61188.5,62379.7,61137.7,61570.5,67990.828
1719504000000,61570.6,61997.2,61396.4,61445.9,24189.502
1719518400000,61445.9,61696.1,61340.0,61682.0,10712.692
1719532800000,61682.1,62204.0,61458.1,61803.0,27120.72
1719547200000,61803.0,61812.9,61186.4,61317.9,20978.587
1719561600000,61318.0,61779.0,61181.9,61671.5,21252.752
1719576000000,61671.5,61868.1,60721.2,61039.9,69596.468
1719590400000,61039.9,61106.0,60077.2,60132.2,40681.247
1719604800000,60132.2,60465.0,60038.0,60429.8,15878.351
1719619200000,60429.8,61023.0,60400.1,60760.1,25192.132
1719633600000,60760.0,61128.1,60706.5,61049.8,12412.104
1719648000000,61049.8,61232.0,60895.5,61111.0,15840.048
1719662400000,61110.9,61188.6,60951.1,61107.9,12366.272
1719676800000,61107.8,61130.0,60918.6,61056.5,6981.263
1719691200000,61056.4,61097.0,60883.1,60982.4,6888.47
1719705600000,60982.5,61081.4,60750.6,60898.2,11400.085
1719720000000,60898.2,61798.2,60705.0,61533.6,30029.87
1719734400000,61533.6,61720.0,61400.0,61555.6,17926.412
1719748800000,61555.6,61871.8,61325.0,61722.4,25442.248
1719763200000,61722.5,62100.0,61579.3,62016.8,21477.736
1719777600000,62016.8,63058.4,61825.4,62766.0,41501.564
1719792000000,62766.1,63800.0,62562.0,63416.4,49753.74
1719806400000,63416.5,63453.7,63200.0,63265.5,13560.88
1719820800000,63265.5,63302.7,62580.0,62657.9,26439.402
1719835200000,62657.9,63182.5,62502.2,63119.9,40119.806
1719849600000,63120.0,63849.0,62947.4,63207.6,46436.922
1719864000000,63207.2,63421.6,62780.0,62883.6,17627.188
1719878400000,62883.7,63284.0,62765.7,63115.7,14302.825
1719892800000,63118.0,63227.0,62566.0,62617.9,19063.833
1719907200000,62617.9,62861.1,62387.0,62823.3,26473.226
1719921600000,62823.3,63167.4,61840.0,61945.0,63689.49
1719936000000,61945.0,62362.8,61800.0,61944.0,29330.932
1719950400000,61944.0,62176.4,61870.8,62123.6,10240.937
1719964800000,62123.5,62278.2,60600.0,60983.5,55575.397
1719979200000,60983.4,61179.4,60802.0,60859.9,23185.153
1719993600000,60859.8,60987.3,59515.1,60384.9,81025.116
1720008000000,60384.9,60700.0,59756.5,60176.1,66329.351
1720022400000,60176.1,60653.0,59645.6,59661.2,38404.269
1720036800000,59661.2,60361.7,59299.3,60208.0,30783.979
1720051200000,60208.0,60500.0,57611.0,59092.4,99276.085
1720065600000,59092.4,59131.7,58086.4,58214.0,46231.188
1720080000000,58214.0,58484.5,56917.5,57748.4,97863.329
1720094400000,57748.4,58350.0,56750.0,58137.6,110723.819
1720108800000,58137.5,58653.4,57735.7,58267.0,42553.649
1720123200000,58266.9,58800.0,56560.0,57045.9,49008.207
1720137600000,57045.9,57533.4,54918.3,55214.6,163719.762
1720152000000,55214.7,55350.0,53329.5,54389.4,128635.582
1720166400000,54389.4,55629.7,53870.4,55458.9,78963.666
1720180800000,55459.0,56663.5,54822.9,56637.5,106044.317
1720195200000,56637.5,57000.0,55781.8,56446.2,83444.612
1720209600000,56446.1,56847.0,56300.0,56604.9,16385.656
1720224000000,56604.9,56975.0,56157.3,56388.3,30655.656
1720238400000,56388.4,56660.0,56000.0,56571.1,26523.01
1720252800000,56571.1,56850.0,56412.5,56713.2,17676.392
1720267200000,56713.2,57420.0,56475.7,57285.4,38884.253
1720281600000,57285.4,58089.9,57150.0,57834.8,37978.044
1720296000000,57834.9,58472.0,57792.2,58216.0,26862.667
1720310400000,58216.0,58443.0,57820.0,57943.9,38936.027
1720324800000,57944.0,57990.3,57041.7,57344.4,37722.788
1720339200000,57344.5,57899.9,57331.2,57436.9,23278.542
1720353600000,57436.9,57600.0,56555.1,56806.2,42475.284
1720368000000,56806.2,57372.2,56723.0,57133.9,22235.384
1720382400000,57133.9,57301.8,55688.0,55830.9,45713.956
1720396800000,55831.0,55999.0,54243.1,55136.6,97328.846
1720411200000,55136.6,55878.0,54935.3,55828.4,40128.204
1720425600000,55828.4,58200.0,55715.2,57137.3,124398.512
1720440000000,57137.3,57629.3,54890.0,55736.8,131119.632
1720454400000,55736.8,56550.0,55400.5,56462.3,44260.458
1720468800000,56462.9,56955.0,56175.4,56686.4,26871.305
1720483200000,56686.4,57350.0,56256.2,57139.5,45966.233
1720497600000,57139.5,57744.8,57000.0,57102.5,36022.582
1720512000000,57102.5,57899.9,57000.0,57407.1,42043.643
1720526400000,57407.1,58159.6,56862.9,57445.3,74279.844
1720540800000,57445.3,58290.6,57318.3,57837.7,40891.309
1720555200000,57837.7,58256.0,57684.6,58023.2,18033.437
1720569600000,58023.1,58190.0,57315.9,58157.7,27261.073
1720584000000,58157.6,59449.6,58153.3,58948.1,69642.36
1720598400000,58948.0,59013.9,58288.0,58469.4,39133.753
1720612800000,58469.4,58544.5,57416.5,57658.0,68439.925
1720627200000,57658.1,57995.0,57333.0,57374.1,26039.13
1720641600000,57374.8,57860.8,57125.0,57707.0,23732.696
1720656000000,57707.0,58380.0,57030.0,57540.5,43339.762
1720670400000,57540.4,58288.6,57464.2,58168.1,25661.286
1720684800000,58168.2,58887.0,58024.0,58754.1,39948.267
1720699200000,58754.0,59780.0,57242.0,57382.8,131206.798
1720713600000,57382.8,57969.6,57152.0,57354.7,31336.599
1720728000000,57354.8,57593.2,57118.0,57315.5,21614.247
1720742400000,57315.7,57554.4,56500.1,56887.6,45049.617
1720756800000,56887.6,57378.0,56690.0,57071.4,27355.661
1720771200000,57071.4,57325.2,56740.6,57188.8,31049.857
1720785600000,57188.7,58255.4,57066.0,58188.9,59825.465
1720800000000,58188.9,58500.0,57446.1,57546.1,49492.814
1720814400000,57546.2,57887.6,57107.7,57870.0,25327.202
1720828800000,57870.0,57962.8,57730.2,57792.4,11605.553
1720843200000,57792.5,58195.7,57728.6,58140.0,14463.35
1720857600000,58140.0,58900.0,57882.3,58513.9,34849.5
1720872000000,58514.0,58873.1,58408.1,58808.5,30158.627
1720886400000,58808.5,58950.0,58538.9,58596.6,17510.271
1720900800000,58596.7,59850.0,58254.5,59174.0,49297.021
1720915200000,59173.9,59816.5,59164.0,59435.0,31878.101
1720929600000,59435.0,60299.0,59387.4,60031.3,46649.503
1720944000000,60031.2,60397.2,59879.3,60079.0,26938.154
1720958400000,60079.0,60220.0,59438.0,60053.3,38864.156
1720972800000,60053.3,60154.6,59858.0,59886.3,10270.212
1720987200000,59886.3,61412.4,59850.0,60766.0,53460.757
1721001600000,60766.0,62777.0,60622.6,62617.3,79541.414
1721016000000,62617.3,63075.8,62400.0,62816.0,44695.396
1721030400000,62816.1,63239.2,62266.0,62431.9,44412.806
1721044800000,62432.0,63299.8,62419.5,62985.9,56556.02
1721059200000,62986.0,63777.0,62812.8,63309.9,70459.802
1721073600000,63309.9,64870.7,63216.2,64680.6,56556.743
1721088000000,64680.6,64936.1,64405.0,64725.1,33143.185
1721102400000,64725.1,64988.8,62672.4,62881.8,86305.499
1721116800000,62881.8,63839.0,62350.0,63719.8,66858.749
1721131200000,63719.8,64942.0,63031.5,64833.9,85549.043
1721145600000,64833.9,65177.0,64070.4,65125.2,63666.014
1721160000000,65125.2,65388.0,64058.0,65010.0,39736.126
1721174400000,65010.0,66100.0,64885.3,65662.8,54516.165
1721188800000,65662.8,65968.5,65167.6,65226.2,30419.751
1721203200000,65226.2,65479.5,64531.0,64700.0,48428.987
1721217600000,64699.9,65379.8,64489.5,64695.8,64341.879
1721232000000,64696.0,64745.6,63823.0,64550.6,57856.457
1721246400000,64550.7,64654.4,64020.0,64055.7,21093.154
1721260800000,64055.8,65173.8,63871.2,64827.8,35420.27
1721275200000,64827.9,65038.5,64355.1,64644.8,22100.793
1721289600000,64644.8,64930.7,64413.0,64728.9,20655.775
1721304000000,64729.0,65098.9,63359.1,63500.1,79341.492
1721318400000,63500.1,63933.3,63206.4,63535.6,40122.803
1721332800000,63535.5,64096.3,63413.1,63959.9,18007.024
1721347200000,63960.0,64348.2,63266.2,64298.0,30771.327
1721361600000,64297.9,64469.3,63565.0,63673.9,28188.859
1721376000000,63673.9,64165.8,63371.4,64095.2,35395.006
1721390400000,64095.6,65870.0,64010.1,65791.5,93974.647
1721404800000,65791.5,67362.8,65784.0,67107.8,96570.502
1721419200000,67107.8,67320.9,66590.9,66627.9,26959.464
1721433600000,66627.9,66797.0,66159.1,66568.7,22374.296
1721448000000,66568.7,66729.0,66401.0,66526.3,11307.037
1721462400000,66526.4,66700.0,66422.9,66445.9,11122.777
1721476800000,66446.0,66799.9,66241.4,66797.0,17627.83
1721491200000,66797.0,67648.7,66632.0,67195.0,41238.669
1721505600000,67195.0,67412.4,66737.7,67095.6,19893.797
1721520000000,67095.6,67400.0,66918.4,67145.8,13108.955
1721534400000,67145.8,67194.3,66560.0,66670.0,18387.329
1721548800000,66669.9,67040.4,66645.6,66845.4,11562.755
1721563200000,66845.4,67498.0,66571.3,67130.9,31277.598
1721577600000,67130.9,67719.8,65750.0,67391.4,89763.164
1721592000000,67391.5,68351.2,67239.9,68138.0,43128.571
1721606400000,68138.0,68459.7,67700.0,67847.3,29357.1
1721620800000,67847.3,67966.0,67100.0,67210.3,26807.626
1721635200000,67210.4,67571.4,66904.2,67479.1,20838.304
1721649600000,67479.1,67932.2,66538.6,67044.3,56104.431
1721664000000,67044.3,68228.6,66784.1,68193.5,34521.383
1721678400000,68193.6,68221.5,67202.1,67499.2,25362.547
1721692800000,67499.2,67729.3,67175.6,67437.3,20135.362
1721707200000,67437.3,67493.3,66216.1,66550.0,45758.851
1721721600000,66549.9,67135.5,66413.0,66641.0,34676.727
1721736000000,66641.0,67338.0,65921.7,66552.8,86188.637
1721750400000,66552.8,66745.1,65416.5,65516.1,57758.536
1721764800000,65516.2,66040.0,65453.4,65916.4,25912.567
1721779200000,65916.3,66135.5,65450.8,66027.5,23229.873
1721793600000,66027.4,66056.0,65577.5,66049.0,16527.006
1721808000000,66049.0,66590.0,65974.9,66345.7,28364.608
1721822400000,66345.7,67087.3,66066.0,66155.7,64013.824
1721836800000,66155.8,66687.9,65537.0,65631.8,46286.693
1721851200000,65631.8,66059.7,65040.5,65350.8,36657.417
1721865600000,65350.7,65606.3,63823.3,64074.0,86228.936
1721880000000,64073.9,64378.0,63800.0,64115.1,29134.565
1721894400000,64115.0,64474.2,63857.2,64082.6,32232.038
1721908800000,64082.6,64993.6,63456.7,64773.3,85867.664
1721923200000,64773.3,65170.0,64357.5,64669.5,43249.638
1721937600000,64669.5,66144.0,64390.8,65773.0,42972.6
1721952000000,65773.0,67470.4,65688.2,67014.0,54322.043
1721966400000,67014.0,67168.2,66839.5,66873.8,27381.084
1721980800000,66873.7,67466.0,66873.7,67293.9,25036.72
1721995200000,67293.9,67982.4,66865.7,67528.0,69433.176
1722009600000,67527.9,68143.0,67277.0,67957.2,30157.705
1722024000000,67957.2,68200.0,67365.0,67882.5,29053.798
1722038400000,67882.5,68055.6,67588.3,67766.2,15182.442
1722052800000,67766.2,68278.8,67752.1,68013.6,17714.409
1722067200000,68013.5,68244.6,67864.8,68184.7,14552.231
1722081600000,68184.7,69381.7,68162.9,68822.0,69130.287
1722096000000,68821.9,68976.4,67538.4,68209.2,61397.72
1722110400000,68209.3,69200.0,66624.5,67873.8,153005.558
1722124800000,67873.7,68246.6,67222.7,67910.9,22253.123
1722139200000,67910.9,68003.5,67037.0,67517.7,25149.842
1722153600000,67517.6,67969.1,67178.9,67800.0,18990.816
1722168000000,67800.1,68093.4,67527.4,67624.3,21697.193
1722182400000,67624.2,68300.0,67588.4,68090.0,15542.059
1722196800000,68090.0,68254.7,67771.6,68215.5,13280.902
1722211200000,68215.5,69782.2,68130.1,69323.1,64456.552
1722225600000,69323.1,69872.6,69240.0,69510.6,28440.561
1722240000000,69510.5,69841.2,69345.0,69549.9,23274.384
1722254400000,69549.8,70081.0,67650.0,68067.2,122246.263
1722268800000,68067.3,68093.1,66365.8,67276.6,102883.789
1722283200000,67276.7,67521.0,66547.1,66750.0,31236.269
1722297600000,66750.1,66865.3,65820.0,66585.6,53988.278
1722312000000,66585.7,66966.6,66288.0,66914.0,23753.397
1722326400000,66914.0,66956.6,66358.9,66532.5,23447.894
1722340800000,66532.6,66923.8,65500.0,66198.0,66028.538
1722355200000,66198.0,66526.1,65501.1,65899.4,47748.809
1722369600000,65900.0,66319.0,65254.5,66159.3,31584.128
1722384000000,66159.3,66380.0,65825.9,66028.9,19978.559
1722398400000,66028.1,66540.8,65459.4,66196.4,40885.994
1722412800000,66196.4,66360.4,65906.7,66062.6,19153.975
1722427200000,66062.7,66826.3,65939.7,66354.5,46270.954
1722441600000,66354.4,66820.0,64894.0,65229.8,71073.914
1722456000000,65228.1,65399.0,64500.4,64601.8,49026.05
1722470400000,64601.8,64824.4,63722.0,63912.8,53076.972
1722484800000,63912.7,64468.6,63559.5,64297.4,43263.551
1722499200000,64297.5,64681.9,64280.0,64645.3,20514.248
1722513600000,64645.2,64927.2,62646.7,62892.6,101176.373
1722528000000,62892.6,63480.0,62271.2,63403.0,81788.779
1722542400000,63403.0,65650.0,63312.0,65328.9,72834.667
1722556800000,65329.0,65577.0,63630.6,64600.1,52628.167
1722571200000,64600.1,64640.0,63800.0,64146.0,35151.989
1722585600000,64146.0,64957.4,64026.5,64640.0,33125.652
1722600000000,64640.0,65534.3,62350.0,63393.5,162016.878
1722614400000,63393.5,63600.0,62478.0,62619.7,57246.326
1722628800000,62619.6,63181.0,61200.2,61483.7,81459.408
1722643200000,61483.7,61956.4,60473.3,61862.2,65725.345
1722657600000,61862.2,61945.0,61380.8,61636.0,19226.551
1722672000000,61636.0,61986.3,61420.2,61884.8,19753.37
1722686400000,61884.7,62166.0,60800.0,60857.7,42750.029
1722700800000,60857.8,61262.5,59888.0,60216.7,100562.58
1722715200000,60216.8,60842.2,59800.0,60684.6,42452.081
1722729600000,60684.5,61089.5,60290.9,60705.3,23040.242
1722744000000,60705.3,60915.1,60228.0,60346.0,18248.526
1722758400000,60344.6,60986.2,60080.5,60880.1,25833.958
1722772800000,60880.1,61064.6,58926.1,59070.0,81031.408
1722787200000,59069.9,59475.0,57040.0,59234.0,141030.817
1722801600000,59233.9,59569.2,57975.4,58144.5,50327.464
1722816000000,58144.5,58286.9,52222.0,53864.1,295951.644
1722830400000,53864.0,54538.0,48888.0,52645.6,285579.138
1722844800000,52645.6,53200.0,50590.1,51316.8,170229.54
1722859200000,51316.7,54952.3,49501.0,54289.8,313707.062
1722873600000,54289.7,55523.0,52520.4,53450.4,141719.563
1722888000000,53450.3,55192.2,53439.9,54003.1,74795.078
1722902400000,54003.5,56254.8,53925.3,55638.1,75090.615
1722916800000,55638.1,56152.0,55220.0,55979.1,46375.502
1722931200000,55979.0,56090.0,54531.6,55188.0,69864.431
1722945600000,55188.0,56599.0,54288.0,56370.0,126550.5
1722960000000,56370.0,56999.9,56205.1,56737.0,68281.366
1722974400000,56737.0,56919.8,55792.0,55991.2,49791.025
1722988800000,55991.3,57249.0,55516.3,56826.8,65654.654
1723003200000,56826.9,57219.4,56510.0,56898.7,36392.101
1723017600000,56898.8,57699.0,56838.0,56938.0,57955.694
1723032000000,56938.0,57454.0,55620.5,56067.5,92698.036
1723046400000,56067.4,56279.8,54650.0,54739.9,72193.669
1723060800000,54739.9,55550.0,54519.8,55102.9,52548.386
1723075200000,55102.9,57688.8,54672.4,57031.7,78167.269
1723089600000,57031.8,57399.2,56636.9,57166.4,34216.433
1723104000000,57166.4,57650.0,56943.7,57292.3,31182.131
1723118400000,57292.4,59493.0,56645.0,59391.3,161033.47
1723132800000,59391.9,59839.7,59213.6,59389.1,61744.499
1723147200000,59389.0,62737.2,59273.5,61659.8,103773.706
1723161600000,61659.8,61726.0,60728.7,61327.0,45368.076
1723176000000,61327.0,61361.9,60555.0,60844.0,32873.145
1723190400000,60844.1,61184.9,60150.0,60633.5,44404.398
1723204800000,60633.5,61089.7,59500.0,59786.4,95689.828
1723219200000,59786.4,60729.5,59705.9,60649.5,44486.156
1723233600000,60649.6,60961.5,59862.6,60808.6,45852.736
1723248000000,60808.6,61450.0,60231.6,60410.0,32792.529
1723262400000,60410.0,60823.7,60208.5,60809.5,13222.181
1723276800000,60809.6,61082.0,60582.4,60892.4,20424.968
1723291200000,60892.3,60926.0,60375.0,60480.5,17862.337
1723305600000,60480.5,61200.0,60360.0,60989.1,21578.607
1723320000000,60989.1,61136.3,60721.0,60889.9,9712.732
1723334400000,60889.8,61350.0,60857.0,61054.8,16049.514
1723348800000,61054.8,61233.0,60838.5,61224.9,14422.756
1723363200000,61225.0,62000.0,60380.1,60637.6,42331.908
1723377600000,60637.5,60736.6,59911.0,60100.0,39701.126
1723392000000,60099.9,60330.6,59512.2,59598.0,24736.746
1723406400000,59598.1,59657.5,58255.4,58693.1,65297.026
1723420800000,58693.1,59055.0,58078.8,58488.6,34275.824
1723435200000,58488.6,58958.1,57615.0,58640.1,40522.628
1723449600000,58640.1,59937.8,58086.1,59809.2,61662.719
1723464000000,59809.2,60666.0,57774.0,60171.2,143983.432
1723478400000,60171.3,60390.8,58403.9,59025.9,53835.075
1723492800000,59026.0,59721.0,58520.7,59323.6,32846.612
1723507200000,59323.7,59895.0,58840.2,59014.0,33883.54
1723521600000,59014.0,59442.5,58803.0,59209.0,18668.52
1723536000000,59209.1,59302.5,58360.0,58803.0,27235.168
1723550400000,58803.0,59748.8,58668.0,59438.4,58301.15
1723564800000,59438.4,61545.0,59402.6,60792.1,93646.839
1723579200000,60794.5,61120.8,60355.0,60550.5,24199.504
1723593600000,60550.4,61277.0,60390.0,60920.0,21570.954
1723608000000,60920.1,61131.2,60588.8,60887.2,18265.191
1723622400000,60887.3,61419.2,60600.0,61260.7,29257.399
1723636800000,61260.6,61839.7,58773.3,59396.9,157618.112
1723651200000,59396.9,59436.2,58500.0,58854.0,47736.564
1723665600000,58853.8,59151.6,58367.2,58648.1,21214.588
1723680000000,58648.1,59021.0,57971.2,58420.0,35121.967
1723694400000,58420.0,58622.0,57679.6,58031.9,33573.459
1723708800000,58031.9,58836.5,57937.7,58712.1,30951.155
1723723200000,58712.0,59749.2,58508.1,59643.7,81773.999
1723737600000,59643.3,59820.0,56633.0,57002.4,114222.529
1723752000000,57002.5,57850.0,55969.0,57511.0,65172.837
1723766400000,57511.1,58494.9,57062.1,57858.1,42608.887
1723780800000,57858.1,58619.9,57766.3,58423.4,26572.525
1723795200000,58423.4,58656.2,58175.9,58369.3,28098.257
1723809600000,58369.4,58908.5,57500.0,58035.6,87458.985
1723824000000,58035.1,59780.2,57965.4,59649.2,60447.637
1723838400000,59649.3,59678.2,58711.4,58854.9,23570.238
1723852800000,58854.9,59363.0,58769.4,59128.2,16955.085
1723867200000,59128.2,59238.0,59024.6,59222.0,8228.101
1723881600000,59221.9,59450.1,59026.0,59106.5,13687.324
1723896000000,59106.5,59638.8,59065.6,59357.6,18213.242
1723910400000,59357.7,59690.2,59265.3,59446.3,12678.586
1723924800000,59446.2,59474.4,59122.1,59468.5,7323.194
1723939200000,59468.5,60249.8,59258.5,59308.5,34857.959
1723953600000,59308.5,59666.0,59214.0,59545.4,13583.873
1723968000000,59545.5,60177.4,59401.1,59991.3,29934.066
1723982400000,59991.3,60250.0,59629.3,59828.8,22362.047
1723996800000,59828.8,59916.0,59327.8,59671.9,18061.423
1724011200000,59672.0,59847.5,58352.0,58390.0,30860.896
1724025600000,58390.1,58736.6,58173.2,58696.6,36689.134
1724040000000,58696.7,58724.8,58339.8,58475.5,17094.209
1724054400000,58475.5,58648.7,57750.0,58360.9,41220.822
1724068800000,58360.8,58945.4,58019.4,58505.0,56087.605
1724083200000,58504.5,59262.9,58332.0,58933.0,39519.485
1724097600000,58935.7,59585.4,58879.3,59398.5,23431.884
1724112000000,59398.4,60887.0,59324.2,60588.6,51764.706
1724126400000,60588.5,61386.0,60539.0,60899.9,38075.289
1724140800000,60899.9,60949.7,60386.7,60494.9,23776.837
1724155200000,60494.9,60920.5,58663.4,58783.7,109188.639
1724169600000,58783.7,59574.0,58501.1,59482.5,41313.283
1724184000000,59482.5,59689.5,58831.1,58982.9,22930.376
1724198400000,58982.7,59489.0,58728.9,59290.3,20416.045
1724212800000,59290.3,59721.2,59164.7,59689.2,16832.524
1724227200000,59689.2,59893.0,59058.0,59332.4,30713.81
1724241600000,59332.3,60192.3,58801.1,59486.0,89664.322
1724256000000,59485.9,61600.0,59339.9,61538.1,69687.927
1724270400000,61538.1,61793.9,60865.2,61120.0,43269.051
1724284800000,61120.0,61184.7,59677.6,60514.9,45566.023
1724299200000,60515.0,61128.8,60422.4,60946.0,23500.574
1724313600000,60946.0,61392.0,60761.2,61297.0,28590.7
1724328000000,61296.9,61364.0,60060.3,60370.9,71562.025
1724342400000,60370.9,60554.9,60100.0,60272.7,28524.433
1724356800000,60272.8,60673.1,60250.0,60349.9,13355.204
1724371200000,60349.9,60990.0,60301.5,60565.1,19144.284
1724385600000,60565.0,61370.0,60548.8,61045.0,28205.46
1724400000000,61045.0,61317.7,60651.6,60710.2,27019.442
1724414400000,60710.1,62307.6,60710.1,61499.0,126207.328
1724428800000,61498.6,63794.0,61300.0,63577.2,115228.93
1724443200000,63577.4,65000.0,63435.1,64019.9,66685.265
1724457600000,64020.0,64168.0,63600.0,63800.1,22317.765
1724472000000,63800.0,64298.9,63790.2,64269.3,19125.053
1724486400000,64269.3,64472.5,63836.6,63881.7,22828.946
1724500800000,63881.7,64222.0,63828.0,63943.3,19592.894
1724515200000,63943.4,64414.2,63897.6,64170.0,24371.542
1724529600000,64170.1,64306.2,63522.7,64116.5,24505.702
1724544000000,64116.6,64549.0,63962.9,64065.0,22855.305
1724558400000,64065.0,64164.3,63751.0,63835.4,14721.603
1724572800000,63835.5,63990.0,63731.3,63851.7,12960.856
1724587200000,63851.7,64270.0,63777.0,64099.9,16885.471
1724601600000,64099.9,64226.2,63950.0,64152.2,8486.783
1724616000000,64152.3,65175.4,64098.6,64190.2,39636.87
1724630400000,64190.1,64455.8,63711.2,64089.5,23198.666
1724644800000,64089.5,64183.2,63541.9,63603.2,21222.012
1724659200000,63603.3,64022.2,63074.5,63816.6,33534.559
1724673600000,63816.6,63934.7,63032.0,63493.0,54988.264
1724688000000,63493.0,63859.2,63138.4,63305.0,35175.091
1724702400000,63305.0,63536.1,62750.2,62807.6,27858.63
1724716800000,62807.7,63196.0,62618.0,62947.2,29706.099
1724731200000,62947.1,63178.7,62688.5,62882.0,20401.076
1724745600000,62881.9,62987.1,62200.2,62392.5,39119.07
1724760000000,62392.4,62485.2,61426.1,61673.3,76715.331
1724774400000,61673.4,62165.0,61484.3,62071.8,33637.142
1724788800000,62071.8,62075.0,57928.2,59384.5,139691.087
1724803200000,59384.4,59625.0,58872.3,59597.3,38342.376
1724817600000,59597.3,59640.0,58475.2,58579.0,29969.699
1724832000000,58579.0,60197.8,58510.0,59900.1,49925.701
1724846400000,59900.2,60131.0,58400.0,58963.4,75714.471
1724860800000,58963.4,59794.7,57820.0,58871.1,82316.682
1724875200000,58871.0,59579.8,58602.6,59010.0,37519.638
1724889600000,59010.0,59300.0,58834.0,59113.0,16919.526
1724904000000,59113.4,59734.1,59040.8,59548.9,19489.42
1724918400000,59548.9,60450.0,59340.0,60040.0,34525.878
1724932800000,60040.0,61144.9,59956.3,60750.9,61927.272
1724947200000,60750.9,60930.0,58876.8,59237.0,74013.459
1724961600000,59236.9,59614.5,58655.0,59323.2,27021.13
1724976000000,59323.3,59468.0,58862.2,59001.0,22767.268
1724990400000,59001.1,59558.0,58650.0,59235.9,31797.878
1725004800000,59236.0,59637.4,59235.9,59367.0,22816.7
1725019200000,59367.0,59914.9,57901.2,58073.1,106557.21
1725033600000,58073.7,59345.8,57525.0,58670.1,69320.59
1725048000000,58670.0,59283.1,58668.8,59096.3,15016.823
1725062400000,59096.4,59436.0,59028.0,59199.9,11958.45
1725076800000,59200.0,59321.8,59044.0,59060.8,8559.326
1725091200000,59060.8,59153.0,58795.4,59093.1,13321.559
1725105600000,59093.1,59215.8,58860.0,58983.7,13422.2
1725120000000,58983.8,59108.3,58700.0,58834.2,13929.987
1725134400000,58834.3,59107.5,58756.0,58941.9,7675.152
1725148800000,58941.9,59052.7,58250.0,58501.6,21088.037
1725163200000,58501.6,58575.7,57728.6,58444.1,36976.487
1725177600000,58444.1,58469.9,57800.0,58208.0,23778.603
1725192000000,58208.1,58345.3,57123.0,58184.1,64849.981
1725206400000,58184.1,58787.2,57834.0,58480.8,31892.443
1725220800000,58480.8,58626.3,57161.1,57268.1,44324.363
1725235200000,57268.1,57735.0,57093.0,57708.7,40517.859
1725249600000,57708.6,57966.9,57316.6,57523.2,22388.633
1725264000000,57523.3,58639.0,57487.7,58396.0,49492.531
1725278400000,58395.9,58783.0,58075.0,58508.0,37132.393
1725292800000,58508.0,58645.4,58267.4,58418.8,15329.088
1725307200000,58418.8,59412.3,58354.8,59112.1,36357.88
1725321600000,59112.2,59790.0,59000.0,59087.9,33235.22
1725336000000,59087.9,59236.7,58838.1,59078.0,21946.896
1725350400000,59078.0,59174.8,58668.5,59038.6,20272.022
1725364800000,59038.5,59332.9,57530.1,57695.1,88841.444
1725379200000,57695.1,58250.0,57560.7,58020.9,42995.514
1725393600000,58021.0,58217.6,57320.0,57451.9,22905.401
1725408000000,57452.0,57920.0,55555.0,56632.9,96559.93
1725422400000,56632.9,56847.2,56107.9,56717.0,36160.82
1725436800000,56717.1,56871.5,56411.6,56536.2,24166.838
1725451200000,56536.1,58137.7,56154.0,58096.2,98800.802
1725465600000,58096.0,58500.0,57615.9,58029.8,53202.151
1725480000000,58029.8,58371.7,57781.3,57944.8,18092.77
1725494400000,57944.8,58318.9,56869.4,57104.1,43700.153
1725508800000,57104.1,57265.0,56500.8,57127.0,36290.493
1725523200000,57126.9,57217.5,56591.0,56666.1,28862.997
1725537600000,56666.1,57300.0,55779.1,55947.0,114809.769
1725552000000,55947.0,56688.9,55760.0,56026.0,46207.195
1725566400000,56025.2,56232.8,55600.0,56145.7,24832.985
1725580800000,56145.7,56836.7,55955.1,56553.7,31267.057
1725595200000,56553.7,56717.8,55250.0,55766.3,48647.469
1725609600000,55766.3,56244.1,55607.3,55972.1,37288.305
1725624000000,55972.1,57000.0,53780.9,54022.1,199654.457
1725638400000,54022.1,54414.0,53235.7,53515.3,95828.271
1725652800000,53515.3,53938.9,52510.8,53927.7,66377.554
1725667200000,53927.7,54082.2,53725.0,53789.2,16109.681
1725681600000,53789.3,54369.7,53780.1,54258.1,26886.448
1725696000000,54258.0,54472.8,54143.5,54298.9,16932.707
1725710400000,54299.0,54800.0,54298.9,54746.6,23152.43
1725724800000,54746.7,54820.2,53969.0,54375.0,26559.311
1725739200000,54375.1,54415.4,53778.1,54134.9,18046.017
1725753600000,54134.9,54478.9,53937.0,54371.5,16385.479
1725768000000,54371.5,54544.8,54232.1,54411.5,13982.548
1725782400000,54411.5,54700.0,54322.9,54528.6,15369.004
1725796800000,54528.7,54544.0,53610.0,53663.6,41767.656
1725811200000,53663.4,54497.4,53596.5,54301.3,25558.946
1725825600000,54301.3,55300.0,54130.3,54839.6,49014.903
1725840000000,54839.6,55351.4,54650.2,55084.9,34856.397
1725854400000,55085.0,55118.3,54557.0,54939.1,25144.536
1725868800000,54939.0,55549.0,54920.7,55236.8,35621.185
1725883200000,55236.7,55774.9,54755.0,55360.3,77478.1
1725897600000,55360.3,57148.6,55319.4,57060.1,89138.154
1725912000000,57060.1,58153.2,56770.4,57010.0,50855.989
1725926400000,57010.1,57041.9,56493.0,56500.1,25864.71
1725940800000,56500.0,57266.6,56361.0,57183.2,28066.767
1725955200000,57183.2,57366.0,56851.1,57190.1,26303.665
1725969600000,57190.1,57439.0,56485.0,56561.0,68550.308
1725984000000,56553.9,58033.2,56525.0,57923.6,58356.336
1725998400000,57923.9,57945.4,57416.3,57609.1,21175.89
1726012800000,57609.2,57729.0,56643.0,56793.5,45303.418
1726027200000,56793.6,56794.9,56050.0,56675.1,42336.08
1726041600000,56675.1,56850.0,56311.0,56768.9,32736.378
1726056000000,56768.9,57138.0,55515.2,56676.1,129132.61
1726070400000,56676.0,57954.4,56618.0,57560.9,74115.014
1726084800000,57560.9,57648.0,57171.0,57306.0,14607.945
1726099200000,57305.6,58465.4,57283.1,58197.9,49947.024
1726113600000,58197.9,58397.5,57810.0,58101.8,24243.847
1726128000000,58101.7,58317.5,57867.0,58031.7,22402.437
1726142400000,58031.7,58606.6,57310.0,57472.1,95837.316
1726156800000,57472.2,58425.7,57454.4,58366.3,46353.896
1726171200000,58366.3,58366.8,57734.9,58097.0,22665.168
1726185600000,58097.1,58226.8,57800.8,57827.0,16460.526
1726200000000,57827.0,58108.8,57708.0,58079.8,16302.311
1726214400000,58079.7,58321.9,57792.5,57852.6,25215.501
1726228800000,57852.6,59706.1,57594.0,59623.5,115499.474
1726243200000,59623.6,59979.2,59278.9,59703.1,61622.677
1726257600000,59703.1,60597.0,59588.0,60456.2,42329.003
1726272000000,60456.2,60572.9,60255.4,60290.5,15486.844
1726286400000,60290.5,60318.8,59866.0,60110.4,17391.535
1726300800000,60110.3,60130.0,59577.7,59680.0,19441.411
1726315200000,59680.1,59988.9,59610.0,59840.1,17932.901
1726329600000,59840.1,59953.0,59360.1,59778.4,20367.115
1726344000000,59778.4,60135.8,59740.0,59964.0,11960.771
1726358400000,59963.9,60247.9,59950.0,60130.2,11165.607
1726372800000,60130.2,60193.6,60047.9,60166.8,7003.375
1726387200000,60166.7,60178.0,59848.6,59977.0,11882.577
1726401600000,59977.0,60369.4,59823.0,60304.6,25224.832
1726416000000,60304.6,60323.1,59663.0,59847.7,29765.693
1726430400000,59847.7,59910.2,58654.0,59100.5,45482.122
1726444800000,59100.5,59182.2,58079.7,58546.5,54220.709
1726459200000,58546.4,58935.0,58279.2,58874.6,26326.722
1726473600000,58874.6,59159.1,58463.6,58630.0,28655.98
1726488000000,58630.1,58766.0,57550.0,57860.7,71193.929
1726502400000,57860.7,58250.0,57446.3,57915.4,48106.279
1726516800000,57915.5,58397.9,57576.1,58187.0,22195.813
1726531200000,58187.0,58320.0,57588.8,58035.2,26540.64
1726545600000,58035.2,58762.0,57993.0,58668.1,23933.192
1726560000000,58668.1,59274.4,58600.0,59055.1,37558.458
1726574400000,59055.0,61345.0,58850.0,61103.0,138114.453
1726588800000,61111.0,61240.6,59600.0,59946.0,66312.487
1726603200000,59945.9,60398.2,59696.0,60281.0,25982.836
1726617600000,60281.0,60747.7,59838.0,60490.0,27659.69
1726632000000,60490.1,60664.9,60166.7,60403.7,18106.577
1726646400000,60403.6,60403.7,59360.1,59824.6,42775.42
1726660800000,59824.5,60130.0,59261.9,59400.1,56105.508
1726675200000,59400.1,61320.7,59138.0,60024.6,158110.08
1726689600000,60024.6,61765.0,59430.0,61735.3,52972.037
1726704000000,61735.3,62555.0,61534.0,62086.5,71083.208
1726718400000,62086.6,62155.0,61779.9,62071.0,23263.94
1726732800000,62071.0,62697.0,61851.3,62604.5,40249.506
1726747200000,62604.5,63483.8,62540.3,63129.0,85542.087
1726761600000,63129.0,63830.1,62905.6,63229.4,56180.057
1726776000000,63229.4,63229.5,62623.4,62926.9,26063.614
1726790400000,62926.9,63728.2,62579.2,63723.3,32841.521
1726804800000,63723.2,64126.7,63363.7,63494.4,52132.864
1726819200000,63494.5,63673.8,63080.1,63417.1,35056.918
1726833600000,63417.2,63528.7,62535.0,63120.2,79408.734
1726848000000,63120.2,63257.6,62320.0,62772.1,41022.336
1726862400000,62772.0,63280.0,62669.2,63175.7,16710.462
1726876800000,63175.8,63282.0,62790.0,62865.1,17298.311
1726891200000,62865.0,63114.6,62714.2,63060.0,12981.75
1726905600000,63060.1,63120.0,62936.8,63058.0,8566.426
1726920000000,63058.0,63286.9,62995.2,63146.6,14099.266
1726934400000,63146.6,63378.8,63054.0,63174.2,12565.693
1726948800000,63174.1,63546.9,63025.0,63320.6,12736.916
1726963200000,63320.6,63423.7,62801.2,63088.9,19579.364
1726977600000,63088.8,63182.4,62808.0,62909.3,10743.317
1726992000000,62909.2,63010.5,62520.2,62751.4,22546.486
1727006400000,62751.4,62915.7,62435.0,62624.2,19079.416
1727020800000,62624.1,63200.0,62443.2,63132.1,22456.101
1727035200000,63132.2,64000.0,62339.0,63558.4,54725.2
1727049600000,63558.5,64724.8,62534.4,64320.1,74683.458
1727064000000,64320.1,64427.9,63356.8,63519.9,35083.345
1727078400000,63519.9,63668.4,63279.5,63399.0,21731.18
1727092800000,63398.9,63778.7,63033.9,63589.6,56370.517
1727107200000,63589.6,63790.0,63077.6,63272.6,28820.318
1727121600000,63272.7,63467.1,63050.0,63302.0,17654.746
1727136000000,63302.1,63377.4,62688.2,63097.6,34882.224
1727150400000,63097.6,63542.9,62913.6,63527.8,18863.348
1727164800000,63527.7,63925.5,63350.0,63446.3,32217.024
1727179200000,63446.3,63744.4,62695.0,63128.8,63631.464
1727193600000,63128.8,64357.7,63056.0,64270.0,49015.976
1727208000000,64270.0,64666.0,63939.2,64243.1,38377.592
1727222400000,64243.2,64800.0,63955.9,64422.4,29755.753
1727236800000,64422.5,64430.0,63612.3,63814.9,25639.113
1727251200000,63814.9,63888.3,63376.0,63808.1,30911.433
1727265600000,63808.1,63971.0,63243.2,63470.1,39594.067
1727280000000,63470.1,63642.4,62963.2,63151.6,37305.727
1727294400000,63151.0,63533.3,62910.0,63118.4,21744.679
1727308800000,63118.3,63518.9,62634.4,63482.9,36878.788
1727323200000,63483.0,63843.1,63311.8,63823.4,22609.118
1727337600000,63823.4,64500.0,63567.0,64373.0,46849.777
1727352000000,64372.9,65549.5,64127.1,65200.0,130644.247
1727366400000,65200.0,65800.0,64656.1,64677.8,56313.884
1727380800000,64677.8,65214.2,64601.6,65139.2,27890.542
1727395200000,65139.1,65412.0,64788.0,65338.0,25651.759
1727409600000,65338.0,65534.6,65071.0,65438.9,26033.49
1727424000000,65438.8,65968.1,65307.0,65408.2,41461.345
1727438400000,65408.3,66450.0,65287.6,65974.0,76731.833
1727452800000,65974.1,66329.0,65477.7,65612.8,43546.194
1727467200000,65612.9,65950.0,65587.2,65749.6,12979.4
1727481600000,65749.5,66237.0,65692.3,66041.0,15236.279
1727496000000,66041.0,66060.1,65706.1,65790.0,12621.823
1727510400000,65790.0,65790.1,65392.7,65761.5,19888.929
1727524800000,65761.5,65796.8,65368.1,65593.7,20472.053
1727539200000,65593.6,65798.7,65460.0,65699.6,9155.286
1727553600000,65699.7,65980.0,65380.0,65822.6,15399.183
1727568000000,65822.7,65954.5,65599.8,65781.6,12438.833
1727582400000,65781.5,65781.6,65400.0,65436.9,12286.502
1727596800000,65436.9,65702.7,65401.0,65670.4,11851.759
1727611200000,65670.4,65832.9,65480.0,65720.0,17725.988
1727625600000,65720.0,65947.4,65623.8,65926.3,12855.578
1727640000000,65926.2,66059.3,65491.4,65568.1,20973.139
1727654400000,65568.2,65588.8,64150.0,64539.9,69881.834
1727668800000,64539.9,64686.0,64300.0,64539.1,24981.714
1727683200000,64539.0,64552.9,63222.0,63794.4,76458.979
1727697600000,63794.4,64130.8,63490.2,63535.6,48875.81
1727712000000,63535.7,63722.4,63036.2,63472.8,45469.704
1727726400000,63472.9,63845.0,62825.0,63309.1,31180.332
1727740800000,63309.0,63732.0,63000.0,63707.2,30145.062
1727755200000,63707.2,64092.6,63627.6,64017.0,23523.665
1727769600000,64016.9,64075.5,63683.1,63699.9,18586.91
1727784000000,63700.0,63784.0,61801.6,62613.8,149631.728
1727798400000,62613.8,62760.0,61100.0,61739.7,126786.01
1727812800000,61739.8,61750.2,60128.2,60776.8,81144.46
1727827200000,60776.7,61858.2,60703.3,61718.0,37462.528
1727841600000,61718.1,61926.7,61325.0,61702.5,27147.209
1727856000000,61702.5,61888.2,60856.8,61140.8,42121.394
1727870400000,61140.8,61902.6,60495.0,61833.9,91786.77
1727884800000,61833.9,62355.0,59934.9,60155.0,93642.638
1727899200000,60155.0,60972.9,60091.3,60622.6,34841.266
1727913600000,60622.7,61445.1,60508.7,61434.3,31925.503
1727928000000,61434.4,61452.6,60789.2,60898.6,24875.301
1727942400000,60898.5,61047.3,60101.5,60733.0,53727.324
1727956800000,60732.9,60909.1,59815.0,60606.5,101228.614
1727971200000,60606.4,61024.1,59888.0,60998.0,55409.577
1727985600000,60998.0,61073.7,60580.0,60727.2,18970.893
1728000000000,60727.1,61247.4,60434.1,60928.7,29090.101
1728014400000,60928.7,61476.1,60896.3,61403.9,21411.632
1728028800000,61403.9,61616.0,61236.0,61423.0,24727.149
1728043200000,61423.0,61985.0,60700.5,61843.1,97099.192
1728057600000,61843.2,62442.8,61611.0,62337.0,46119.924
1728072000000,62337.2,62457.1,61934.0,62054.4,16347.838
1728086400000,62054.3,62169.3,61648.0,61835.5,15990.326
1728100800000,61835.5,62242.4,61790.3,62043.0,11996.567
1728115200000,62043.0,62298.2,62043.0,62149.1,8605.565
1728129600000,62149.1,62344.0,62058.9,62131.4,11275.172
1728144000000,62131.5,62159.4,61740.4,61822.4,15845.23
1728158400000,61822.4,62076.9,61671.9,62023.1,10617.921
1728172800000,62023.1,62132.4,61840.5,61852.4,8978.768
1728187200000,61852.5,61987.7,61778.9,61919.8,6470.994
1728201600000,61919.8,62139.8,61890.0,62067.1,8955.265
1728216000000,62067.0,62750.0,62027.0,62690.4,32004.279
1728230400000,62690.4,62961.5,62511.0,62601.5,20697.883
1728244800000,62601.4,62888.0,62265.0,62789.3,19306.264
1728259200000,62789.2,63950.0,62620.1,63494.6,53427.045
1728273600000,63494.5,63689.8,63281.6,63509.9,19040.589
1728288000000,63509.9,63680.0,62621.9,63114.1,46007.292
1728302400000,63114.1,64448.2,62800.0,63620.0,92256.761
1728316800000,63620.1,63885.0,62700.0,63349.4,46946.801
1728331200000,63349.4,63379.9,62091.8,62190.7,41270.887
1728345600000,62190.6,62794.0,62126.3,62602.4,28564.66
1728360000000,62602.3,62753.3,61941.0,62291.4,35539.487
1728374400000,62291.4,62637.0,62159.8,62595.7,20264.489
1728388800000,62595.8,63178.7,61836.0,62259.9,84886.204
1728403200000,62259.9,62571.8,61843.6,62228.3,42234.458
1728417600000,62228.5,62544.6,62000.0,62131.7,14787.061
1728432000000,62131.8,62478.6,61962.8,62365.0,19352.949
1728446400000,62365.0,62520.9,62164.7,62243.0,14632.884
1728460800000,62243.0,62261.7,62025.0,62177.8,16509.769
1728475200000,62177.7,62386.0,61600.1,62285.4,64587.868
1728489600000,62285.4,62320.0,60800.2,61013.7,60119.581
1728504000000,61013.6,61092.5,60251.9,60606.4,42099.122
1728518400000,60606.3,60930.0,60309.0,60838.7,25500.217
1728532800000,60838.7,61128.1,60782.5,60871.0,15827.297
1728547200000,60871.1,61297.0,60600.0,61235.9,27636.423
1728561600000,61235.9,61294.7,60414.0,60769.9,67108.376
1728576000000,60770.0,61020.0,58900.0,59696.9,99979.096
1728590400000,59696.9,60295.7,59550.0,60293.2,26896.244
1728604800000,60293.3,60749.9,60057.8,60572.6,26586.058
1728619200000,60572.6,60893.4,60541.6,60643.3,19170.546
1728633600000,60643.2,61228.9,60618.4,61140.0,29003.451
1728648000000,61140.1,62432.6,61091.8,62218.0,87805.333
1728662400000,62218.0,63400.0,62080.1,63042.4,75652.829
1728676800000,63042.3,63144.0,62328.0,62509.0,25472.925
1728691200000,62509.0,63055.9,62458.0,62537.0,23211.182
1728705600000,62537.1,62770.0,62537.0,62734.1,10128.848
1728720000000,62734.0,63248.0,62645.5,62900.3,17567.587
1728734400000,62900.4,63462.6,62781.0,63124.8,26797.661
1728748800000,63124.9,63366.8,62862.0,62966.3,16359.048
1728763200000,62966.2,63345.2,62966.2,63176.0,8720.08
1728777600000,63176.0,63260.0,62615.4,62686.2,22542.817
1728792000000,62686.2,62960.0,62675.4,62819.0,9250.078
1728806400000,62819.0,62938.1,62486.1,62528.5,13355.855
1728820800000,62528.4,62811.0,62020.0,62195.3,32569.283
1728835200000,62195.2,62864.8,62141.1,62699.3,33647.995
1728849600000,62699.2,63118.3,62574.1,62839.8,18330.128
1728864000000,62839.7,64377.6,62420.0,64281.6,49743.051
1728878400000,64280.8,64676.7,63752.8,64599.6,63161.449
1728892800000,64599.5,65221.6,64306.9,64899.4,53429.685
1728907200000,64899.5,66288.0,64630.0,65850.9,97129.105
1728921600000,65850.9,66066.0,65520.0,65901.0,41167.572
1728936000000,65900.9,66533.0,65710.0,66064.9,33620.739
1728950400000,66064.9,66312.4,65300.0,65382.1,30836.404
1728964800000,65382.2,65830.0,65200.1,65638.4,27701.846
1728979200000,65638.4,65838.9,65255.0,65385.3,26501.689
1728993600000,65385.3,67953.7,64771.7,65994.6,218343.805
1729008000000,65994.7,67372.9,65952.6,66937.1,78846.996
1729022400000,66937.0,67136.0,66095.8,67044.1,39774.771
1729036800000,67044.0,67548.6,66724.2,67064.5,31340.546
1729051200000,67064.5,67335.9,66732.7,66948.8,24048.074
1729065600000,66948.8,68400.0,66888.0,67872.3,67489.134
1729080000000,67872.3,68299.9,67076.0,67726.0,85352.33
1729094400000,67725.9,68087.9,67447.1,67692.4,30240.739
1729108800000,67692.4,67945.0,67468.1,67592.0,15682.678
1729123200000,67592.0,67925.9,67369.3,67570.0,23822.274
1729137600000,67570.1,67570.1,67054.2,67280.8,27116.955
1729152000000,67280.8,67516.7,66766.0,66853.6,34930.91
1729166400000,66853.5,67673.9,66600.0,67561.9,75033.595
1729180800000,67561.9,67570.0,66682.3,66821.1,42147.009
1729195200000,66821.1,67473.5,66802.6,67401.5,17222.094
1729209600000,67401.5,68268.0,67165.0,67532.3,42849.602
1729224000000,67532.3,68371.0,67520.1,67955.0,35988.833
1729238400000,67955.1,68044.8,67656.6,67692.7,20054.459
1729252800000,67692.7,68870.7,67629.0,68710.0,82701.774
1729267200000,68710.0,69000.0,68338.0,68582.3,44954.462
1729281600000,68582.3,68669.6,68173.4,68407.8,18752.631
1729296000000,68407.8,68684.9,68278.8,68428.4,14128.924
1729310400000,68428.4,68544.6,68270.8,68328.9,9447.218
1729324800000,68328.9,68456.0,68042.5,68071.6,13259.148
1729339200000,68071.6,68347.2,68063.5,68206.9,12650.205
1729353600000,68206.9,68228.9,68000.0,68162.5,9668.409
1729368000000,68162.5,68401.6,68145.2,68357.1,9478.204
1729382400000,68357.1,68435.6,68069.8,68161.1,9136.247
1729396800000,68161.1,68423.0,68151.3,68347.0,10766.222
1729411200000,68347.0,68498.0,68330.0,68396.3,7315.345
1729425600000,68396.4,68749.0,68176.7,68605.0,26395.008
1729440000000,68605.0,68649.0,68384.3,68484.9,9301.881
1729454400000,68484.9,69425.8,68431.9,69020.1,43024.789
1729468800000,69020.2,69566.0,68590.0,68938.0,37444.311
1729483200000,68937.9,69200.0,68468.0,68519.3,26063.349
1729497600000,68519.3,68675.0,68136.0,68250.9,27692.483
1729512000000,68250.8,68350.8,66865.9,67354.3,97480.381
1729526400000,67354.2,67949.0,66920.0,67755.4,45291.764
1729540800000,67755.6,67928.4,67341.4,67368.8,19465.045
1729555200000,67368.7,67688.0,66536.5,67390.3,42456.35
1729569600000,67390.3,67784.9,67278.0,67387.3,17437.114
1729584000000,67387.2,67524.6,66740.0,67280.6,41352.412
1729598400000,67280.6,67718.0,66613.0,67266.8,69808.374
1729612800000,67266.8,67630.0,66902.1,67466.8,29595.381
1729627200000,67466.2,67825.0,67266.6,67406.4,17869.346
1729641600000,67406.5,67449.0,66856.7,67057.8,18075.878
1729656000000,67057.8,67290.0,66779.5,66838.0,18800.014
1729670400000,66838.0,67046.8,66150.0,66406.1,47764.715
1729684800000,66406.1,66921.7,65900.0,66201.6,61638.876
1729699200000,66201.7,66566.0,65222.3,66465.2,80361.232
1729713600000,66465.3,66806.2,66300.0,66647.2,21574.343
1729728000000,66647.3,67615.3,66482.0,67192.7,37890.497
1729742400000,67192.7,67457.0,67050.0,67104.4,17146.619
1729756800000,67104.5,67327.2,66700.0,67276.3,28291.929
1729771200000,67276.3,68000.0,67243.3,67672.7,58248.604
1729785600000,67672.7,68296.0,67329.2,68279.7,35683.92
1729800000000,68279.7,68842.5,67890.0,68173.8,35079.153
1729814400000,68173.8,68256.5,67800.0,67983.1,21316.585
1729828800000,67983.2,68019.3,67222.4,67503.6,30679.87
1729843200000,67503.6,68158.0,67289.5,68081.6,29234.239
1729857600000,68081.6,68748.0,67397.1,67660.6,69478.441
1729872000000,67660.6,67895.5,65950.3,66825.8,130344.496
1729886400000,66825.7,67376.9,65557.2,66662.8,67458.24
1729900800000,66662.7,67016.1,66414.1,66885.7,27492.406
1729915200000,66885.8,67211.2,66730.1,66982.0,14541.648
1729929600000,66982.0,67250.0,66939.5,67110.1,11608.638
1729944000000,67110.2,67156.0,66708.0,66864.2,18967.953
1729958400000,66864.3,67160.0,66760.5,67154.5,10647.402
1729972800000,67154.4,67450.0,67056.5,67071.8,10911.945
1729987200000,67071.9,67297.2,66909.4,67261.8,8720.051
1730001600000,67261.9,67291.8,67081.6,67174.7,5970.87
1730016000000,67174.7,67246.0,67011.1,67101.1,7730.454
1730030400000,67101.0,67835.1,67095.0,67759.9,26035.205
1730044800000,67759.9,67994.2,67513.0,67816.8,16831.536
1730059200000,67816.8,68306.1,67600.0,67992.6,23180.692
1730073600000,67992.7,68094.6,67651.0,67698.1,17259.456
1730088000000,67698.1,68666.0,67584.2,68395.2,31198.17
1730102400000,68395.3,68820.9,68207.4,68731.1,31556.121
1730116800000,68731.1,69272.1,68390.6,68459.1,73534.015
1730131200000,68459.1,69902.4,68424.0,69566.1,71038.675
1730145600000,69650.0,70331.0,69480.3,69940.0,31542.185
1730160000000,69939.9,71607.0,69733.0,70927.5,70969.906
1730174400000,70927.4,71343.9,70803.0,71004.2,27074.597
1730188800000,71004.1,71580.0,70960.0,71440.1,27038.505
1730203200000,71440.0,72490.0,70900.0,72374.9,101844.283
1730217600000,72374.9,73660.0,72328.6,72528.6,111067.51
1730232000000,72534.6,72999.0,71871.1,72739.5,44507.259
1730246400000,72739.5,72797.4,72018.0,72249.9,28141.259
1730260800000,72249.9,72628.5,72112.6,72244.8,18203.431
1730275200000,72244.8,72620.0,71931.1,71995.0,28224.538
1730289600000,71994.9,72484.5,71444.2,72058.8,69872.822
1730304000000,72058.8,72207.1,71655.0,71826.1,25715.669
1730318400000,71826.0,72984.9,71631.6,72349.0,56951.089
1730332800000,72349.0,72598.5,72030.5,72359.9,19966.004
1730347200000,72360.0,72488.9,72144.8,72417.8,12421.816
1730361600000,72417.8,72720.3,72150.0,72213.3,25593.011
1730376000000,72213.4,72270.0,70453.1,70638.7,108897.549
1730390400000,70638.6,70922.4,70050.0,70128.1,54149.039
1730404800000,70128.0,70669.7,69705.0,70321.9,35457.909
1730419200000,70321.9,70500.0,68870.4,69397.7,61743.169
1730433600000,69397.7,69721.8,69100.9,69301.0,21979.496
1730448000000,69301.0,70248.6,69270.0,70024.8,33299.189
1730462400000,70024.7,71650.0,69036.0,69381.0,132614.932
1730476800000,69381.1,70543.3,68822.5,69278.6,82079.073
1730491200000,69278.6,69634.9,68856.3,69495.5,20875.229
1730505600000,69495.4,69913.1,69480.8,69599.9,13396.546
1730520000000,69599.9,69822.5,69450.0,69813.1,9480.066
1730534400000,69813.0,69846.2,69413.0,69602.5,9919.876
1730548800000,69602.6,69700.0,69022.8,69394.0,25701.195
1730563200000,69393.9,69610.9,69221.6,69502.6,11944.529
1730577600000,69502.5,69570.0,69150.1,69366.6,8871.893
1730592000000,69366.6,69393.7,67846.0,68367.5,53265.097
1730606400000,68367.6,68772.8,68287.6,68395.6,20698.181
1730620800000,68395.5,68605.5,68183.8,68345.4,17859.381
1730635200000,68345.4,68549.7,67446.6,68076.0,57554.991
1730649600000,68075.6,68691.4,67660.0,68670.0,43218.091
1730664000000,68670.0,69348.0,68483.1,68762.5,33881.635
1730678400000,68762.5,69495.3,68220.0,69034.0,31791.122
1730692800000,69034.0,69397.2,68600.9,68601.0,21320.158
1730707200000,68601.0,69029.8,68456.3,68778.0,25361.648
1730721600000,68778.1,69243.8,68173.3,68614.7,47079.052
1730736000000,68614.8,68808.6,67205.0,67845.7,66818.212
1730750400000,67845.6,68093.0,66810.0,67834.3,52541.974
1730764800000,67834.4,68264.3,67454.2,68226.3,26196.71
1730779200000,68226.2,68967.0,68200.0,68876.0,24619.45
1730793600000,68875.9,69100.0,68588.2,68788.4,24112.3
1730808000000,68788.5,70300.0,68642.1,69615.3,85206.886
1730822400000,69615.2,70537.4,68650.0,68955.9,72195.636
1730836800000,68955.9,69875.1,68786.4,69353.1,40739.888
1730851200000,69353.1,75656.1,69272.7,74367.1,220262.621
1730865600000,74367.1,75486.4,73112.0,73435.9,150835.366
1730880000000,73435.8,74488.1,72721.5,74291.6,80333.054
1730894400000,74291.7,74801.1,73500.0,74289.6,98258.389
1730908800000,74289.7,75896.5,74134.5,75817.9,72281.048
1730923200000,75817.9,76420.0,75500.0,75579.9,55469.808
1730937600000,75579.9,76072.5,75000.0,75062.9,42389.268
1730952000000,75062.8,75083.0,74450.0,74800.0,33140.462
1730966400000,74800.0,75195.0,74719.3,74776.9,22641.139
1730980800000,74776.9,76094.6,74508.0,76081.6,53654.903
1730995200000,76081.5,76750.4,75577.8,76533.3,85759.805
1731009600000,76533.2,76900.0,75471.1,75859.4,43089.456
1731024000000,75859.4,76350.2,75576.3,75900.4,26499.94
1731038400000,75900.4,76247.0,75696.1,76171.0,20162.471
1731052800000,76171.0,76350.0,75775.8,75951.9,23054.513
1731067200000,75952.0,76627.8,75620.1,76423.3,58380.345
1731081600000,76423.3,77182.9,75820.0,76894.4,72505.49
1731096000000,76894.4,77080.4,76278.5,76482.2,29767.565
1731110400000,76482.2,76618.3,76122.4,76330.0,15792.551
1731124800000,76330.1,76800.0,76285.7,76523.9,18270.772
1731139200000,76523.9,76735.0,76358.8,76478.6,12472.435
1731153600000,76478.6,76552.1,76255.0,76305.7,15353.18
1731168000000,76305.6,76700.0,75683.2,76195.2,35282.838
1731182400000,76195.2,76920.0,76158.8,76675.1,20582.258
1731196800000,76675.1,77543.1,76501.1,77204.0,45047.568
1731211200000,77204.0,79882.8,77133.3,78858.2,112080.688
1731225600000,78858.2,80178.0,78858.1,79926.7,48780.387
1731240000000,79926.7,80200.0,79200.0,79735.1,54489.793
1731254400000,79735.1,81199.0,79386.0,79793.4,75109.372
1731268800000,79793.4,81699.8,78549.2,80410.0,81919.091
1731283200000,80409.9,81944.6,80261.2,81662.4,47331.713
1731297600000,81662.3,81783.5,80467.0,81147.9,38159.913
1731312000000,81147.8,82431.4,81051.6,82168.7,52573.957
1731326400000,82168.7,84359.7,81467.5,84114.2,143031.996
1731340800000,84114.1,86971.0,83897.2,86181.0,158908.501
1731355200000,86180.9,89800.0,86123.1,88728.9,174135.582
1731369600000,88729.0,89589.2,86657.4,88145.1,112158.288
1731384000000,88145.0,90070.1,87769.0,89095.4,82836.942
1731398400000,89095.5,89590.2,85500.0,87229.5,152590.451
1731412800000,87229.5,87933.3,85159.9,86659.9,131106.429
1731427200000,86660.0,89830.0,85792.5,88762.8,98262.57
1731441600000,88762.9,89920.0,87384.6,87972.0,62526.904
1731456000000,87972.0,88619.0,87061.6,87198.2,50628.657
1731470400000,87198.3,87755.0,86180.0,87402.9,52550.607
1731484800000,87402.9,88154.3,87132.4,87710.7,32402.081
1731499200000,87710.7,92808.0,87551.0,92608.1,179178.401
1731513600000,92608.0,93421.1,90005.8,90218.8,144613.188
1731528000000,90218.8,91233.0,88005.1,90413.3,95915.363
1731542400000,90413.3,90642.5,89531.7,89988.0,37865.206
1731556800000,89988.1,90900.0,89095.5,90818.9,35453.645
1731571200000,90818.9,91726.1,90370.0,91536.7,58116.522
1731585600000,91536.8,91846.1,87855.0,88000.0,106437.305
1731600000000,87999.9,89763.9,87555.0,89502.7,59001.492
1731614400000,89502.6,89502.6,86714.0,87382.7,67747.51
1731628800000,87382.6,88544.5,87302.4,88253.1,33647.259
1731643200000,88253.2,88450.0,87111.0,87693.9,30043.698
1731657600000,87693.9,89831.1,87418.4,89782.9,45281.393
1731672000000,89783.0,90780.0,87815.0,88485.4,100346.13
1731686400000,88485.5,90898.0,88428.9,90418.4,60358.503
1731700800000,90418.5,91921.5,90371.1,91074.6,44754.925
1731715200000,91074.6,91745.0,90900.0,91286.8,22409.14
1731729600000,91286.9,91849.8,91107.4,91173.3,15216.836
1731744000000,91173.3,91650.1,91050.0,91240.1,16860.827
1731758400000,91240.1,91384.4,90120.0,90578.0,37507.082
1731772800000,90577.9,91443.5,90250.0,91176.9,22394.018
1731787200000,91176.9,91253.7,90350.3,90643.3,14635.544
1731801600000,90643.2,90954.9,89400.1,90294.9,31001.004
1731816000000,90294.9,90949.9,90194.2,90600.0,19011.425
1731830400000,90600.0,91539.6,90523.3,90743.4,25814.112
1731844800000,90743.3,91250.0,89935.7,90305.1,32101.076
1731859200000,90305.2,90701.0,89713.7,90099.5,25084.894
1731873600000,90099.6,90276.3,88736.1,89899.9,34492.281
1731888000000,89900.0,91000.0,89666.9,90728.6,22915.771
1731902400000,90728.6,92414.9,90502.1,91795.9,38769.822
1731916800000,91795.9,92338.9,90077.7,90338.7,44082.727
1731931200000,90338.7,92700.0,89422.1,92407.8,95658.795
1731945600000,92407.8,92675.9,89706.2,90657.8,78011.62
1731960000000,90657.7,92084.7,90280.0,90507.4,54118.375
1731974400000,90507.4,91634.2,90405.6,91499.9,24546.623
1731988800000,91500.0,92123.7,91292.5,91696.0,23000.398
1732003200000,91696.1,92029.2,91250.0,91717.6,24939.284
1732017600000,91717.6,92885.0,91015.6,92453.3,96334.675
1732032000000,92455.5,93985.9,92105.9,93271.4,79233.61
1732046400000,93271.6,93633.1,91334.4,92335.9,55477.441
1732060800000,92335.9,92459.2,91500.0,92072.1,26421.429
1732075200000,92072.0,92866.6,91882.4,92856.6,21131.099
1732089600000,92856.6,93712.5,92730.2,93485.1,40106.881
1732104000000,93485.2,94849.0,93328.6,94737.6,96267.382
1732118400000,94737.6,94840.0,93093.3,93999.9,78303.055
1732132800000,93999.9,94626.8,93750.3,94288.0,27814.381
1732147200000,94288.0,95991.4,94008.7,95790.2,61140.448
1732161600000,95790.1,97899.9,95790.1,96950.0,83899.747
1732176000000,96950.0,98438.9,96757.6,98014.0,54909.632
1732190400000,98014.0,98289.3,95625.0,96684.0,103958.368
1732204800000,96684.1,99100.0,96311.0,97891.5,76195.107
1732219200000,97891.5,98767.0,97531.7,98366.8,38279.834
1732233600000,98366.8,99414.0,97860.1,98888.9,38616.603
1732248000000,98888.9,99537.6,98550.0,99252.6,32825.662
1732262400000,99252.6,99340.0,98300.0,98929.9,33443.457
1732276800000,98930.0,99019.2,97199.9,98696.5,77364.746
1732291200000,98696.6,99660.0,98264.2,99112.6,54528.558
1732305600000,99112.6,99500.0,98508.1,98921.4,28995.041
1732320000000,98921.5,98937.3,98309.9,98702.6,17253.83
1732334400000,98702.6,98842.8,98314.4,98600.6,14055.072
1732348800000,98600.5,98666.0,98355.0,98470.8,11785.19
1732363200000,98470.8,98916.8,98412.8,98426.0,19215.669
1732377600000,98426.1,98504.4,97368.0,97562.4,40309.275
1732392000000,97562.5,98088.4,97173.5,97725.5,17739.386
1732406400000,97725.6,98666.0,97670.9,98260.8,17187.628
1732420800000,98260.9,98490.8,97947.4,98490.1,12556.249
1732435200000,98490.1,98578.9,97286.0,97337.6,20554.068
1732449600000,97337.6,97680.0,95976.0,95986.4,60350.265
1732464000000,95986.3,96846.4,95822.1,96396.8,32601.995
1732478400000,96396.8,98429.7,96265.1,97960.4,29868.635
1732492800000,97960.5,98106.9,96929.9,97935.9,22932.841
1732507200000,97935.8,98421.6,97600.0,98112.9,20355.41
1732521600000,98113.0,98999.0,97911.1,98268.0,32738.055
1732536000000,98268.1,98390.0,94665.4,96040.4,112741.637
1732550400000,96040.4,96562.7,94467.4,94723.6,64872.212
1732564800000,94723.7,95366.8,92666.0,93064.0,75734.866
1732579200000,93064.0,94981.8,92800.1,94537.8,39545.582
1732593600000,94537.7,95064.0,93533.9,93842.1,24648.316
1732608000000,93842.1,93846.1,91553.0,92420.0,90231.256
1732622400000,92420.0,93639.5,91809.9,92877.4,73826.177
1732636800000,92877.4,94745.2,91650.6,91760.0,67285.049
1732651200000,91760.0,92443.2,90866.4,92021.4,49392.853
1732665600000,92021.5,93133.0,91864.0,92645.3,30203.735
1732680000000,92645.2,93721.8,92413.2,93651.3,23144.634
1732694400000,93651.3,93939.0,93167.2,93423.8,21517.494
1732708800000,93423.8,95908.0,92903.4,95610.5,67850.746
1732723200000,95610.4,96687.4,95238.7,96670.0,54604.299
1732737600000,96670.1,97250.0,95776.6,95905.2,39685.079
1732752000000,95905.2,96627.6,94878.2,95523.1,30725.546
1732766400000,95523.1,95985.1,95135.8,95371.6,21039.487
1732780800000,95371.5,95862.0,94700.1,95509.9,28019.076
1732795200000,95509.9,96284.0,94950.0,95067.3,35794.858
1732809600000,95067.3,95521.5,94863.8,95196.3,18747.366
1732824000000,95196.4,96082.7,94768.0,95694.4,19680.693
1732838400000,95694.4,96932.9,95404.5,96646.4,24959.608
1732852800000,96646.5,96684.4,95669.4,95690.2,19223.755
1732867200000,95690.2,97437.1,95690.1,97302.2,30200.689
1732881600000,97302.2,98713.3,96822.0,98076.2,60395.647
1732896000000,98076.3,98514.9,96903.2,97380.0,41569.331
1732910400000,97380.0,97687.4,97036.9,97516.3,14171.919
1732924800000,97516.2,97522.1,96400.0,96708.1,23965.592
1732939200000,96708.1,97300.0,96599.8,96843.3,19485.822
1732953600000,96843.3,97047.2,96150.0,96321.3,16897.44
1732968000000,96321.3,96800.0,96300.0,96707.4,11979.631
1732982400000,96707.4,97128.4,96581.9,97072.5,10495.275
1732996800000,97072.6,97109.1,96380.0,96475.1,10250.458
1733011200000,96475.2,96746.3,95736.5,96404.0,26132.18
1733025600000,96404.0,96585.0,96249.1,96525.4,9153.515
1733040000000,96525.4,97250.0,96480.0,97163.7,21533.374
1733054400000,97163.7,97481.3,96705.3,97081.4,20941.01
1733068800000,97081.5,97632.8,97029.5,97242.0,15616.016
1733083200000,97242.1,97933.0,96852.7,97265.1,19846.895
1733097600000,97265.0,98266.0,96402.5,96549.8,29835.063
1733112000000,96549.9,97000.0,95788.4,96053.6,39372.545
1733126400000,96053.5,96177.9,94887.0,95191.3,43471.871
1733140800000,95191.4,97286.2,94826.0,97106.5,60495.623
1733155200000,97106.6,97435.0,94400.0,95873.9,63080.969
1733169600000,95873.9,96389.9,95171.5,95890.5,21357.84
1733184000000,95890.6,96375.0,95463.6,96136.8,18629.132
1733198400000,96136.8,96324.9,95336.3,95608.8,17487.71
1733212800000,95608.8,95739.8,94661.3,95045.8,25645.596
1733227200000,95045.9,96315.5,93605.0,95743.7,85647.457
1733241600000,95744.7,96236.3,94925.8,95512.7,38288.732
1733256000000,95512.6,96200.0,95337.2,95913.3,20903.353
1733270400000,95913.3,96740.0,95271.6,95852.0,27822.359
1733284800000,95852.1,96799.9,95783.5,96652.1,18405.832
1733299200000,96652.2,97041.1,96239.7,96270.0,20925.907
1733313600000,96270.1,96634.6,95398.1,95813.0,54479.082
1733328000000,95813.0,97310.3,94650.8,97283.4,67941.454
1733342400000,97283.4,99099.9,97189.3,98669.8,86374.571
1733356800000,98669.8,104630.4,97970.5,103084.8,155798.412
1733371200000,103084.7,103696.7,101359.8,102292.1,69178.653
1733385600000,102292.1,103228.9,102290.3,102668.2,31253.697
1733400000000,102668.2,103661.7,100932.6,101350.1,82540.521
1733414400000,101350.1,102063.8,98704.6,99111.6,78445.371
1733428800000,99111.5,99542.9,90200.0,97001.5,163060.737
1733443200000,97001.6,98858.6,96429.5,97802.7,54871.518
1733457600000,97802.7,98356.6,97422.8,98209.6,23490.73
1733472000000,98209.7,98765.4,97705.2,98127.4,34097.618
1733486400000,98127.4,99592.1,97550.0,99358.5,67051.277
1733500800000,99358.5,101900.0,98800.0,101532.6,67789.279
1733515200000,101532.6,101988.8,99111.0,99802.5,35069.186
1733529600000,99802.5,100499.0,99361.0,99383.0,19615.533
1733544000000,99383.0,99741.0,98876.9,99442.6,21001.06
1733558400000,99442.6,99895.3,99314.8,99660.4,12084.542
1733572800000,99660.3,99890.0,99101.7,99811.4,15668.723
1733587200000,99811.5,100336.8,99528.0,100140.6,15477.404
1733601600000,100140.7,100497.5,99655.0,99899.2,12011.396
1733616000000,99899.2,100415.0,99686.4,99996.7,10362.305
1733630400000,99996.7,100100.0,99388.5,99741.5,11720.725
1733644800000,99741.6,99898.0,98709.4,99755.3,24081.257
1733659200000,99755.2,100597.5,99409.3,99975.0,29860.114
1733673600000,99974.9,100272.2,99538.4,100182.3,14904.59
1733688000000,100182.4,101457.9,99800.0,101200.0,18826.685
1733702400000,101200.1,101300.0,98500.1,99180.0,41149.178
1733716800000,99179.9,99798.1,98374.3,99637.1,29272.885
1733731200000,99637.2,99757.5,98112.0,98157.4,37959.165
1733745600000,98157.5,100481.3,97555.0,97856.0,78567.275
1733760000000,97856.1,98448.5,97029.5,97126.8,42609.82
1733774400000,97126.8,97627.3,94039.7,97349.1,97415.267
1733788800000,97349.1,98197.8,95591.9,96958.0,47046.703
1733803200000,96957.9,97540.8,95923.8,97217.7,28323.888
1733817600000,97217.7,97948.0,96961.1,97745.8,20244.349
1733832000000,97745.7,98320.6,95639.5,95687.9,69046.59
1733846400000,95674.8,96566.8,94265.5,95862.9,98509.952
1733860800000,95862.9,97238.9,95621.1,96602.4,28319.262
1733875200000,96602.3,97643.0,95650.0,97406.8,37997.227
1733889600000,97406.9,97800.0,97185.7,97337.9,14407.389
1733904000000,97337.9,98499.9,97310.6,98289.7,24609.143
1733918400000,98289.7,100798.6,98047.5,100352.7,66071.763
1733932800000,100352.7,101136.6,99583.4,101094.1,50125.706
1733947200000,101094.2,101880.0,100844.6,101115.3,28596.477
1733961600000,101115.3,101812.3,100309.8,101000.0,27234.965
1733976000000,101000.0,101162.1,100359.6,100481.6,17652.59
1733990400000,100481.5,101122.4,100150.0,100339.8,20809.1
1734004800000,100339.8,101850.0,100336.3,101775.1,56891.436
1734019200000,101775.1,102538.4,99280.2,99455.1,64519.39
1734033600000,99455.1,100461.5,99428.6,99982.4,28111.594
1734048000000,99982.3,100333.0,99149.6,99690.6,21321.108
1734062400000,99690.6,100215.0,99446.4,100100.0,15814.867
1734076800000,100099.9,100770.0,99863.5,100331.3,17660.896
1734091200000,100331.3,101339.0,99653.6,99831.0,38171.736
1734105600000,99831.0,101869.5,99750.0,101416.0,45302.268
1734120000000,101416.1,101822.4,101028.7,101371.9,14166.443
1734134400000,101371.9,102638.0,101106.1,102040.7,30294.884
1734148800000,102040.7,102113.6,101557.8,101787.0,12566.304
1734163200000,101787.0,101840.2,101298.4,101562.7,9813.394
1734177600000,101562.6,101729.2,100777.0,101601.9,26386.649
1734192000000,101601.9,101716.3,100806.0,101293.0,17681.995
1734206400000,101293.1,101450.0,100559.8,101381.0,10937.323
1734220800000,101381.0,102165.4,101200.1,101700.1,15592.176
1734235200000,101700.0,102900.0,101460.8,101671.9,27541.411
1734249600000,101671.8,102666.0,101525.2,102623.1,15406.991
1734264000000,102623.0,103362.3,102438.0,102668.5,31971.916
1734278400000,102668.5,103498.9,102556.3,103227.7,18789.402
1734292800000,103227.8,105374.6,102592.4,104460.4,48432.02
1734307200000,104460.5,106665.8,104245.2,104560.0,62637.778
1734321600000,104560.0,105390.0,104439.3,104949.9,18270.625
1734336000000,104950.0,104991.7,103585.2,103717.8,24163.793
1734350400000,103717.9,106466.9,103264.6,106281.2,72852.537
1734364800000,106281.1,107777.0,105769.0,106546.0,71322.401
1734379200000,106546.1,106618.2,105424.0,106023.2,25148.622
1734393600000,106023.2,106980.0,105623.0,106824.4,21309.575
1734408000000,106824.4,107113.9,106331.6,106784.0,16950.593
1734422400000,106784.0,107493.9,106671.7,106777.2,21219.982
1734436800000,106777.1,108366.8,105674.0,106429.9,71086.715
1734451200000,106429.9,107596.0,106104.6,106450.5,40303.166
1734465600000,106450.4,106877.3,105252.0,106074.6,26903.881
1734480000000,106074.6,106484.6,104527.6,104716.8,36652.409
1734494400000,104716.8,104716.9,103065.6,104200.1,46474.659
1734508800000,104200.1,104993.7,103683.9,104978.6,21989.201
1734523200000,104978.6,105343.8,103611.7,104395.1,45761.763
1734537600000,104395.2,104959.4,102777.1,102782.1,60569.29
1734552000000,102781.8,102954.8,99951.1,100181.1,117134.613
1734566400000,100181.2,101305.1,98744.0,101163.3,68598.754
1734580800000,101163.4,101694.9,100613.2,101615.2,19507.702
1734595200000,101615.1,102600.0,101338.8,102419.9,23149.224
1734609600000,102420.0,102756.7,99455.0,100631.1,75610.02
1734624000000,100631.1,101162.5,96233.7,97172.1,121737.036
1734638400000,97172.2,98391.4,95681.2,97434.4,64365.727
1734652800000,97434.3,97795.5,95946.9,97083.2,42560.281
1734667200000,97083.2,98243.0,96350.1,97826.1,44423.807
1734681600000,97826.1,97867.5,92613.7,92715.1,108658.87
1734696000000,92715.1,97555.0,92272.6,96961.3,115205.819
1734710400000,96961.4,97721.0,96254.0,97079.6,53735.933
1734724800000,97079.6,97777.0,95393.8,97764.4,31604.085
1734739200000,97764.5,97773.1,97142.0,97444.9,16567.071
1734753600000,97444.9,99485.0,97330.0,98988.1,32678.501
1734768000000,98988.0,99137.5,97757.8,98225.3,25724.796
1734782400000,98225.4,98253.5,96375.0,97486.5,42516.701
1734796800000,97486.6,97695.0,96800.0,97242.2,22571.885
1734811200000,97242.3,98084.9,96520.0,97261.8,21199.526
1734825600000,97261.7,97437.9,96532.0,96965.1,16009.718
1734840000000,96965.1,97057.0,95867.3,96192.1,22249.568
1734854400000,96192.1,97322.1,96172.1,97054.8,16254.938
1734868800000,97054.7,97266.6,95085.0,95341.0,35517.211
1734883200000,95341.0,96426.7,94642.4,94795.4,27681.696
1734897600000,94795.4,95787.7,94200.0,95153.5,30401.604
1734912000000,95153.4,96019.8,93655.3,95989.9,43781.728
1734926400000,95989.8,96488.8,94639.5,95360.5,28583.122
1734940800000,95360.5,96499.0,94974.2,95899.4,21634.571
1734955200000,95899.4,96377.2,93060.3,93217.6,63342.199
1734969600000,93217.7,94249.3,92634.7,92997.7,49457.666
1734984000000,92997.7,95480.4,92464.4,94861.1,40412.569
1734998400000,94861.0,94861.1,93525.6,94330.1,24731.379
1735012800000,94330.1,94638.6,93774.4,94200.0,14943.809
1735027200000,94199.9,94618.0,93800.0,94369.0,14932.806
1735041600000,94368.3,98274.9,94039.8,98243.5,66173.325
1735056000000,98243.5,99450.0,97522.5,97558.5,60647.937
1735070400000,97558.4,99074.8,97226.2,98627.2,30181.376
1735084800000,98626.9,98848.4,97681.3,98000.0,16945.268
1735099200000,98000.1,98539.5,97807.5,98049.7,11793.716
1735113600000,98049.8,99323.3,97709.9,97889.3,28204.972
1735128000000,97888.4,98797.9,97570.0,98493.3,27000.386
1735142400000,98493.3,99258.0,98100.0,98981.3,16271.137
1735156800000,98981.3,99580.7,98331.5,99379.7,24481.413
1735171200000,99379.6,99950.0,98400.1,98957.7,30003.867
1735185600000,98957.7,98957.7,97647.2,97669.6,20353.109
1735200000000,97669.5,97721.8,95153.0,95662.7,61946.222
1735214400000,95662.6,96227.4,95200.1,95993.5,37273.37
1735228800000,95993.1,96580.0,95400.0,96064.8,28521.113
1735243200000,96064.8,96079.9,95276.4,95751.0,16759.97
1735257600000,95750.9,96419.0,95350.1,96377.8,24193.173
1735272000000,96377.8,96580.0,94620.0,95074.4,33137.794
1735286400000,95080.1,97564.5,95080.1,96900.3,47936.629
1735300800000,96900.3,96999.0,93982.4,94539.9,46582.934
1735315200000,94539.9,94979.9,93440.0,94720.3,38793.661
1735329600000,94720.2,94794.0,94094.0,94258.9,15364.052
1735344000000,94258.9,94687.6,94100.0,94550.6,9504.565
1735358400000,94550.6,94762.3,94256.9,94334.7,7504.281
1735372800000,94334.6,94850.0,94261.7,94711.3,8716.735
1735387200000,94711.3,95346.1,94320.0,94407.7,20174.431
1735401600000,94407.8,95197.3,94356.5,94993.8,12257.034
1735416000000,94993.7,95700.0,94836.0,95259.1,9834.303
1735430400000,95259.1,95300.0,94761.0,95135.3,8086.524
1735444800000,95135.3,95250.0,94930.0,95233.2,4847.215
1735459200000,95233.3,95286.4,94968.4,94986.1,5718.538
1735473600000,94986.2,95195.0,93925.4,94468.4,25557.782
1735488000000,94468.3,94537.7,93333.0,93559.6,26206.812
1735502400000,93559.5,93892.5,92961.8,93700.0,24631.063
1735516800000,93699.9,94240.0,93326.0,93681.1,19319.653
1735531200000,93680.8,94048.9,93181.8,93688.9,16272.993
1735545600000,93688.9,94053.5,93433.0,93900.1,14170.338
1735560000000,93900.1,94249.9,91510.0,92081.5,70350.035
1735574400000,92081.5,94668.5,91758.3,94400.0,56405.037
1735588800000,94400.1,95031.6,91850.0,92759.3,45825.537
1735603200000,92759.3,92875.4,92000.0,92481.5,16941.843
1735617600000,92481.5,93000.0,92315.4,92819.6,11095.688
1735632000000,92819.5,94738.4,92800.0,94202.5,36509.765
1735646400000,94202.4,96254.3,94202.4,95389.4,58306.271
1735660800000,95389.3,95569.6,93145.1,94155.8,41481.273
1735675200000,94155.8,94218.3,93343.4,93548.9,14313.276
1735689600000,93548.8,94449.2,93460.2,93810.0,13962.019
1735704000000,93810.0,93914.7,93502.0,93660.7,7852.483
1735718400000,93660.7,93735.2,92796.5,93420.1,19004.988
1735732800000,93420.1,94489.5,93375.0,94409.9,22127.069
1735747200000,94409.9,94823.2,93729.2,94612.1,14907.698
1735761600000,94612.1,95161.2,94522.1,94580.9,13382.403
1735776000000,94580.9,95523.5,94357.4,95000.0,22798.717
1735790400000,95000.0,96031.4,94971.3,95815.3,20140.275
1735804800000,95815.4,96870.9,95612.5,96715.4,25249.289
1735819200000,96715.4,97440.0,95910.8,96428.5,52717.632
1735833600000,96428.5,97777.0,96018.7,97292.7,44624.753
1735848000000,97292.7,97822.4,96642.7,96967.5,16114.829
1735862400000,96967.6,97325.7,96622.0,97019.1,11388.626
1735876800000,97019.1,97034.9,96236.6,96275.0,14493.689
1735891200000,96275.1,96788.0,96061.5,96710.5,16109.732
1735905600000,96710.4,97637.7,96422.5,97479.5,33904.407
1735920000000,97479.6,98949.0,97353.6,98545.5,36541.023
1735934400000,98545.6,98705.0,98028.5,98145.7,12783.197
1735948800000,98145.7,98272.6,97762.1,98149.4,11796.611
1735963200000,98149.3,98300.0,97830.0,98244.2,7743.12
1735977600000,98244.2,98300.0,97438.2,97831.8,14626.729
1735992000000,97831.8,98117.6,97472.0,97623.6,15225.112
1736006400000,97623.5,98334.6,97535.7,98120.3,9987.065
1736020800000,98120.4,98760.9,98076.4,98173.2,12535.997
1736035200000,98173.2,98349.8,98001.1,98160.1,5656.739
1736049600000,98160.0,98496.3,98160.0,98225.3,7364.236
1736064000000,98225.3,98225.4,97533.6,97609.5,13194.206
1736078400000,97609.5,98248.5,97227.0,97986.6,19204.699
1736092800000,97987.1,98297.3,97530.0,98050.0,12523.264
1736107200000,98050.0,98852.6,97986.3,98340.2,17006.145
1736121600000,98340.2,99278.0,97872.6,99005.0,26621.424
1736136000000,99005.0,99886.7,99005.0,99280.0,25842.394
1736150400000,99280.0,99600.0,98662.7,99219.3,21919.386
1736164800000,99219.2,102443.9,98670.0,102104.5,78806.424
1736179200000,102104.5,102444.0,101223.0,101771.7,38386.837
1736193600000,101771.7,102298.8,101551.2,102180.4,15916.864
1736208000000,102180.5,102762.1,101459.4,101661.3,18124.335
1736222400000,101661.4,101986.1,101528.8,101649.3,9587.694
1736236800000,101649.3,101973.1,100435.4,100787.0,27244.306
1736251200000,100787.0,100914.2,97100.0,97915.3,102572.629
1736265600000,97915.4,98307.9,96295.9,96433.3,68434.86
1736280000000,96433.3,97185.8,96153.0,96920.3,32747.485
1736294400000,96920.2,97242.2,96200.0,96504.1,22590.19
1736308800000,96504.1,96616.3,95222.0,95628.4,38378.445
1736323200000,95628.3,96100.0,94480.7,95093.9,33435.244
1736337600000,95093.8,96064.5,94588.9,95450.0,55769.475
1736352000000,95449.9,95456.2,92500.0,94217.2,87321.554
1736366400000,94217.1,95265.8,93509.8,95014.1,24517.205
1736380800000,95014.0,95358.7,93405.3,93985.0,32781.223
1736395200000,93985.0,94582.0,93156.0,93176.4,23080.953
1736409600000,93176.5,93832.8,92700.0,93414.4,35074.143
1736424000000,93414.3,94547.7,91747.0,94195.2,67736.15
1736438400000,94195.1,94644.8,91853.0,91858.3,54387.438
1736452800000,91858.2,92674.9,91055.8,92505.9,44700.995
1736467200000,92506.0,93682.8,92395.9,93654.9,20708.684
1736481600000,93655.0,94975.2,93450.8,94457.0,26429.005
1736496000000,94457.0,95239.9,94344.5,95030.5,24667.579
1736510400000,95030.5,95078.0,92173.6,93704.0,110225.73
1736524800000,93704.0,95882.5,93151.5,95275.9,64309.711
1736539200000,95276.0,95412.3,94531.4,94675.5,15602.245
1736553600000,94675.6,94700.0,94060.8,94168.3,10624.496
1736568000000,94168.3,94394.3,93802.1,94210.3,9858.079
1736582400000,94210.2,94757.9,94000.0,94570.4,11530.321
1736596800000,94570.4,94613.6,94262.1,94365.8,8787.678
1736611200000,94365.9,94680.3,93943.0,94206.5,12137.832
1736625600000,94206.5,94988.0,94150.9,94562.5,11723.357
1736640000000,94562.4,94665.7,94260.0,94586.0,6125.373
1736654400000,94586.0,94614.5,94227.2,94291.3,4831.221
1736668800000,94291.2,94359.5,93661.1,94209.0,15455.056
1736683200000,94209.0,95444.0,94128.0,95035.6,21151.098
1736697600000,95035.7,95278.0,94527.8,94625.1,11349.438
1736712000000,94625.0,94777.2,93727.4,94499.9,18385.947
1736726400000,94499.9,95934.5,93852.0,94215.4,39756.953
1736740800000,94215.4,94878.0,93222.2,93557.9,29936.963
1736755200000,93557.9,93626.1,90809.8,90827.5,69147.558
1736769600000,90827.5,93055.0,88909.0,92093.6,127451.604
1736784000000,92093.7,92501.5,91207.8,92274.8,54692.581
1736798400000,92274.9,94681.1,91869.3,94485.3,40164.831
1736812800000,94485.4,95260.0,94305.4,94821.2,22691.711
1736827200000,94821.3,95437.8,94710.0,94823.3,16022.964
1736841600000,94823.4,97353.9,94823.3,96508.4,55743.583
1736856000000,96508.3,97250.0,95715.8,96416.7,59887.331
1736870400000,96416.8,97044.8,95309.9,96496.5,43657.669
1736884800000,96496.5,96882.8,96100.1,96514.9,14856.403
1736899200000,96514.9,97530.2,96450.2,97288.7,26432.753
1736913600000,97288.8,97688.0,96689.2,97253.7,22265.926
1736928000000,97253.7,97488.0,96480.0,96725.4,20975.23
1736942400000,96725.5,99746.6,96500.0,98943.4,85483.105
1736956800000,98943.3,100038.1,98550.1,99807.4,34322.161
1736971200000,99807.4,100658.9,99410.3,100460.0,32938.391
1736985600000,100460.0,100850.0,99106.8,99438.8,28294.304
1737000000000,99438.9,99869.2,99284.2,99756.5,12552.843
1737014400000,99756.5,99787.8,98557.8,99107.1,34575.941
1737028800000,99107.1,99479.7,97293.6,99258.3,68005.563
1737043200000,99258.2,100426.0,99023.9,100382.0,46977.234
1737057600000,100382.0,100599.8,99326.3,99937.4,26396.635
1737072000000,99937.4,102133.7,99902.0,101005.1,45074.023
1737086400000,101005.2,101845.6,100900.0,101406.9,16966.096
1737100800000,101406.9,102568.8,101400.0,102181.6,30304.328
1737115200000,102181.6,104198.9,102137.1,103946.2,68462.094
1737129600000,103946.3,105784.0,103772.6,105770.9,59774.108
1737144000000,105771.0,105783.9,104024.8,104042.5,28869.32
1737158400000,104042.6,104620.0,103001.1,103531.1,21840.674
1737172800000,103531.2,103746.7,102561.0,102781.0,37862.007
1737187200000,102781.1,103855.0,102242.8,103547.0,31937.663
1737201600000,103547.0,104962.1,103086.5,104517.1,32980.549
1737216000000,104517.1,104681.7,103110.0,104349.9,30255.347
1737230400000,104349.9,104744.3,103750.0,104524.3,13063.852
1737244800000,104524.3,105439.0,103980.0,104958.3,20810.853
1737259200000,104958.2,105629.4,104214.6,105151.8,24589.2
1737273600000,105151.8,105458.4,103458.6,104353.8,48225.235
1737288000000,104353.8,105743.1,104285.7,104936.0,36699.724
1737302400000,104936.0,106259.8,104520.0,106247.9,21082.5
1737316800000,106247.9,106450.0,99600.0,101311.5,129541.666
1737331200000,101311.5,102300.0,99501.0,101874.5,78880.347
1737345600000,101873.8,110000.0,101519.5,107178.8,116597.377
1737360000000,107178.8,109300.8,107140.0,108267.5,43506.419
1737374400000,108267.6,108756.6,104500.0,105008.7,85667.609
1737388800000,105001.3,107082.8,100138.2,103674.2,174874.235
1737403200000,103674.3,104313.2,101714.4,102247.6,30982.193
1737417600000,102247.7,103279.9,100097.2,102922.7,54348.06
1737432000000,102922.7,102972.5,101102.8,101980.7,27001.2
1737446400000,101980.7,103956.2,101719.4,103725.0,28413.984
1737460800000,103725.0,105292.3,102800.0,103929.1,64361.253
1737475200000,103929.1,107241.6,103781.5,106989.9,68892.901
1737489600000,106989.9,107180.0,105400.2,106114.5,30279.43
1737504000000,106115.4,106390.0,105431.9,105588.2,16342.423
1737518400000,105588.1,105948.6,105037.2,105063.8,16263.508
1737532800000,105063.8,105449.9,104610.0,105083.9,19448.044
1737547200000,105083.9,105557.2,103612.0,104138.0,47832.318
1737561600000,104138.1,104721.8,103211.6,104600.0,32231.051
1737576000000,104600.0,104804.5,103556.7,103664.9,19126.184
1737590400000,103664.9,103777.4,102082.0,102417.0,30890.534
1737604800000,102417.1,102955.0,101550.4,102668.4,24694.165
1737619200000,102668.3,102668.4,101211.0,101909.2,21357.796
1737633600000,101909.2,106000.0,101279.8,105235.2,136243.99
1737648000000,105235.2,106840.2,103342.0,103713.7,83709.753
1737662400000,103713.7,106387.4,102161.9,103864.1,121257.781
1737676800000,103864.0,104289.9,102680.0,103842.6,24734.677
1737691200000,103842.6,105331.2,103745.5,104999.9,21476.673
1737705600000,104999.9,105732.1,104875.7,105374.0,18221.84
1737720000000,105374.1,106307.6,104623.0,105821.8,36536.511
1737734400000,105821.3,107076.5,105533.0,105726.7,39006.248
1737748800000,105726.7,105733.4,104400.0,104808.1,25771.001
1737763200000,104808.0,105234.5,104310.0,105153.9,14022.122
1737777600000,105153.9,105153.9,104128.2,104349.3,10568.419
1737792000000,104349.4,104650.5,104040.6,104626.8,10038.856
1737806400000,104626.9,105066.0,104400.1,104852.1,10788.444
1737820800000,104852.1,105274.7,104410.8,105005.6,13101.27
1737835200000,105005.7,105234.3,104643.3,104702.0,7111.052
1737849600000,104702.0,105263.3,104461.6,105036.5,8524.479
1737864000000,105036.6,105496.9,104905.3,104963.7,6808.86
1737878400000,104963.7,105208.8,104358.3,104775.6,13300.655
1737892800000,104775.6,105043.4,104648.8,104919.9,6971.965
1737907200000,104920.0,105237.0,104850.1,105050.1,6836.178
1737921600000,105050.1,105175.0,102450.3,102560.1,33344.95
1737936000000,102560.0,103216.5,100632.5,101349.2,52340.587
1737950400000,101349.1,101349.3,97680.0,98996.3,72374.471
1737964800000,98996.3,99495.0,98200.0,98700.0,35594.681
1737979200000,98700.1,102267.8,98666.0,101070.8,80059.767
1737993600000,101070.8,101207.1,98820.6,99660.4,47155.292
1738008000000,99660.3,102423.3,99548.9,102021.3,38165.076
1738022400000,102021.3,102846.1,101263.0,102582.7,25966.028
1738036800000,102582.7,103325.3,102473.3,102753.8,20947.894
1738051200000,102754.3,103151.0,102352.3,102717.9,14152.903
1738065600000,102717.9,103797.0,101770.5,102730.6,41814.816
1738080000000,102730.6,103089.9,101778.0,102368.7,35294.657
1738094400000,102368.7,102495.0,100235.0,101279.6,31740.963
1738108800000,101279.7,102300.0,101269.7,101994.0,14925.038
1738123200000,101994.1,102800.6,101908.5,102723.2,12728.903
1738137600000,102723.2,103012.6,102153.8,102594.7,14137.703
1738152000000,102594.7,102783.7,101526.8,101934.2,28727.356
1738166400000,101934.2,103997.0,101365.0,103550.5,58082.504
1738180800000,103550.6,104755.0,102791.0,103698.2,41388.448
1738195200000,103698.1,105287.9,103224.5,105155.7,23135.964
1738209600000,105155.6,105564.5,104762.9,105085.1,21889.357
1738224000000,105085.2,105514.2,104879.3,105251.9,12288.148
1738238400000,105251.9,106450.0,104607.2,105519.4,41745.937
1738252800000,105519.4,105960.0,104704.1,105659.8,21888.068
1738267200000,105659.9,105767.1,104628.3,104676.9,16019.926
1738281600000,104676.9,104982.2,103880.0,104286.7,19595.66
1738296000000,104286.6,104776.4,103926.4,104160.1,15289.239
1738310400000,104160.0,104821.8,103888.6,104691.9,14789.404
1738324800000,104692.0,106000.0,104050.0,105407.0,36319.944
1738339200000,105406.9,105537.0,102100.0,102275.8,54110.43
1738353600000,102275.7,102443.9,101509.0,102379.7,32133.14
1738368000000,102379.8,102734.9,102131.0,102203.9,11261.398
1738382400000,102203.8,102543.0,102058.8,102127.0,7685.936
1738396800000,102127.0,102242.3,101344.0,101980.1,17719.955
1738411200000,101980.0,102297.0,101680.0,102031.5,13065.456
1738425600000,102031.6,102250.0,101392.9,101620.1,12351.277
1738440000000,101620.1,101620.1,100215.0,100603.6,28779.069
1738454400000,100603.6,101426.0,99111.0,99160.8,32062.059
1738468800000,99160.8,100470.1,98989.0,99586.2,24488.446
1738483200000,99586.2,100071.0,98550.0,98811.6,25456.429
1738497600000,98811.5,99384.5,98100.0,99298.6,33912.653
1738512000000,99298.6,99319.0,96750.1,98232.0,67223.464
1738526400000,98232.0,98594.9,96029.6,97664.5,49791.642
1738540800000,97664.5,97748.0,91130.3,94001.6,168653.996
1738555200000,94001.6,95373.1,92595.7,95271.1,40481.456
1738569600000,95271.1,95891.9,94716.5,95070.8,36094.712
1738584000000,95070.9,99501.4,94111.0,98802.7,91828.338
1738598400000,98802.8,101832.0,97993.3,101831.9,73898.605
1738612800000,101831.9,102456.0,100861.0,101293.7,44130.927
1738627200000,101293.6,101729.3,100500.1,100597.1,21676.343
1738641600000,100597.2,100736.3,98183.0,98405.1,52017.001
1738656000000,98405.1,99387.0,97792.8,98924.0,29726.53
1738670400000,98924.1,100371.0,98215.7,99310.6,55172.933
1738684800000,99310.5,100743.6,98724.1,98811.8,38784.927
1738699200000,98812.0,99400.0,96100.0,97709.9,65368.469
1738713600000,97710.0,98914.4,97069.0,97989.5,26689.012
1738728000000,97989.5,98300.0,97320.0,97814.9,17884.945
1738742400000,97814.9,98178.0,97206.0,98161.7,15468.776
1738756800000,98161.7,99124.2,97709.9,98063.3,34048.979
1738771200000,98063.3,98262.3,96442.1,97327.1,33419.487
1738785600000,97327.2,97662.6,96106.1,96553.2,23868.467
1738800000000,96553.2,97460.0,96373.4,97305.6,14758.431
1738814400000,97305.6,98390.5,97215.2,98164.9,15525.03
1738828800000,98164.9,99093.0,97880.0,98826.3,24612.47
1738843200000,98826.3,99019.9,96866.9,97285.6,42424.16
1738857600000,97285.7,97500.0,95613.5,95946.1,43232.83
1738872000000,95946.0,97041.4,95736.0,96515.1,20968.092
1738886400000,96515.0,97805.8,96358.3,97410.2,16612.27
1738900800000,97410.2,97835.0,96536.5,96705.1,17746.436
1738915200000,96705.0,97722.3,96566.3,97703.8,14669.521
1738929600000,97703.8,100112.4,97150.0,98257.1,98527.475
1738944000000,98257.1,98535.5,96817.0,96840.1,45070.845
1738958400000,96840.0,96885.6,95555.0,96454.5,30747.082
1738972800000,96454.5,96850.0,96288.0,96660.0,12426.456
1738987200000,96660.0,96660.1,95714.4,96153.4,13155.164
1739001600000,96153.4,96248.3,95805.0,96074.1,9887.085
1739016000000,96074.0,96466.0,95600.0,95798.0,14840.001
1739030400000,95798.0,96725.2,95685.6,96550.0,13291.749
1739044800000,96550.0,96673.5,96311.6,96411.9,5449.977
1739059200000,96412.0,97284.1,96306.5,97278.4,12620.838
1739073600000,97278.3,97301.7,96738.3,97020.0,7892.281
1739088000000,97020.0,97279.3,96498.5,96511.2,13729.086
1739102400000,96511.2,96663.6,95633.6,96438.0,21436.138
1739116800000,96438.0,96541.6,95828.0,96011.4,10274.1
1739131200000,96011.4,96750.0,94650.1,96423.6,35224.843
1739145600000,96423.6,97091.8,95200.1,96770.0,32348.746
1739160000000,96770.0,97634.0,96591.8,97386.3,23605.802
1739174400000,97386.3,97930.0,97305.5,97627.2,18947.956
1739188800000,97627.3,98328.0,96806.6,97187.7,35096.177
1739203200000,97187.7,97611.0,96828.4,97343.6,16027.97
1739217600000,97343.6,97455.5,97090.3,97379.2,6905.894
1739232000000,97379.2,98108.5,97352.2,97565.5,15100.134
1739246400000,97565.4,98482.2,97514.6,98231.1,16552.116
1739260800000,98231.2,98306.9,97834.3,98100.0,10582.887
1739275200000,98100.1,98112.2,96529.3,96963.3,40145.936
1739289600000,96963.2,97002.0,94814.3,94988.0,43455.599
1739304000000,94988.0,96468.5,94871.2,95731.4,28996.232
1739318400000,95731.4,96230.0,95050.0,95251.4,15872.659
1739332800000,95251.4,96130.1,95213.2,96025.8,12022.343
1739347200000,96025.1,96437.5,95860.5,96062.4,15330.015
1739361600000,96062.4,96596.3,94003.9,95762.1,81170.853
1739376000000,95762.0,97700.0,95074.0,97156.6,52129.395
1739390400000,97156.7,98090.9,96811.2,97816.3,25922.814
1739404800000,97816.3,98053.8,97309.1,97463.4,12528.34
1739419200000,97463.4,97519.3,95706.8,96018.5,29528.25
1739433600000,96018.5,96288.9,95500.0,95883.6,20319.939
1739448000000,95883.6,96432.4,95288.5,95943.5,37774.418
1739462400000,95943.2,96325.0,95160.1,95587.8,26297.007
1739476800000,95587.9,96756.8,95544.9,96560.6,15792.572
1739491200000,96560.6,97163.0,96309.5,97094.9,13958.196
1739505600000,97094.9,97212.0,96505.0,96889.9,12651.199
1739520000000,96889.9,97150.0,96743.4,96844.6,9939.549
1739534400000,96844.6,97561.1,96225.7,96886.5,34393.742
1739548800000,96886.5,98792.8,96444.6,97898.3,51033.979
1739563200000,97898.4,98229.1,96636.7,97445.1,22476.292
1739577600000,97445.2,97941.2,97170.0,97619.4,10051.551
1739592000000,97619.4,97750.0,97306.3,97312.4,5995.987
1739606400000,97312.4,97692.3,97255.2,97569.4,6186.788
1739620800000,97569.5,97899.8,97377.0,97594.5,11164.25
1739635200000,97594.5,97682.4,97274.5,97496.9,7776.703
1739649600000,97497.0,97698.4,97370.0,97538.0,6243.314
1739664000000,97538.0,97665.8,97373.1,97504.9,5666.471
1739678400000,97504.8,97638.8,97137.0,97207.4,5859.374
1739692800000,97207.4,97355.0,97011.0,97293.1,7282.127
1739707200000,97293.1,97295.7,96629.5,96849.9,13685.034
1739721600000,96850.0,97134.0,96572.5,97021.5,9001.586
1739736000000,97021.4,97247.6,96002.0,96067.0,15190.281
1739750400000,96067.0,96605.7,96000.0,96171.5,11350.76
1739764800000,96171.4,96421.9,95739.6,96023.8,13627.4
1739779200000,96023.8,96347.0,95897.1,96018.2,12992.848
1739793600000,96018.3,97000.0,95491.7,95605.5,29886.124
1739808000000,95605.5,95900.0,95150.6,95490.8,24809.586
1739822400000,95490.7,96386.9,95452.8,95743.2,12910.268
1739836800000,95743.1,96296.5,95508.8,96163.1,12045.894
1739851200000,96163.1,96267.7,95199.9,95409.9,18722.38
1739865600000,95409.9,95849.0,95000.0,95606.1,15643.511
1739880000000,95606.0,96737.3,95115.1,95501.6,39510.683
1739894400000,95501.6,95595.0,93321.6,94062.1,59876.925
1739908800000,94062.2,95645.3,93696.4,95622.0,33373.969
1739923200000,95622.0,95929.0,95020.0,95672.1,17813.797
1739937600000,95672.2,95816.2,95012.5,95640.4,16957.175
1739952000000,95640.5,96443.9,95571.2,96392.0,20145.348
1739966400000,96392.0,96676.0,95494.4,95895.4,32576.279
1739980800000,95895.4,96447.0,95362.8,96159.9,22433.716
1739995200000,96159.8,96878.7,96011.6,96598.0,15070.558
1740009600000,96597.9,97339.8,96366.0,97017.4,16242.992
1740024000000,97017.4,97310.4,96743.8,96825.8,10876.646
1740038400000,96825.7,97350.0,96757.2,97164.6,9215.261
1740052800000,97164.6,98000.0,96756.1,96870.5,40545.385
1740067200000,96871.1,98480.0,96838.1,98370.0,34903.809
1740081600000,98369.9,98662.1,97952.8,98252.9,17396.079
1740096000000,98252.8,98450.0,98030.3,98106.1,9636.148
1740110400000,98106.0,98555.0,98072.4,98130.0,9837.915
1740124800000,98129.9,98888.0,98057.5,98579.7,21699.494
1740139200000,98579.7,99431.5,97143.0,98057.6,85401.79
1740153600000,98057.6,98720.0,95201.2,95247.5,85986.94
1740168000000,95247.4,96150.0,94830.4,96127.9,38055.986
1740182400000,96128.0,96399.9,95701.9,96249.9,12887.85
1740196800000,96250.0,96542.7,96219.9,96241.7,8085.678
1740211200000,96241.7,96571.2,96107.0,96526.4,11109.977
1740225600000,96526.5,96988.0,96444.2,96552.4,18121.719
1740240000000,96552.3,96794.6,96333.8,96596.6,10553.783
1740254400000,96596.5,96659.5,96432.6,96503.3,5033.143
1740268800000,96503.3,96602.9,96309.6,96373.7,5921.475
1740283200000,96373.7,96504.1,96102.2,96454.6,10823.841
1740297600000,96454.6,96459.4,96030.0,96064.3,7616.299
1740312000000,96064.2,96118.1,95326.8,95391.5,21371.74
1740326400000,95391.5,95823.5,95180.2,95706.5,11934.582
1740340800000,95706.5,96290.0,95476.5,96218.4,11630.754
1740355200000,96218.4,96470.0,95263.0,95388.1,17763.849
1740369600000,95388.0,95918.4,95018.0,95834.2,17643.499
1740384000000,95834.2,96147.5,95282.4,95774.8,19209.488
1740398400000,95774.9,96055.1,93800.0,94295.9,60104.206
1740412800000,94295.9,95182.3,93612.9,93916.1,39593.268
1740427200000,93917.4,94551.1,91300.0,91514.5,63174.44
1740441600000,91514.5,92500.0,90850.0,92125.3,49736.339
1740456000000,92125.3,92287.0,88131.6,89262.9,92098.853
1740470400000,89262.8,89952.0,86800.0,89186.8,100778.92
1740484800000,89186.9,89499.9,86020.4,87206.9,108732.091
1740499200000,87206.8,88048.9,86125.9,87914.3,72441.612
1740513600000,87914.2,89442.7,87578.1,88639.1,48508.687
1740528000000,88639.1,89367.1,88101.9,88851.8,21365.208
1740542400000,88851.8,89214.8,88366.0,88682.3,16621.135
1740556800000,88682.3,89285.7,88092.0,88570.0,27628.135
1740571200000,88570.1,88641.0,85377.2,87536.4,113336.525
1740585600000,87536.5,87784.7,83265.5,83832.0,137446.696
1740600000000,83832.0,85382.0,82222.0,84208.5,84744.122
1740614400000,84208.6,85397.1,84000.0,85174.0,31978.449
1740628800000,85174.0,86687.5,84640.1,86227.9,33054.482
1740643200000,86228.0,87066.0,85827.1,86655.3,36174.377
1740657600000,86655.4,86756.1,84609.0,85473.0,71815.48
1740672000000,85472.9,85664.8,83567.4,84084.0,44193.184
1740686400000,84084.0,84894.0,82667.0,84668.1,52192.558
1740700800000,84668.2,84858.6,79500.0,80429.2,150178.095
1740715200000,80429.2,80939.9,78787.0,79159.9,109818.611
1740729600000,79159.9,80800.0,78200.2,80474.3,76070.275
1740744000000,80474.4,84380.9,80030.0,83948.1,103925.229
1740758400000,83948.1,85084.5,83153.3,84393.3,72721.105
1740772800000,84393.3,84743.8,83555.0,84299.6,23629.916
1740787200000,84299.6,85638.0,83779.0,85279.3,31502.988
1740801600000,85279.1,86516.5,84698.8,84707.3,39241.067
1740816000000,84707.2,85452.4,84343.0,84593.6,26089.157
1740830400000,84593.6,84908.5,84285.0,84755.1,17714.663
1740844800000,84755.0,85613.4,84652.0,85431.2,16936.818
1740859200000,85431.1,86219.7,85239.6,86007.7,15511.978
1740873600000,86007.7,86449.9,85571.8,85811.9,18529.902
1740888000000,85812.0,86515.0,85490.0,86191.4,13859.725
1740902400000,86191.4,86219.5,85605.0,86047.0,16697.034
1740916800000,86047.1,88644.0,85015.0,87390.1,74595.642
1740931200000,87390.1,94971.0,87236.0,93467.3,192872.48
1740945600000,93467.2,94800.0,93444.9,94222.8,48156.755
1740960000000,94222.0,94373.4,92380.1,92660.0,37429.12
1740974400000,92660.0,93304.9,91150.0,92318.0,40159.56
1740988800000,92318.0,92888.0,91100.0,92700.0,37107.704
1741003200000,92700.0,93666.0,89100.0,90009.5,115283.973
1741017600000,90009.5,90959.1,85495.5,85552.0,122196.084
1741032000000,85552.0,86999.9,85029.0,86192.7,83855.961
1741046400000,86193.3,86773.5,82420.0,83929.0,106129.625
1741060800000,83928.9,84566.0,83100.3,83159.4,32146.523
1741075200000,83159.4,84359.5,83000.1,83890.1,26599.17
1741089600000,83890.1,84934.9,81200.0,82945.0,118850.856
1741104000000,82945.0,88488.0,81911.1,88165.3,91455.087
1741118400000,88165.3,88931.0,86544.0,87245.9,57253.537
1741132800000,87245.9,87850.0,86328.0,86813.6,31773.108
1741147200000,86813.7,87688.0,86694.0,87573.9,15899.215
1741161600000,87573.9,90625.0,87549.0,89777.6,50928.602
1741176000000,89777.6,90897.1,87890.0,88312.6,93893.227
1741190400000,88312.5,90444.0,87558.0,89711.2,63517.478
1741204800000,89711.2,91000.0,89626.3,90566.1,22989.46
1741219200000,90566.1,91988.0,89955.0,91563.2,37147.404
1741233600000,91563.2,92780.3,91222.0,91311.3,32218.874
1741248000000,91311.4,91642.3,90572.4,91319.2,30673.037
1741262400000,91319.2,91420.0,89070.0,90777.9,79791.931
1741276800000,90777.9,91025.7,87790.5,88488.5,73825.248
1741291200000,88488.5,90748.0,88428.8,89887.8,49402.138
1741305600000,89887.9,91257.7,84600.0,86958.5,132530.28
1741320000000,86958.4,88569.9,86809.2,88308.8,26269.039
1741334400000,88308.8,89666.0,87932.0,88928.8,27344.006
1741348800000,88928.9,91107.9,87979.0,88424.9,106013.324
1741363200000,88425.0,88990.0,86530.0,87787.2,87066.667
1741377600000,87787.3,88494.3,85555.0,86753.8,73250.879
1741392000000,86753.8,86876.5,85108.0,85880.0,27166.455
1741406400000,85880.0,86622.9,85607.7,86159.2,14502.391
1741420800000,86159.2,86422.0,85720.0,85923.9,12411.924
1741435200000,85923.9,86587.0,85774.8,86360.0,14833.073
1741449600000,86360.0,86459.0,85605.5,86190.5,18610.891
1741464000000,86190.5,86458.8,85800.0,86184.7,8581.453
1741478400000,86184.7,86470.6,85902.0,86077.1,10664.199
1741492800000,86077.1,86128.3,85753.3,85968.9,8708.738
1741507200000,85968.8,86092.8,84601.3,84990.1,28696.135
1741521600000,84990.0,85028.1,82619.3,83030.5,56855.474
1741536000000,83030.4,83727.8,82176.9,82604.9,53961.081
1741550400000,82605.0,83515.0,79933.4,80688.8,62723.721
1741564800000,80690.7,82694.2,80001.0,82000.1,51441.0
1741579200000,82000.1,82761.0,81947.0,82277.6,18157.406
1741593600000,82277.7,84031.5,81110.0,83540.2,76138.678
1741608000000,83540.3,83728.2,79142.8,80009.7,124660.837
1741622400000,80009.7,80217.6,77410.1,79037.1,106456.31
1741636800000,79035.3,79844.4,78363.6,78567.8,39532.566
1741651200000,78567.8,79888.0,76560.0,79486.6,78235.731
1741665600000,79486.7,80585.5,79411.2,80386.0,33668.415
1741680000000,80386.0,82061.5,80291.0,81684.6,41608.884
1741694400000,81684.5,82240.0,79026.2,81190.7,139695.873
1741708800000,81190.7,83600.0,80600.0,83060.1,74604.747
1741723200000,83060.1,83261.7,82512.4,82896.0,22965.519
1741737600000,82896.0,83741.8,82066.5,82098.2,35999.113
1741752000000,82098.2,82500.0,81250.0,82402.9,37098.324
1741766400000,82402.8,83046.9,81980.0,82972.0,37875.934
1741780800000,82971.9,84487.0,80578.5,81688.1,122716.834
1741795200000,81688.0,83127.4,81575.6,82877.3,53129.002
1741809600000,82877.3,83849.0,82662.0,83640.7,19351.917
1741824000000,83640.7,84307.1,83267.1,83537.1,24001.951
1741838400000,83537.2,83663.0,82813.2,83118.5,24236.411
1741852800000,83118.6,83494.6,82350.0,82939.5,30560.697
1741867200000,82939.3,84030.0,80914.4,81016.0,88799.609
1741881600000,81016.0,81243.8,79903.4,80177.9,58197.608
1741896000000,80177.5,81450.5,80162.9,81085.4,22163.776
1741910400000,81085.5,82249.0,80772.0,81861.5,27108.918
1741924800000,81861.5,82425.0,81730.9,82124.5,17419.406
1741939200000,82124.6,83330.0,82121.2,83202.8,30208.907
1741953600000,83202.9,85270.2,82594.3,84692.2,97510.76
1741968000000,84692.1,84908.8,83908.3,84508.1,40100.559
1741982400000,84504.8,84507.8,83654.7,83939.8,21196.158
1741996800000,83939.9,84625.0,83915.4,84439.9,13976.156
1742011200000,84440.0,84520.0,83752.9,83797.0,12901.624
1742025600000,83797.1,84143.9,83564.5,84054.8,18511.016
1742040000000,84054.7,84442.0,83961.6,84295.8,16141.216
1742054400000,84295.7,84453.4,84060.0,84261.2,9720.647
1742068800000,84261.2,84433.1,84191.2,84302.9,5424.311
1742083200000,84303.0,84357.1,83691.3,84295.9,13994.399
1742097600000,84296.0,84382.2,83924.4,84242.0,10835.962
1742112000000,84242.1,84300.0,82333.4,82367.9,37793.928
1742126400000,82367.9,83454.0,82354.8,83280.0,36041.854
1742140800000,83280.0,85136.0,82500.0,83064.3,51260.232
1742155200000,83064.3,83424.4,81925.6,82541.6,24704.325
1742169600000,82541.6,83696.6,82483.9,83641.0,21622.978
1742184000000,83641.1,83842.8,82630.8,83525.2,23981.245
1742198400000,83525.3,83749.9,83171.7,83475.0,18023.286
1742212800000,83475.0,84000.0,82384.0,83499.0,64260.353
1742227200000,83499.1,84727.1,83054.9,84436.2,39230.746
1742241600000,84436.2,84464.1,83700.0,83962.9,15543.474
1742256000000,83963.0,83979.8,82913.6,83107.6,23013.546
1742270400000,83107.6,83241.1,82207.7,83124.8,33722.964
1742284800000,83124.7,83422.8,82457.6,82550.0,21256.271
1742299200000,82550.1,82791.3,81113.5,81567.8,61034.89
1742313600000,81567.5,82446.8,81203.1,82273.4,33916.237
1742328000000,82273.5,82772.7,81823.5,82666.1,15953.841
1742342400000,82666.2,83200.0,82501.8,83008.4,20173.238
1742356800000,83008.4,83329.9,82752.1,83152.5,16262.798
1742371200000,83152.5,84088.2,83137.8,83848.4,29259.361
1742385600000,83848.5,84855.0,83455.6,84693.3,47755.976
1742400000000,84693.3,85908.0,83500.0,85382.5,102445.196
1742414400000,85382.6,86990.0,85163.9,86809.8,36065.172
1742428800000,86809.8,87500.0,85580.6,85849.5,46168.248
1742443200000,85849.6,85972.3,85383.0,85764.7,17109.791
1742457600000,85764.7,86285.8,84685.5,85462.2,39885.293
1742472000000,85462.9,86490.0,84520.0,84642.1,65648.016
1742486400000,84642.0,84846.1,83613.6,84129.3,55952.889
1742500800000,84129.3,84582.8,83877.4,84183.6,18179.255
1742515200000,84183.6,84813.6,84140.0,84409.9,15520.668
1742529600000,84410.0,84773.6,83650.3,83889.6,20591.929
1742544000000,83889.5,84319.5,83679.8,84006.0,19775.675
1742558400000,84005.9,84344.4,83122.0,83525.9,52089.133
1742572800000,83525.9,84405.9,83333.0,83925.0,25233.681
1742587200000,83925.0,84550.0,83778.0,84050.3,11211.185
1742601600000,84050.3,84286.0,83940.2,84214.1,7551.459
1742616000000,84214.1,84389.0,84110.6,84235.4,6393.596
1742630400000,84235.4,84509.0,84073.7,84190.8,9147.168
1742644800000,84190.8,84257.2,83932.0,84073.5,8977.145
1742659200000,84073.4,84292.0,84021.1,84134.6,6453.155
1742673600000,84134.5,84171.6,83589.5,83804.9,13696.129
1742688000000,83804.9,84241.5,83761.2,84195.1,7066.186
1742702400000,84195.1,84282.4,84025.2,84229.9,5066.142
1742716800000,84229.9,85024.8,84216.8,84651.5,20060.748
1742731200000,84651.4,85231.7,84529.0,85148.0,18572.248
1742745600000,85148.0,85376.4,84756.0,84966.7,19055.791
1742760000000,84966.7,86110.9,84868.9,86044.2,21078.758
1742774400000,86044.1,86619.9,85478.3,86502.6,34610.78
1742788800000,86502.6,87277.5,86502.5,86827.6,31398.367
1742803200000,86827.5,87898.9,86808.0,87643.5,26543.017
1742817600000,87643.6,88752.0,87100.0,88283.6,58494.267
1742832000000,88283.7,88492.1,87630.0,88162.3,34573.071
1742846400000,88162.3,88438.5,87010.0,87463.4,25287.982
1742860800000,87463.4,87644.0,86278.5,86477.4,28269.465
1742875200000,86477.3,86847.3,86260.0,86404.4,22193.451
1742889600000,86404.5,87448.0,86358.2,87323.3,22125.787
1742904000000,87323.4,88221.0,86839.2,87723.0,47579.277
1742918400000,87723.0,88284.0,87532.3,88051.4,23475.471
1742932800000,88054.0,88500.0,87079.0,87369.8,29861.838
1742947200000,87369.9,87864.4,86980.0,87120.6,16890.189
1742961600000,87120.6,88270.2,87000.3,88106.7,22666.057
1742976000000,88106.7,88235.0,87781.8,87914.9,15319.543
1742990400000,87914.9,87975.0,86387.7,86696.9,63270.743
1743004800000,86696.8,87032.6,85816.3,86525.3,40992.066
1743019200000,86525.2,87360.0,86473.8,86873.8,28818.097
1743033600000,86873.9,87722.4,86752.3,87631.1,18655.879
1743048000000,87631.2,87654.2,87210.0,87363.2,10658.862
1743062400000,87363.1,87562.4,86741.5,86900.7,20115.926
1743076800000,86900.7,87528.0,85724.5,86931.2,77093.821
1743091200000,86931.2,87380.6,86738.0,87025.8,23043.518
1743105600000,87025.9,87695.9,86892.0,87191.2,13883.683
1743120000000,87191.2,87470.0,86694.5,86746.8,19440.395
1743134400000,86746.8,86792.8,85121.1,85175.1,50638.309
1743148800000,85175.1,85409.5,84767.0,85214.0,36315.505
1743163200000,85214.0,85575.0,83915.6,84011.1,66581.578
1743177600000,84011.0,84190.0,83531.7,83760.7,32959.417
1743192000000,83760.7,84499.5,83659.6,84380.8,16349.356
1743206400000,84380.8,84589.7,83668.1,84125.7,18318.477
1743220800000,84125.8,84222.0,83618.0,83696.0,11481.064
1743235200000,83696.1,83917.5,81963.0,82255.1,43603.689
1743249600000,82255.1,82839.9,82104.0,82377.3,22396.817
1743264000000,82377.3,82737.6,81601.0,82722.9,29476.229
1743278400000,82722.9,82759.4,82214.0,82604.7,10237.429
1743292800000,82604.8,83456.0,82450.9,83042.8,19850.117
1743307200000,83042.8,83283.3,82818.5,83037.4,13129.496
1743321600000,83037.5,83490.0,82924.1,83080.0,14250.728
1743336000000,83080.0,83229.6,82531.4,82699.9,18904.413
1743350400000,82699.9,82878.2,82000.0,82510.6,19922.238
1743364800000,82510.5,82732.5,81501.4,82352.8,23508.933
1743379200000,82353.1,82416.0,81222.0,81491.5,31536.956
1743393600000,81491.6,82275.5,81358.1,81895.2,19826.27
1743408000000,81895.1,82236.0,81250.0,82171.5,28834.653
1743422400000,82171.6,83895.8,81600.5,83373.4,80021.15
1743436800000,83373.3,83655.4,82350.0,82426.7,32906.251
1743451200000,82426.7,82898.6,82221.0,82517.5,18939.296
1743465600000,82517.5,83213.0,82383.3,82929.9,15244.22
1743480000000,82930.0,83565.0,82846.1,83415.2,15232.027
1743494400000,83415.2,84474.8,83401.0,83879.9,35987.638
1743508800000,83880.0,85475.0,82505.0,85245.4,81146.631
1743523200000,85245.5,85452.5,84666.3,84911.7,31993.203
1743537600000,84911.6,85595.5,84715.7,85120.9,17659.457
1743552000000,85121.0,85217.9,84479.2,84509.5,19256.193
1743566400000,84509.5,84695.0,83846.0,84389.8,24222.399
1743580800000,84389.7,85425.0,84220.0,84528.4,30044.064
1743595200000,84528.3,87288.0,84424.1,86709.5,101403.902
1743609600000,86709.5,87255.0,86142.0,86854.2,42796.162
1743624000000,86854.2,88500.0,82300.0,82485.1,131241.658
1743638400000,82485.1,83889.2,82137.3,83449.0,43538.786
1743652800000,83449.2,83707.9,82962.1,83423.7,18012.198
1743667200000,83423.7,83774.1,83008.4,83058.1,25845.247
1743681600000,83058.0,83112.0,81172.2,82001.8,92135.552
1743696000000,82001.7,82463.7,81504.8,81977.4,35332.973
1743710400000,81977.4,83298.0,81754.9,83181.5,24298.763
1743724800000,83181.7,83376.0,82553.8,82787.9,23066.562
1743739200000,82787.9,83987.0,82569.9,83968.2,24342.362
1743753600000,83968.1,84686.2,81624.6,82633.7,90960.907
1743768000000,82633.7,83682.9,81796.6,82822.0,128058.822
1743782400000,82821.9,84580.0,82700.0,83971.9,67073.197
1743796800000,83969.3,84422.9,83449.7,83861.3,19607.356
1743811200000,83861.4,84244.5,83323.7,83585.7,17023.772
1743825600000,83585.6,83832.1,83300.5,83490.0,10620.814
1743840000000,83490.0,83866.3,83326.2,83428.4,11518.556
1743854400000,83428.3,83516.8,82333.8,82576.4,33111.923
1743868800000,82576.5,83108.8,82561.8,82818.7,12394.7
1743883200000,82818.7,83674.9,82781.5,83506.1,14904.439
1743897600000,83506.1,83790.5,83100.0,83301.7,13707.665
1743912000000,83301.7,83496.9,82980.0,82990.9,10928.376
1743926400000,82990.9,83143.9,82625.0,82810.1,16830.905
1743940800000,82810.1,82944.0,82155.4,82497.4,29601.982
1743955200000,82497.4,82524.9,78635.0,79572.6,108788.065
1743969600000,79572.6,79858.7,77111.0,78390.0,101334.76
1743984000000,78390.1,79311.5,77311.0,77669.6,69452.679
1743998400000,77669.5,77950.0,74457.0,75084.1,120677.337
1744012800000,75084.1,77550.6,75051.7,76655.9,91159.234
1744027200000,76656.0,81200.0,75761.5,78444.6,284460.151
1744041600000,78444.6,79347.1,77262.6,78086.3,91535.93
1744056000000,78093.7,80184.7,78060.0,79140.0,36558.172
1744070400000,79140.1,80832.1,78726.5,79869.2,44433.57
1744084800000,79869.3,80383.4,79177.0,79448.6,25868.771
1744099200000,79448.5,80049.8,78788.0,79949.7,33896.193
1744113600000,79949.7,80359.5,78136.0,78460.0,92487.008
1744128000000,78459.9,78500.0,76311.0,76830.0,100174.783
1744142400000,76832.0,77259.9,76200.1,76297.9,31549.209
1744156800000,76298.0,76834.6,74578.5,75040.0,79097.57
1744171200000,75039.9,77906.6,74952.0,77651.4,75116.64
1744185600000,77651.3,77833.8,75735.9,76204.1,72634.361
1744200000000,76204.1,78288.8,75988.0,77237.6,98020.43
1744214400000,77237.5,82967.4,77104.0,82291.4,183836.453
1744228800000,82291.4,83554.9,81980.1,82588.0,51944.408
1744243200000,82587.9,82706.9,81424.3,81731.8,34510.348
1744257600000,81731.9,82315.4,81241.1,81561.6,28212.148
1744272000000,81561.5,82083.3,81300.9,81839.2,27826.27
1744286400000,81839.1,82488.0,78559.0,78731.7,115295.495
1744300800000,78731.7,80011.8,78416.0,79611.1,67707.74
1744315200000,79611.1,79999.9,79335.2,79560.2,20110.099
1744329600000,79560.3,80855.0,78935.5,80796.9,41672.942
1744344000000,80796.9,81388.0,80460.0,81213.6,30258.33
1744358400000,81213.7,82944.3,80691.3,82096.6,68755.993
1744372800000,82096.5,83297.9,81305.0,82486.7,79925.014
1744387200000,82486.8,84178.7,81968.0,83809.5,54200.084
1744401600000,83809.5,84300.0,83115.1,83378.3,20965.508
1744416000000,83378.3,83537.6,82756.0,82940.3,18705.45
1744430400000,82940.3,83785.4,82824.2,83685.4,21558.323
1744444800000,83685.4,83998.9,83260.0,83484.0,16179.792
1744459200000,83484.0,85388.0,83432.6,84974.1,58881.989
1744473600000,84974.1,85225.0,84389.5,84891.8,21838.433
1744488000000,84891.7,85884.2,84830.8,85237.8,20838.85
1744502400000,85237.9,86100.0,84689.5,85388.8,34243.838
1744516800000,85388.8,85400.0,84355.1,84378.4,28885.799
1744531200000,84378.4,84918.0,84160.8,84490.6,21104.862
1744545600000,84490.6,84649.0,83450.7,83820.1,40410.003
1744560000000,83820.1,84999.9,82991.5,83949.9,42854.152
1744574400000,83950.0,84424.3,82999.9,83713.7,39539.726
1744588800000,83713.8,85534.8,83630.9,84536.4,53910.823
1744603200000,84536.4,85067.1,84170.2,84544.2,20195.283
1744617600000,84544.3,84936.9,84202.0,84891.5,21445.178
1744632000000,84891.6,85755.0,83668.9,84054.4,69300.966
1744646400000,84054.4,85171.9,83813.9,84872.6,32361.607
1744660800000,84872.5,84925.5,84376.0,84553.9,12135.499
1744675200000,84553.9,85392.2,84303.0,85351.9,22331.604
1744689600000,85351.9,85835.0,85109.9,85691.3,24303.263
1744704000000,85691.3,85974.9,85314.4,85549.3,27366.079
1744718400000,85549.3,86443.0,84567.0,84871.9,65580.031
1744732800000,84871.9,85115.1,83888.0,83954.6,26216.961
1744747200000,83954.5,84197.9,83560.0,83608.7,18724.244
1744761600000,83608.6,83915.7,83063.9,83654.0,25553.467
1744776000000,83653.9,83788.5,83165.8,83325.0,20539.39
1744790400000,83325.0,84091.7,83100.0,84008.5,28400.044
1744804800000,84008.4,85232.0,83453.4,84810.7,51343.8
1744819200000,84811.3,85493.5,83198.2,84286.0,69049.234
1744833600000,84286.0,84642.8,83986.7,83990.0,14555.483
1744848000000,83990.1,84468.8,83772.5,83953.3,16179.399
1744862400000,83953.3,85043.4,83856.9,84629.0,20775.92
1744876800000,84629.0,84730.0,84144.1,84531.8,15124.909
1744891200000,84531.8,84829.4,83700.0,84495.5,36468.828
1744905600000,84495.6,85441.5,84358.0,84797.5,42706.516
1744920000000,84797.0,85100.0,84681.4,84915.0,9777.623
1744934400000,84914.9,85100.0,84682.8,84790.3,8330.771
1744948800000,84790.4,84803.1,84349.3,84622.9,12408.591
1744963200000,84622.9,84734.5,84428.9,84629.4,8899.434
1744977600000,84629.5,84730.0,84300.5,84332.3,11609.942
1744992000000,84332.2,84616.1,84260.0,84529.1,8055.92
1745006400000,84529.0,84659.8,84291.4,84421.0,5914.184
1745020800000,84421.0,84947.8,84317.2,84845.3,10423.621
1745035200000,84845.3,85240.0,84840.1,85174.5,13824.92
1745049600000,85174.5,85400.0,85070.9,85179.3,12830.984
1745064000000,85179.3,85600.0,85006.2,85146.3,15225.821
1745078400000,85146.3,85277.8,84613.5,85054.3,16462.047
1745092800000,85054.2,85332.7,84966.0,85046.9,4613.173
1745107200000,85046.9,85283.6,85001.0,85116.6,5474.433
1745121600000,85116.7,85210.0,84650.0,84736.5,15243.765
1745136000000,84736.6,84751.0,83900.0,84084.6,23477.675
1745150400000,84084.6,84638.4,84050.5,84304.5,17096.184
1745164800000,84304.6,84624.5,84234.1,84608.8,7272.931
1745179200000,84608.9,85266.5,84572.0,85138.8,22086.83
1745193600000,85138.9,87621.8,85100.0,87166.6,72207.253
1745208000000,87166.6,87702.3,87007.0,87400.6,19796.228
1745222400000,87400.7,87777.0,86610.0,86936.4,29449.949
1745236800000,86936.5,88418.2,86750.0,87997.4,72486.723
1745251200000,87997.3,88216.3,86327.0,87369.1,57440.549
1745265600000,87369.2,87599.8,86852.0,87466.0,22689.169
1745280000000,87466.0,88850.0,87017.5,88111.0,52155.508
1745294400000,88111.0,88445.0,87911.1,88434.9,18699.693
1745308800000,88434.9,88649.9,88187.2,88572.7,19693.026
1745323200000,88572.8,91373.0,88432.9,90881.2,124199.257
1745337600000,90881.1,91686.6,90561.7,91356.4,50079.386
1745352000000,91356.3,94142.5,90999.3,93404.9,69178.211
1745366400000,93404.9,93864.9,92552.0,93126.0,33940.086
1745380800000,93126.0,94263.0,92964.1,94102.5,28985.949
1745395200000,94102.6,94453.0,93280.0,93425.2,35725.834
1745409600000,93425.2,94904.3,91898.0,93140.3,86830.394
1745424000000,93140.3,94178.0,92860.0,93436.3,33955.173
1745438400000,93436.4,93869.9,93181.8,93632.1,13310.992
1745452800000,93632.2,93735.1,92607.0,92632.9,19305.989
1745467200000,92632.8,92869.9,92055.1,92166.0,24136.437
1745481600000,92166.1,92620.0,91619.0,92575.1,30141.353
1745496000000,92575.2,93429.6,92380.4,93144.8,36090.385
1745510400000,93144.8,93595.7,92625.0,93497.5,26446.208
1745524800000,93497.6,93980.6,92969.0,93931.6,20972.356
1745539200000,93931.5,94409.5,92788.0,93262.9,29877.009
1745553600000,93262.9,93821.7,92959.2,93734.0,16763.171
1745568000000,93733.9,94642.6,93493.9,94602.3,24204.202
1745582400000,94602.2,95769.6,93876.0,94999.8,78266.827
1745596800000,94999.8,95498.3,94310.0,95229.2,31103.127
1745611200000,95229.3,95284.5,94402.0,94591.8,11616.141
1745625600000,94591.8,95157.1,94500.5,94685.0,13091.802
1745640000000,94685.0,94776.1,94274.0,94520.1,10766.592
1745654400000,94520.0,94680.0,93947.5,94095.6,17868.057
1745668800000,94095.7,94360.0,93833.0,94325.0,12882.691
1745683200000,94325.0,94332.6,94000.0,94261.0,6646.13
1745697600000,94261.0,94850.2,94043.1,94575.7,11282.937
1745712000000,94575.7,95280.5,94000.0,94121.7,25352.851
1745726400000,94121.6,94250.0,93586.7,94027.6,12220.315
1745740800000,94027.7,94295.4,93840.0,93871.1,9208.402
1745755200000,93871.1,94140.8,93547.3,93857.7,15121.759
1745769600000,93857.7,94394.3,93680.0,94388.9,9835.889
1745784000000,94388.9,94517.9,93600.0,93697.1,12076.967
1745798400000,93697.0,93943.8,92700.0,93799.9,34243.196
1745812800000,93800.0,94758.0,93799.9,94641.6,19207.845
1745827200000,94641.6,95490.0,94259.2,95276.1,36146.553
1745841600000,95276.1,95578.8,93520.2,93772.8,60496.166
1745856000000,93772.7,94874.2,93367.2,94740.9,27658.149
1745870400000,94741.0,95146.3,94244.5,94969.0,16668.807
1745884800000,94969.0,95415.7,94380.0,94599.9,32535.76
1745899200000,94599.9,94927.6,94154.1,94878.0,17947.813
1745913600000,94877.9,95264.9,94700.1,95086.9,17261.808
1745928000000,95087.0,95260.0,94466.5,94790.7,25266.996
1745942400000,94790.6,95426.4,94590.5,95250.5,25414.524
1745956800000,95250.5,95350.0,93678.7,94200.1,29404.893
1745971200000,94200.1,95078.5,94081.4,94989.3,18097.325
1745985600000,94989.3,95149.9,94442.3,94577.6,15073.172
1746000000000,94577.6,95186.5,94468.6,95126.5,14665.449
1746014400000,95126.4,95163.6,92848.1,93948.4,81587.654
1746028800000,93948.4,94488.0,93476.2,94118.2,22363.333
1746043200000,94118.2,94751.8,93950.0,94125.1,19142.377
1746057600000,94125.2,94978.1,94086.7,94737.5,19363.191
1746072000000,94737.6,95146.2,94660.2,94978.6,16342.808
1746086400000,94978.6,96351.8,94866.6,96129.9,41762.093
1746100800000,96130.0,97388.0,95742.1,96793.9,62733.29
1746115200000,96793.9,97300.0,96344.4,96459.1,28899.433
1746129600000,96459.5,96834.4,96122.4,96423.3,15425.94
1746144000000,96423.2,97193.7,96400.0,97054.9,17200.018
1746158400000,97055.0,97262.0,96283.1,96302.0,19341.642
1746172800000,96302.0,97072.2,96300.0,96875.7,14786.274
1746187200000,96875.7,97865.4,96585.1,97270.1,54228.73
1746201600000,97270.1,97740.0,96700.0,96856.8,23304.485
1746216000000,96856.8,97083.4,96507.6,96831.2,10336.377
1746230400000,96831.2,96868.4,96255.0,96292.1,12788.794
1746244800000,96292.1,96557.7,96064.1,96290.8,10809.148
1746259200000,96290.8,96377.8,95804.8,95895.6,15912.985
1746273600000,95895.7,96456.0,95834.4,96358.7,11574.759
1746288000000,96358.7,96370.0,95812.7,96312.0,10135.037
1746302400000,96312.0,96399.9,95700.0,95803.3,10199.906
1746316800000,95803.3,96266.6,95508.7,95680.0,14654.377
1746331200000,95680.0,96109.6,95634.0,95842.1,9794.382
1746345600000,95842.1,95886.5,95227.2,95376.0,17133.692
1746360000000,95376.0,95649.0,95172.4,95421.1,13352.424
1746374400000,95421.1,95590.0,95200.1,95533.9,9415.553
1746388800000,95534.0,95700.0,94116.4,94230.2,29910.449
1746403200000,94230.2,94750.1,93445.1,94001.1,35169.994
1746417600000,94001.2,94778.5,93980.0,94696.4,18884.983
1746432000000,94696.4,94726.8,93835.0,93986.0,18035.166
1746446400000,93986.1,94501.0,93559.6,93726.0,37424.134
1746460800000,93726.0,94871.8,93705.3,94295.5,24018.27
1746475200000,94295.2,95165.1,93814.2,94696.7,21369.828
1746489600000,94696.7,94893.3,93961.0,94418.3,16000.398
1746504000000,94418.4,94600.0,94267.0,94350.0,8862.333
1746518400000,94350.0,94354.6,93662.2,93770.3,23699.819
1746532800000,93770.3,94697.2,93327.0,94513.2,48631.997
1746547200000,94513.2,95119.9,94145.4,94910.8,27227.515
1746561600000,94910.8,96879.5,94400.0,96798.9,49261.004
1746576000000,96798.9,97700.0,96153.2,96453.8,49252.243
1746590400000,96453.8,96963.0,96268.0,96940.0,15114.534
1746604800000,96940.0,97077.6,96783.0,97000.0,14368.674
1746619200000,97000.0,97446.8,96655.2,96889.0,34956.983
1746633600000,96889.0,96916.5,95718.5,96124.6,48429.239
1746648000000,96124.5,97363.8,96015.1,96988.4,23145.469
1746662400000,96988.4,99199.9,96831.5,99097.9,60617.723
1746676800000,99098.0,99374.3,98680.1,99212.0,32945.558
1746691200000,99212.1,99863.3,99165.2,99369.8,31717.498
1746705600000,99369.9,101493.2,99050.1,100730.8,83079.999
1746720000000,100730.9,101686.7,100550.0,101254.2,44847.125
1746734400000,101254.3,104305.3,101231.7,103228.1,64214.566
1746748800000,103228.0,103228.1,102327.9,102419.5,24344.001
1746763200000,102419.5,104373.0,102345.7,103597.4,31095.632
1746777600000,103597.4,103920.0,102376.5,102914.5,46422.104
1746792000000,102914.5,103746.8,102358.0,102852.9,38682.86
1746806400000,102853.0,103336.1,102240.0,103145.5,23424.037
1746820800000,103145.5,103366.0,102700.0,102941.9,8915.288
1746835200000,102941.9,103232.0,102784.0,103179.4,9036.731
1746849600000,103179.3,104085.0,102997.3,103721.7,18134.111
1746864000000,103721.7,104066.2,103311.0,103374.6,18529.911
1746878400000,103374.7,103781.1,103038.7,103102.6,13607.261
1746892800000,103102.6,103589.0,102940.0,103148.6,14747.802
1746907200000,103148.7,105000.1,103016.2,104788.8,30328.721
1746921600000,104788.8,104950.0,103406.3,103947.8,27276.827
1746936000000,103947.8,104363.9,103283.3,103327.9,18978.685
1746950400000,103327.8,104750.0,103321.0,104613.7,24045.282
1746964800000,104613.7,104873.5,103726.6,104083.0,30912.963
1746979200000,104082.9,104800.0,103691.9,104373.8,20721.626
1746993600000,104373.8,104526.3,103502.4,104072.7,17201.038
1747008000000,104072.7,105190.4,103664.8,104064.0,30422.81
1747022400000,104064.0,105863.1,103696.3,104426.2,52152.229
1747036800000,104426.3,104684.0,103550.0,103705.1,27636.31
1747051200000,103705.0,104620.1,102345.0,102481.7,70155.841
1747065600000,102481.8,103040.8,100678.0,101812.8,55847.607
1747080000000,101812.9,103080.9,101728.3,102739.3,20327.902
1747094400000,102739.3,102743.9,101400.0,101681.3,25611.921
1747108800000,101681.3,102900.0,101580.4,102624.0,18458.159
1747123200000,102624.0,103778.9,102507.6,103685.5,22686.973
1747137600000,103685.5,103930.1,102762.9,103633.1,44843.029
1747152000000,103633.0,104949.2,103488.2,104744.7,35688.452
1747166400000,104744.7,104889.2,103795.5,104082.0,15079.794
1747180800000,104082.0,104086.5,103409.0,103549.2,16919.418
1747195200000,103549.1,103949.6,103314.0,103662.2,13321.09
1747209600000,103662.2,104109.6,102815.0,103903.4,29067.801
1747224000000,103903.3,104319.0,102773.4,103461.4,39994.122
1747238400000,103461.3,103675.0,102536.0,103278.7,20724.08
1747252800000,103278.8,103626.5,103248.9,103458.1,6237.586
1747267200000,103458.1,103820.0,102663.5,102706.1,16572.907
1747281600000,102706.0,102926.2,101677.0,101733.9,23248.87
1747296000000,101734.0,102398.7,101433.0,102335.3,26222.22
1747310400000,102335.3,103242.0,101270.8,103211.2,48382.314
1747324800000,103211.2,104162.8,102500.0,103107.0,40544.155
1747339200000,103107.1,103939.8,102662.0,103714.5,21373.64
1747353600000,103714.2,104440.1,103414.8,103979.0,22492.546
1747368000000,103979.1,104150.0,103640.0,103646.6,14442.576
1747382400000,103646.5,103872.9,103062.3,103614.5,21526.35
1747396800000,103614.6,104258.7,103300.0,104144.0,26264.535
1747411200000,104144.0,104524.2,103533.2,103974.3,20926.27
1747425600000,103974.3,103991.7,103361.6,103412.2,9860.772
1747440000000,103412.2,103564.7,102541.6,103464.7,26575.089
1747454400000,103464.6,103658.0,103239.6,103399.4,10427.045
1747468800000,103399.5,103524.7,102705.0,102944.2,22486.468
1747483200000,102944.1,103132.3,102591.0,102900.0,11160.074
1747497600000,102900.1,103305.8,102706.6,103100.1,10946.644
1747512000000,103100.1,103458.6,102851.5,103079.6,8777.349
1747526400000,103079.5,103380.8,103052.2,103244.2,6439.874
1747540800000,103244.3,103949.6,103244.3,103893.0,13111.12
1747555200000,103893.0,104066.1,103754.4,103769.0,12871.838
1747569600000,103769.0,105665.3,103660.7,105484.2,41829.124
1747584000000,105484.2,105999.7,103800.0,103834.0,49587.471
1747598400000,103834.1,106629.8,103217.2,106407.6,49384.857
1747612800000,106407.5,107114.3,103502.4,103569.4,51326.874
1747627200000,103569.5,103739.2,102038.8,103167.0,57011.12
1747641600000,103167.1,103359.5,102732.8,102912.0,20571.05
1747656000000,102912.1,104920.2,102088.9,104740.4,60679.364
1747670400000,104740.5,105519.8,104426.8,105457.8,47160.881
1747684800000,105457.9,105798.5,104982.0,105531.6,21076.315
1747699200000,105531.5,106800.0,105480.1,105720.0,42632.84
1747713600000,105720.0,106371.3,104868.5,104980.1,27220.608
1747728000000,104980.1,105371.7,104808.6,105159.2,20790.139
1747742400000,105159.3,105357.6,104115.2,105294.5,41453.456
1747756800000,105294.5,107252.9,105028.4,106972.2,54588.39
1747771200000,106972.3,107292.5,105875.8,106800.1,39501.813
1747785600000,106800.0,107168.7,106146.9,106791.0,22911.733
1747800000000,106791.0,107950.0,106400.0,106463.6,49534.063
1747814400000,106463.7,106748.7,106037.9,106490.9,30178.731
1747828800000,106490.9,109430.0,106277.8,108936.6,94965.494
1747843200000,108936.6,109804.2,106085.3,108547.3,157112.935
1747857600000,108547.2,110830.0,107671.7,109609.5,58886.898
1747872000000,109609.6,111866.4,109153.4,111755.9,64755.016
1747886400000,111755.9,111776.3,110433.0,111005.8,47573.709
1747900800000,111005.8,111303.8,110238.5,110944.1,32748.467
1747915200000,110944.0,111582.5,110492.8,111250.6,49945.987
1747929600000,111251.0,111959.5,110860.5,111136.1,34534.378
1747944000000,111136.2,111692.9,110704.1,111662.7,16509.476
1747958400000,111662.6,111770.4,110958.5,111044.0,22959.44
1747972800000,111044.0,111143.3,110351.5,110685.2,23761.569
1747987200000,110685.3,111348.0,108816.0,109033.2,45137.26
1748001600000,109033.2,109969.6,107250.0,108892.4,108855.124
1748016000000,108892.5,109760.0,107950.0,108659.4,46212.629
1748030400000,108659.5,108677.2,106721.9,107271.5,32554.325
1748044800000,107271.6,108330.6,106836.0,108306.8,24382.839
1748059200000,108306.7,108520.0,107520.0,107550.6,21546.444
1748073600000,107550.7,109440.2,107546.1,109152.2,34423.684
1748088000000,109152.2,109227.1,108495.8,108889.2,29417.399
1748102400000,108889.1,109165.8,108647.1,108912.7,18957.367
1748116800000,108912.7,109084.8,107394.7,107698.9,36431.025
1748131200000,107699.0,108210.0,107142.0,108045.4,24941.567
1748145600000,108045.4,108250.1,107387.8,107637.1,14442.712
1748160000000,107637.1,107650.5,106653.0,107214.0,32864.988
1748174400000,107214.0,107698.4,106497.0,106927.9,33112.095
1748188800000,106928.0,107888.0,106593.4,107656.3,14416.703
1748203200000,107656.3,109285.1,107118.8,108955.9,39687.738
1748217600000,108956.0,109856.0,108616.6,109587.0,31295.991
1748232000000,109587.1,110197.9,109327.4,110049.9,21821.547
1748246400000,110049.9,110138.8,109500.0,109736.7,14879.39
1748260800000,109736.6,110400.0,109412.9,109963.2,30300.067
1748275200000,109963.2,110394.7,108807.0,109074.3,34224.496
1748289600000,109074.4,109863.2,108894.0,109386.8,14470.729
1748304000000,109386.8,109633.8,107438.0,108844.9,51580.633
1748318400000,108845.0,109600.0,108483.0,109488.0,24898.577
1748332800000,109488.0,109861.5,109366.9,109541.8,22031.647
1748347200000,109541.9,110700.0,108609.4,110091.3,77612.286
1748361600000,110091.3,110459.7,109516.1,109822.8,27423.933
1748376000000,109824.8,109857.6,108533.5,108889.3,20052.829
1748390400000,108889.2,109252.6,108339.2,108807.6,20569.689
1748404800000,108807.3,109040.7,108568.7,108764.9,12077.087
1748419200000,108764.9,109076.2,108178.1,108821.4,25977.609
1748433600000,108821.3,109012.0,107000.0,107065.5,53509.222
1748448000000,107065.5,107793.0,106881.5,106894.1,25973.073
1748462400000,106894.0,107999.0,106723.9,107723.1,20311.079
1748476800000,107723.1,108450.0,107378.6,107996.4,22974.724
1748491200000,107996.5,108056.8,106877.4,107839.4,21142.095
1748505600000,107839.5,108860.0,107638.6,108740.0,27695.002
1748520000000,108740.0,108772.9,106400.0,106972.5,66342.689
1748534400000,106972.6,107121.1,105580.0,105699.2,52209.294
1748548800000,105699.1,106415.0,105054.2,105539.9,22737.451
1748563200000,105539.9,106175.9,104521.0,105978.8,41953.33
1748577600000,105978.8,106266.0,104680.4,104997.5,28438.438
1748592000000,104997.5,105940.1,104568.0,105827.4,35034.252
1748606400000,105827.4,105949.1,105000.1,105504.0,38288.794
1748620800000,105504.0,105531.5,103650.2,104597.6,52008.664
1748635200000,104597.6,104849.9,103555.0,103950.0,23977.824
1748649600000,103949.9,104259.4,103032.1,103640.1,32955.856
1748664000000,103640.2,103863.6,103433.1,103700.6,11063.629
1748678400000,103700.5,103770.2,103249.9,103460.9,10547.557
1748692800000,103460.9,104800.0,103444.4,104497.1,29627.761
1748707200000,104497.1,104743.8,104215.0,104653.9,11091.248
1748721600000,104653.9,104859.3,104423.0,104544.7,8321.789
1748736000000,104544.6,104599.6,103860.9,104336.4,14341.262
1748750400000,104336.4,104700.0,104138.0,104231.0,9469.678
1748764800000,104230.9,104410.5,103704.1,104038.0,15555.538
1748779200000,104038.0,104760.0,103708.6,104664.0,16896.822
1748793600000,104663.9,105285.0,104280.1,105075.2,24033.126
1748808000000,105075.2,105823.6,104833.1,105583.3,17123.814
1748822400000,105583.3,105700.0,104520.0,104781.8,17614.141
1748836800000,104781.8,105398.5,104549.8,105346.4,15376.453
1748851200000,105346.4,105900.0,103867.8,104000.0,39491.959
1748865600000,104000.1,104646.1,103600.6,104396.8,42551.179
1748880000000,104396.9,104699.4,103982.9,104366.4,15855.761
1748894400000,104366.5,105893.8,104366.5,105814.3,27363.425
1748908800000,105814.4,106470.8,105280.0,105448.8,29321.06
1748923200000,105448.8,105475.4,105062.5,105134.4,12956.522
1748937600000,105134.4,105305.2,104822.4,105240.1,12289.458
1748952000000,105240.1,106775.0,104969.4,106556.1,42236.633
1748966400000,106556.1,106619.6,105526.2,106171.8,25039.332
1748980800000,106179.7,106208.0,105200.4,105330.1,17373.002
1748995200000,105330.1,105800.0,105072.0,105474.9,15154.628
1749009600000,105474.8,105566.4,105200.0,105260.2,9967.039
1749024000000,105260.1,105967.2,105039.1,105044.1,22229.278
1749038400000,105044.2,105510.2,104111.7,105254.7,44030.271
1749052800000,105254.7,105437.8,104824.0,104870.4,14054.096
1749067200000,104870.4,105006.3,104350.0,104641.8,13098.813
1749081600000,104641.8,105225.6,104594.8,104991.4,11856.411
1749096000000,104991.5,105183.0,104321.2,104473.0,15487.56
1749110400000,104473.1,104880.0,104373.0,104772.7,10288.16
1749124800000,104772.7,105878.3,103825.0,104490.5,68596.82
1749139200000,104490.5,104547.9,101500.0,101872.9,76338.478
1749153600000,101873.0,102163.9,100305.1,101458.6,63671.245
1749168000000,101458.7,102464.7,101003.4,102444.9,24397.812
1749182400000,102445.0,103424.5,102321.1,103096.8,28923.945
1749196800000,103096.7,103953.9,103096.7,103866.0,24302.565
1749211200000,103865.9,105283.0,103471.4,105035.4,61774.111
1749225600000,105035.4,105240.0,104010.0,104176.9,25548.57
1749240000000,104177.0,104574.9,104109.2,104240.0,9353.903
1749254400000,104240.1,104856.0,103800.1,104822.4,15787.969
1749268800000,104822.4,105293.0,104591.9,104813.6,13412.441
1749283200000,104813.7,105222.0,104632.0,105094.5,10912.449
1749297600000,105094.5,105758.8,105094.4,105507.9,19660.879
1749312000000,105507.9,105850.0,105222.6,105694.2,13309.422
1749326400000,105694.1,105878.3,105482.7,105507.5,6750.013
1749340800000,105507.5,105760.5,105347.0,105436.4,8070.07
1749355200000,105436.5,105617.2,105358.2,105380.4,5648.935
1749369600000,105380.5,105666.6,104927.4,105619.2,15763.69
1749384000000,105619.2,106200.0,105450.0,105917.5,19486.972
1749398400000,105917.6,106300.0,105888.5,106242.6,13202.73
1749412800000,106242.6,106482.6,105511.0,105676.5,12932.707
1749427200000,105676.5,105929.8,105253.2,105617.0,12640.84
1749441600000,105617.0,105685.7,105265.0,105516.7,8731.33
1749456000000,105516.7,107774.8,105429.2,107707.9,49256.42
1749470400000,107707.8,107985.0,106800.3,107564.3,43730.983
1749484800000,107564.3,108791.8,107563.4,108515.1,31629.447
1749499200000,108515.1,110653.6,108383.0,110227.9,46967.389
1749513600000,110228.0,110280.0,109340.0,109525.8,20879.389
1749528000000,109525.9,109690.8,109041.1,109178.0,17640.424
1749542400000,109178.1,109800.0,109010.2,109498.1,22098.84
1749556800000,109498.0,109852.9,108282.0,108975.3,44120.927
1749571200000,108975.2,110367.2,108467.5,109460.0,29872.958
1749585600000,109460.1,110265.5,109189.0,110235.4,17604.436
1749600000000,110235.4,110247.0,109500.0,109664.1,12285.286
1749614400000,109664.1,109715.4,109322.0,109396.9,9255.542
1749628800000,109396.9,109629.3,109133.8,109200.1,11892.147
1749643200000,109200.1,110350.0,108950.1,109694.8,47346.71
1749657600000,109694.9,109776.5,108331.7,108684.5,33333.871
1749672000000,108684.5,109164.8,108001.2,108600.0,20308.765
1749686400000,108600.1,108782.1,107650.0,107820.5,24193.834
1749700800000,107820.5,107951.0,107300.0,107577.0,17432.701
1749715200000,107577.0,107798.0,106830.0,106862.9,20489.988
1749729600000,106862.9,107769.1,106539.1,106960.6,44438.417
1749744000000,106960.6,108398.4,106621.0,106749.6,36093.638
1749758400000,106749.5,106929.9,105602.0,105609.5,43141.612
1749772800000,105609.4,105661.0,102614.0,104233.9,98662.526
1749787200000,104233.9,104891.4,103733.7,104831.4,27313.357
1749801600000,104831.4,105459.7,104360.0,104989.9,28154.767
1749816000000,104990.0,105750.0,104069.5,105391.9,46774.893
1749830400000,105392.0,105912.0,104607.0,105050.0,31938.527
1749844800000,105050.1,106141.1,104963.1,106027.3,13091.343
1749859200000,106027.3,106173.6,105150.1,105189.4,16567.596
1749873600000,105189.3,105374.9,104738.7,105025.1,9863.73
1749888000000,105025.0,105088.0,104772.3,105030.6,7912.806
1749902400000,105030.5,105084.2,104570.0,104783.4,11378.285
1749916800000,104783.4,105011.0,104290.0,104582.3,18623.517
1749931200000,104584.2,105438.0,104225.4,105359.9,15565.636
1749945600000,105359.8,105631.6,105208.7,105425.6,7896.238
1749960000000,105425.6,106099.4,105137.0,105374.1,16601.294
1749974400000,105374.2,105444.9,104812.2,104924.5,10938.222
1749988800000,104924.6,105810.6,104900.0,105526.0,16414.581
1750003200000,105525.9,105744.0,104999.9,105252.0,10211.904
1750017600000,105251.9,105571.4,104399.9,105534.6,16757.16
1750032000000,105534.7,105927.0,104920.0,105865.6,17792.791
1750046400000,105865.6,107250.0,105817.3,107023.8,30100.727
1750060800000,107023.8,107199.9,106540.0,106842.5,16343.835
1750075200000,106842.6,107759.8,106446.6,107374.9,32297.364
1750089600000,107375.0,108882.0,107258.0,108594.2,31766.821
1750104000000,108594.2,108900.0,106640.1,106750.1,38511.681
1750118400000,106750.1,107727.4,106068.0,107553.3,37289.67
1750132800000,107553.3,107655.6,106413.4,106711.1,17587.099
1750147200000,106711.0,106785.2,105461.4,105592.9,28139.512
1750161600000,105592.9,105816.5,104068.0,104199.2,60675.19
1750176000000,104199.2,105288.0,103300.0,104630.6,58959.759
1750190400000,104630.5,104865.8,104143.4,104508.0,23400.633
1750204800000,104508.0,105192.2,104312.2,105132.2,14529.003
1750219200000,105132.1,105500.0,104660.0,104925.7,17150.86
1750233600000,104925.6,105276.8,104111.4,104791.2,24837.186
1750248000000,104791.1,105300.0,103750.0,104744.2,52718.894
1750262400000,104744.2,104795.0,103426.1,103773.3,44220.997
1750276800000,103773.3,105098.0,103601.5,104832.8,19249.459
1750291200000,104832.8,105185.7,104364.5,105054.4,15050.881
1750305600000,105054.4,105184.0,104560.6,104585.9,12630.633
1750320000000,104585.8,105032.1,104570.1,104717.7,9030.799
1750334400000,104717.8,104861.0,104021.3,104055.1,21664.367
1750348800000,104055.2,104795.2,103870.3,104202.6,19357.697
1750363200000,104202.6,104869.4,104094.6,104607.1,9976.228
1750377600000,104607.1,104770.0,104338.5,104555.1,8187.275
1750392000000,104555.0,105765.8,104185.3,105763.5,22781.587
1750406400000,105763.6,106486.2,105715.0,105928.6,35129.8
1750420800000,105928.7,106111.9,103805.9,104168.5,58185.489
1750435200000,104168.5,104221.0,102255.3,103263.9,58187.934
1750449600000,103263.8,103796.8,102903.6,103246.1,16630.05
1750464000000,103246.1,103641.0,103067.7,103434.5,8659.61
1750478400000,103434.6,103550.0,103268.6,103402.2,6144.184
1750492800000,103402.1,103940.6,103401.9,103827.5,12050.22
1750507200000,103827.5,103899.0,103222.7,103516.7,17939.107
1750521600000,103516.7,103600.0,102128.2,102207.5,22756.187
1750536000000,102207.5,102849.2,100789.9,102079.8,53222.042
1750550400000,102079.8,103362.6,101781.8,102340.0,46913.542
1750564800000,102340.0,102910.7,102220.9,102399.0,16170.421
1750579200000,102399.1,102770.6,102022.5,102693.7,14959.174
1750593600000,102693.7,102789.7,98786.9,98849.9,119443.671
1750608000000,98849.7,100348.7,98608.9,98829.7,44659.1
1750622400000,98829.7,100993.5,98115.4,100904.7,51416.728
1750636800000,100904.7,101580.6,100425.6,101104.4,27455.568
1750651200000,101104.3,102155.1,100899.3,101874.5,23144.867
1750665600000,101874.4,102028.9,101071.1,101248.5,18847.037
1750680000000,101248.4,102596.5,100749.8,101369.7,54410.602
1750694400000,101369.6,103273.7,99547.6,103114.2,96846.702
1750708800000,103114.2,106050.0,102818.4,105290.9,76517.265
1750723200000,105291.0,105454.1,104658.0,104870.0,22863.359
1750737600000,104870.0,105775.9,104651.4,104891.8,27514.69
1750752000000,104891.8,105525.0,104570.8,105134.6,23689.654
1750766400000,105134.5,105675.0,104750.0,105184.4,32530.67
1750780800000,105184.3,106239.0,105125.3,105582.1,27242.579
1750795200000,105582.1,106073.9,105382.4,106034.9,10608.935
1750809600000,106034.9,106750.9,105755.6,106177.0,25837.304
1750824000000,106176.9,106664.2,105949.2,106547.5,11857.788
1750838400000,106547.5,107187.6,106286.5,107136.3,25270.696
1750852800000,107136.3,108095.7,106700.0,106982.6,62655.746
1750867200000,106982.7,107863.1,106859.0,107698.2,20971.111
1750881600000,107698.1,107965.9,107022.6,107280.0,12685.178
1750896000000,107280.1,108249.9,107041.4,107809.3,21442.778
1750910400000,107809.4,108044.9,107467.6,107768.5,10862.684
1750924800000,107768.6,108135.0,107050.0,107272.8,17852.704
1750939200000,107272.8,107724.5,106500.0,107260.0,33276.67
1750953600000,107259.9,107630.8,106952.0,107476.1,13297.913
1750968000000,107476.0,107971.3,106789.9,106913.7,17700.637
1750982400000,106913.8,107462.5,106345.2,107428.0,15903.805
1750996800000,107428.1,107686.0,106801.0,106816.9,13995.556
1751011200000,106816.9,107125.9,106616.8,106943.7,18756.592
1751025600000,106943.7,107378.6,106313.1,107261.3,34011.743
1751040000000,107261.2,107659.9,106373.3,106748.1,27344.038
1751054400000,106748.2,107232.1,106736.7,107010.7,8625.716
1751068800000,107010.6,107313.4,106767.0,107248.0,8573.672
1751083200000,107248.0,107458.4,107127.2,107433.0,5266.941
1751097600000,107433.1,107450.0,107194.7,107320.3,5080.545
1751112000000,107320.2,107538.0,107039.8,107407.6,6987.81
1751126400000,107407.7,107494.0,107157.0,107162.5,6567.659
1751140800000,107162.5,107324.8,107096.7,107241.0,3193.792
1751155200000,107240.9,107464.0,107112.6,107156.5,6341.251
1751169600000,107156.5,107372.6,107156.4,107367.2,3360.312
1751184000000,107367.3,108460.0,107351.6,108448.3,25224.949
1751198400000,108448.3,108499.0,107580.6,107686.9,14699.842
1751212800000,107686.9,107735.7,107233.1,107346.5,13327.099
1751227200000,107346.5,108400.0,107203.8,108309.8,16494.872
1751241600000,108309.8,108783.9,108193.5,108466.7,16475.112
1751256000000,108466.8,108500.0,107427.5,107562.6,20237.325
1751270400000,107562.6,107916.6,107320.0,107608.1,14358.165
1751284800000,107608.1,107821.8,106686.4,107525.6,38964.361
1751299200000,107525.7,107775.0,107057.9,107689.6,15502.118
1751313600000,107689.6,107714.9,106863.8,107087.4,9144.305
1751328000000,107087.3,107499.9,106972.9,107149.4,9332.538
1751342400000,107149.4,107164.5,106557.4,107134.9,15896.58
1751356800000,107134.8,107139.1,106222.0,106556.8,16028.372
1751371200000,106556.8,107140.7,105578.0,105908.3,45292.146
1751385600000,105908.3,106248.6,105333.0,105340.1,21726.122
1751400000000,105340.1,106066.1,105182.6,105637.9,12158.643
1751414400000,105637.9,106165.1,105010.0,106140.0,15209.233
1751428800000,106140.0,107144.4,106074.2,107026.0,21402.727
1751443200000,107026.1,107799.9,107026.1,107439.6,30093.388
1751457600000,107439.7,108754.6,107132.3,108695.3,42934.441
1751472000000,108695.4,109690.4,108603.9,109621.9,52472.299
1751486400000,109621.8,109621.9,108682.5,108800.0,15455.173
1751500800000,108800.0,109075.1,108480.6,108594.8,12861.074
1751515200000,108594.8,109516.3,108509.1,109235.0,16803.208
1751529600000,109234.9,110265.1,109234.9,109551.0,26021.311
1751544000000,109551.1,110484.0,108706.0,109089.8,60448.794
1751558400000,109089.9,109865.9,108966.0,109743.9,17643.766
1751572800000,109743.8,109963.1,109488.8,109545.2,7709.844
1751587200000,109545.1,109732.3,109050.0,109195.6,10659.199
1751601600000,109195.7,109283.2,108661.0,108661.0,15465.862
1751616000000,108661.1,109071.1,108456.4,108842.3,16634.811
1751630400000,108842.2,108929.3,107436.0,107534.7,48983.286
1751644800000,107534.6,107868.6,107200.0,107429.6,28292.819
1751659200000,107429.6,108229.0,107385.9,107935.4,12269.87
1751673600000,107935.3,108218.0,107688.3,108093.5,7916.035
1751688000000,108093.4,108368.1,107946.1,108000.9,7573.066
1751702400000,108000.8,108175.0,107828.1,108059.1,5891.798
1751716800000,108059.2,108194.4,107908.8,108012.7,5090.317
1751731200000,108012.6,108130.7,107809.2,108092.1,6157.434
1751745600000,108092.2,108183.8,107930.1,108153.4,4032.298
1751760000000,108153.4,108211.0,107968.1,107996.3,4372.14
1751774400000,107996.2,108180.0,107901.0,107991.3,3924.309
1751788800000,107991.4,108087.2,107743.4,108017.3,7597.263
1751803200000,108017.3,109079.1,107984.7,108856.8,25569.419
1751817600000,108856.8,108917.0,108209.6,108493.8,10930.018
1751832000000,108493.8,109684.7,108477.9,109145.8,19995.454
1751846400000,109145.8,109667.3,108622.6,109348.9,15642.606
1751860800000,109349.0,109409.7,108611.0,109016.3,11504.51
1751875200000,109016.3,109041.2,108525.0,108599.9,12004.305
1751889600000,108599.8,108612.2,107903.2,108249.0,30362.595
1751904000000,108248.9,108460.8,107456.0,107999.9,28556.766
1751918400000,107999.9,108250.1,107728.5,108203.9,8326.796
1751932800000,108203.9,108475.0,107400.0,107852.6,17984.307
1751947200000,107852.5,108445.8,107696.5,108440.7,10189.634
1751961600000,108440.7,108964.1,108172.4,108713.1,15943.556
1751976000000,108713.2,109180.0,108151.0,108217.0,24144.169
1751990400000,108217.0,109115.4,108041.0,108723.6,20875.072
1752004800000,108723.6,108928.0,108570.1,108873.1,6019.289
1752019200000,108873.2,109107.4,108284.2,108311.9,11601.542
1752033600000,108311.9,108900.0,108273.5,108674.8,9998.912
1752048000000,108674.7,109074.0,108510.0,109008.3,9544.375
1752062400000,109008.3,109738.5,108429.0,109020.0,44231.698
1752076800000,109019.9,112036.8,108975.9,111718.8,55843.017
1752091200000,111718.8,111931.5,110508.0,111199.9,36615.187
1752105600000,111199.8,111548.3,110834.6,111028.2,13062.149
1752120000000,111028.3,111399.7,110894.2,111186.1,10503.767
1752134400000,111186.2,111370.3,110800.0,110972.2,12366.984
1752148800000,110972.1,111363.5,110432.2,111350.0,29486.905
1752163200000,111350.0,113760.0,111267.7,113246.1,78710.069
1752177600000,113246.1,117500.0,113208.4,115979.2,81440.339
1752192000000,115979.2,116945.8,115186.7,116839.5,29918.24
1752206400000,116839.5,118395.9,116429.2,117522.7,57156.787
1752220800000,117522.7,118882.8,117522.7,117790.1,30866.366
1752235200000,117790.0,118226.0,116725.1,116910.3,41834.893
1752249600000,116910.3,118128.0,116611.1,118072.7,25630.995
1752264000000,118072.7,118072.7,117130.0,117500.0,14412.076
1752278400000,117500.0,117818.6,117055.0,117730.0,8464.791
1752292800000,117730.0,118036.7,117454.9,117689.7,9786.843
1752307200000,117689.6,118176.9,117579.8,117773.6,10654.146
1752321600000,117773.5,117819.8,116862.4,117075.6,20538.261
1752336000000,117075.6,117609.4,117012.0,117525.7,8165.529
1752350400000,117525.7,117527.8,116960.0,117389.3,6112.902
1752364800000,117389.4,117794.7,117164.3,117711.5,7178.918
1752379200000,117711.6,118040.8,117639.7,117950.0,7310.041
1752393600000,117950.0,118058.3,117641.3,118036.1,6329.781
1752408000000,118036.0,119655.0,117933.4,118610.6,39022.92
1752422400000,118610.6,119454.9,118325.4,118923.0,14954.202
1752436800000,118922.9,119333.0,118197.7,119038.3,15256.519
1752451200000,119038.3,121800.0,118862.6,120733.2,43343.17
1752465600000,120733.2,123300.0,120515.9,122731.0,55896.715
1752480000000,122731.0,122772.7,121357.0,121474.5,26389.017
1752494400000,121474.5,122113.9,119590.9,119863.1,50636.426
1752508800000,119863.1,120510.9,119200.0,119920.0,31947.629
1752523200000,119920.3,120430.0,119505.0,119816.5,13343.163
1752537600000,119816.5,119919.4,116870.0,117209.2,58092.182
1752552000000,117209.2,117761.3,116227.0,116777.1,43592.968
1752566400000,116777.1,117229.9,116300.0,117110.4,23334.349
1752580800000,117110.4,118499.8,115678.1,116393.0,79630.187
1752595200000,116393.1,117727.4,116050.0,116428.9,45663.41
1752609600000,116428.8,117965.6,116189.0,117738.5,19664.35
1752624000000,117738.6,118208.6,117017.1,117477.6,17005.915
1752638400000,117477.7,118297.1,117252.2,118181.2,14568.033
1752652800000,118181.2,119299.9,118113.6,118755.1,24815.797
1752667200000,118755.1,119786.7,118156.0,119056.0,52951.251
1752681600000,119055.9,119888.0,118430.3,119186.7,27062.815
1752696000000,119186.7,120100.0,118359.4,118590.7,22762.137
1752710400000,118590.7,119151.3,117663.6,118090.9,24347.198
1752724800000,118090.8,118763.4,117810.4,118293.9,15838.307
1752739200000,118293.8,119216.4,117915.2,117968.9,19524.523
1752753600000,117968.8,119100.0,117412.8,118875.0,33485.56
1752768000000,118875.0,119879.1,118293.6,118948.8,24071.418
1752782400000,118948.8,120951.5,118343.2,119176.6,47007.395
1752796800000,119176.5,120799.0,119003.8,120212.8,22719.763
1752811200000,120212.8,120846.1,119300.0,119356.6,21765.573
1752825600000,119356.5,119483.2,118384.6,119175.5,27047.111
1752840000000,119175.5,119519.8,117230.7,117830.0,46533.252
1752854400000,117830.1,118053.5,117109.4,117361.6,20948.078
1752868800000,117361.7,118000.0,116788.9,117896.4,23233.129
1752883200000,117896.5,118340.7,117588.0,118295.2,9844.745
1752897600000,118295.3,118337.5,118013.2,118135.0,5699.452
1752912000000,118134.9,118456.0,117904.0,118300.0,7488.051
1752926400000,118300.0,118301.4,117615.3,118025.6,11576.241
1752940800000,118025.6,118149.8,117562.1,117978.3,8300.911
1752955200000,117978.4,118125.7,117245.9,117814.4,9621.793
1752969600000,117814.3,118158.7,117618.0,117934.1,7587.22
1752984000000,117934.2,118214.0,117736.3,117984.3,5749.199
1752998400000,117984.3,118261.6,117801.0,117869.2,9129.395
1753012800000,117869.2,118794.0,117701.1,118669.3,17153.006
1753027200000,118669.4,118856.6,117912.8,118131.2,13641.525
1753041600000,118131.2,118245.3,116370.1,117216.0,29120.237
1753056000000,117216.1,118585.0,116454.1,118374.8,21656.729
1753070400000,118374.8,119720.6,118144.0,119352.2,21794.769
1753084800000,119352.3,119496.2,118035.0,118045.0,19078.201
1753099200000,118044.9,119200.0,117726.7,118304.1,33398.891
1753113600000,118304.2,118381.0,116600.0,116724.7,33604.587
1753128000000,116724.7,117596.6,116566.9,117330.2,12352.671
1753142400000,117330.2,117947.1,115865.0,117177.0,31111.146
1753156800000,117176.9,118554.9,116484.2,117959.5,25633.459
1753171200000,117959.5,119199.9,117441.5,119142.2,26898.785
1753185600000,119142.2,119582.3,117522.0,118899.8,51696.429
1753200000000,118899.8,120300.1,118377.0,119286.5,36767.964
1753214400000,119286.6,120264.8,119207.5,119993.7,14724.667
1753228800000,119993.7,120146.5,118522.0,118620.8,18660.208
1753243200000,118620.7,118997.7,118236.1,118327.0,14724.267
1753257600000,118326.9,118586.3,117789.2,118484.8,20516.01
1753272000000,118484.7,118687.1,117259.7,118531.0,37596.998
1753286400000,118530.9,118530.9,117250.0,118344.4,22578.767
1753300800000,118344.4,118725.3,117319.0,118713.5,22910.647
1753315200000,118713.4,119265.4,118425.3,118451.5,19395.181
1753329600000,118451.6,118542.5,117050.2,118368.0,33247.023
1753344000000,118368.1,118789.3,117923.0,118558.0,21819.142
1753358400000,118558.0,119469.9,117773.1,119074.1,34069.135
1753372800000,119074.1,119376.9,118306.0,118902.0,19232.517
1753387200000,118902.0,118953.9,118112.0,118294.3,9614.615
1753401600000,118294.4,118410.8,115300.0,115384.6,67458.1
1753416000000,115384.7,116100.0,114667.3,115288.8,58534.653
1753430400000,115288.9,116759.6,115000.0,116504.6,44704.838
1753444800000,116504.6,116629.0,114846.1,115687.4,47785.037
1753459200000,115687.4,116989.9,115413.1,116649.6,22061.427
1753473600000,116649.6,117615.3,116530.0,117583.5,19842.699
1753488000000,117583.4,117740.6,117114.2,117455.8,11547.475
1753502400000,117455.8,117515.9,117288.0,117288.1,5970.02
1753516800000,117288.0,118229.7,117288.0,117758.0,16554.074
1753531200000,117758.1,118211.8,117755.0,118111.1,10334.632
1753545600000,118111.1,118300.0,117917.7,118209.0,6040.431
1753560000000,118209.1,118289.3,117846.1,117889.2,6771.972
1753574400000,117889.3,118356.0,117800.8,118162.0,6261.936
1753588800000,118161.9,118432.1,118041.6,118083.6,5969.934
1753603200000,118083.5,118273.8,117822.2,118053.4,8614.694
1753617600000,118053.3,118583.2,117850.0,118580.8,14083.048
1753632000000,118580.9,119550.0,118580.8,118953.3,27165.447
1753646400000,118953.3,119766.0,118709.2,119423.4,13883.9
1753660800000,119423.5,119812.0,118949.9,119269.7,14577.544
1753675200000,119269.6,119692.0,118742.0,118873.2,13369.059
1753689600000,118873.1,119091.2,118471.3,118813.3,12578.189
1753704000000,118813.4,119085.0,117900.0,118152.8,33484.739
1753718400000,118152.9,118363.0,117388.0,118050.0,22310.897
1753732800000,118050.0,118329.8,117466.1,118041.4,10391.901
1753747200000,118041.5,118777.0,117406.3,118745.6,16848.829
1753761600000,118745.6,119258.7,118377.1,118856.2,13443.52
1753776000000,118856.2,119019.6,118119.1,118560.0,12770.764
1753790400000,118560.0,119050.0,117218.7,117345.7,34225.744
1753804800000,117345.7,118019.3,116923.0,117484.9,24192.938
1753819200000,117485.5,117951.0,117044.1,117897.0,13781.668
1753833600000,117897.1,118210.0,117363.0,118106.5,9850.102
1753848000000,118106.5,118384.6,117616.1,118083.1,9746.446
1753862400000,118083.2,118451.3,117291.6,117526.7,15902.454
1753876800000,117526.6,118763.5,117300.6,117950.0,28851.628
1753891200000,117949.9,117995.4,115700.0,116865.2,46229.505
1753905600000,116865.2,117866.4,116829.8,117771.0,14337.722
1753920000000,117771.1,118590.0,117713.5,118429.0,17973.204
1753934400000,118429.0,118910.0,118238.7,118624.1,12172.541
1753948800000,118624.0,118728.0,118246.8,118330.9,8609.962
1753963200000,118330.9,118684.4,117783.3,118259.3,26860.019
1753977600000,118259.4,118850.0,116691.1,116718.9,34611.488
1753992000000,116718.9,116927.8,115373.9,115697.3,34810.253
1754006400000,115697.3,116000.0,114239.0,115595.7,42604.847
1754020800000,115595.6,115873.4,114579.5,115015.1,21214.534
1754035200000,115015.1,115291.1,114055.6,115246.6,26589.382
1754049600000,115246.5,115956.0,113871.1,115305.3,54800.767
1754064000000,115305.3,115656.8,113173.7,113278.5,46088.416
1754078400000,113278.4,114039.0,112660.0,113244.8,29984.153
1754092800000,113244.8,113873.7,113145.0,113859.9,11027.075
1754107200000,113860.0,114000.0,113415.8,113919.9,11938.326
1754121600000,113920.0,113988.0,113370.0,113732.5,10218.835
1754136000000,113732.6,113740.5,112769.2,112798.6,18494.393
1754150400000,112798.6,113388.9,111910.0,112175.5,36337.074
1754164800000,112175.5,113022.5,112007.9,112508.8,14443.745
1754179200000,112508.8,113694.0,111850.0,113550.9,17961.77
1754193600000,113550.9,113676.4,113285.7,113647.2,6301.771
1754208000000,113647.2,114200.0,113492.5,113810.1,11023.459
1754222400000,113810.0,114049.8,113529.6,113904.3,10900.396
1754236800000,113904.3,114730.0,113727.8,114259.0,10570.464
1754251200000,114259.1,114567.3,114011.3,114150.8,6426.009
1754265600000,114150.9,114963.4,114053.8,114520.2,12295.237
1754280000000,114520.3,114739.3,114089.0,114607.0,9279.797
1754294400000,114607.0,114715.0,114166.0,114450.0,7637.669
1754308800000,114450.1,115431.6,114070.0,114766.3,27575.335
1754323200000,114766.4,115686.0,114681.1,114724.0,17022.068
1754337600000,114724.0,115299.0,114580.4,115002.1,9518.485
1754352000000,115002.1,115073.3,114213.6,114215.0,10318.429
1754366400000,114214.9,114468.1,113650.0,113924.7,16889.881
1754380800000,113924.7,115057.0,113869.5,114782.0,15542.383
1754395200000,114782.1,114860.1,112582.4,112871.8,48789.021
1754409600000,112871.7,113731.7,112755.1,113573.1,16283.201
1754424000000,113573.8,114178.4,113240.1,114069.6,11493.513
1754438400000,114069.6,114091.3,113355.5,113470.1,9186.999
1754452800000,113470.2,114390.2,113304.5,114179.2,14343.657
1754467200000,114179.2,114372.7,113663.3,114188.0,11807.499
1754481600000,114187.9,115488.0,113520.0,115366.3,37775.792
1754496000000,115366.2,115674.2,114867.0,115215.1,18625.447
1754510400000,115215.0,115228.5,114732.8,114941.0,6859.276
1754524800000,114941.0,115144.0,114333.6,114500.8,10847.644
1754539200000,114500.9,114834.4,114211.4,114751.1,10679.936
1754553600000,114751.2,116782.6,114750.0,116469.1,40981.265
1754568000000,116469.1,116747.6,115950.1,116634.6,24976.017
1754582400000,116634.6,117487.2,115555.2,117407.6,31486.178
1754596800000,117407.5,117580.0,116942.2,117419.9,15438.015
1754611200000,117419.9,117591.8,116639.9,116692.2,17323.039
1754625600000,116692.2,116917.1,116342.0,116772.0,10920.557
1754640000000,116772.0,116880.0,116256.0,116840.5,10056.008
1754654400000,116840.6,117229.9,115850.0,116162.0,25731.574
1754668800000,116162.1,116863.9,115949.9,116384.4,18032.069
1754683200000,116384.4,116941.5,116250.0,116628.2,7765.364
1754697600000,116628.2,116703.6,116304.0,116331.5,5712.949
1754712000000,116331.6,116950.1,116309.0,116703.2,14934.749
1754726400000,116703.3,117906.7,116700.0,117064.9,25544.616
1754740800000,117065.0,117200.0,116600.0,116835.6,13944.013
1754755200000,116835.5,116900.9,116458.1,116499.9,7593.202
1754769600000,116499.9,117000.0,116350.0,116422.1,10195.005
1754784000000,116422.1,118500.0,116413.2,118480.1,34945.874
1754798400000,118480.0,118738.0,117342.0,117770.0,29066.653
1754812800000,117770.0,118489.9,117568.9,118295.9,16040.238
1754827200000,118295.9,119094.0,118192.6,118766.0,22868.048
1754841600000,118766.0,118917.4,118395.8,118624.5,7283.134
1754856000000,118624.6,119291.9,118010.0,119255.3,20127.832
1754870400000,119255.3,122165.4,118950.0,121700.1,59538.202
1754884800000,121700.1,122450.0,121432.3,121534.8,27806.843
1754899200000,121534.9,121820.7,120267.3,120545.0,28876.249
1754913600000,120545.0,120655.0,119345.0,120271.2,48113.091
1754928000000,120271.2,120799.0,118499.0,119035.3,32996.458
1754942400000,119035.2,119149.6,118050.0,118641.9,19757.411
1754956800000,118641.8,119246.4,118551.7,118813.1,13300.142
1754971200000,118813.2,119120.0,118377.2,118931.9,14300.013
1754985600000,118931.9,119011.9,118154.3,118464.1,13998.651
1755000000000,118464.2,119927.9,118234.8,119888.0,45134.657
1755014400000,119888.0,120163.6,119124.5,119600.3,22828.66
1755028800000,119600.3,120270.0,119430.0,120081.0,16146.432
1755043200000,120080.9,120146.6,119028.0,119436.0,16859.449
1755057600000,119436.0,119798.6,118829.0,119540.3,16032.891
1755072000000,119540.3,120710.4,119408.8,120538.5,23680.705
1755086400000,120538.4,122218.3,120066.1,120897.2,65444.155
1755100800000,120897.3,122831.1,120897.3,122719.9,32963.963
1755115200000,122720.0,123715.9,122314.1,123323.9,33092.71
1755129600000,123323.9,124545.6,123272.1,123405.2,29585.605
1755144000000,123405.1,123485.3,121318.5,121742.4,41732.33
1755158400000,121742.3,122050.0,120657.6,120947.9,25372.784
1755172800000,120947.8,121154.7,117410.0,118185.9,112404.602
1755187200000,118185.9,118500.0,117004.0,117889.5,32884.838
1755201600000,117889.4,118470.1,117255.0,118242.2,17821.411
1755216000000,118242.2,119039.9,117970.7,118918.1,14657.063
1755230400000,118918.1,119184.0,118569.7,118908.3,13276.33
1755244800000,118908.4,119114.9,118550.0,118950.0,8916.305
1755259200000,118950.1,119068.8,116750.0,117216.8,48081.547
1755273600000,117216.8,117859.4,116736.3,116900.0,24658.013
1755288000000,116900.0,117711.0,116820.5,117279.2,10953.099
1755302400000,117279.1,117853.5,117162.6,117385.0,10472.387
1755316800000,117385.0,117857.1,117226.8,117549.9,8878.588
1755331200000,117550.0,117664.9,117089.7,117340.4,8197.037
1755345600000,117340.5,117786.0,117268.5,117626.9,7789.925
1755360000000,117627.0,117774.5,117588.7,117622.3,4894.852
1755374400000,117622.3,117673.9,117137.4,117329.7,6441.631
1755388800000,117329.8,117722.5,117121.6,117627.4,5731.934
1755403200000,117627.3,118187.0,117627.3,117949.9,9439.515
1755417600000,117950.0,118435.0,117865.0,118253.9,9265.939
1755432000000,118254.0,118558.0,118010.0,118191.0,7883.199
1755446400000,118191.0,118267.9,117245.0,117527.0,15033.475
1755460800000,117527.0,117945.0,117322.2,117353.8,7032.742
1755475200000,117353.9,117499.4,114950.3,115264.9,46974.544
1755489600000,115264.8,115684.5,114815.2,115153.2,22828.276
1755504000000,115153.2,115342.5,114605.0,114900.0,17981.665
1755518400000,114900.1,116137.8,114769.2,116099.4,28586.539
1755532800000,116099.4,116761.0,115773.3,116273.4,19769.43
1755547200000,116273.4,116938.7,115929.9,116183.6,11079.325
1755561600000,116183.6,116687.7,114734.8,114756.6,21808.316
1755576000000,114756.7,115430.0,114303.8,114928.7,19906.291
1755590400000,114928.7,115608.5,114750.0,115461.0,11178.156
1755604800000,115461.0,115847.4,113506.0,113730.0,44225.425
1755619200000,113730.1,113844.0,112714.4,113078.3,29407.714
1755633600000,113078.2,113524.5,112666.6,112824.2,14498.385
1755648000000,112824.1,113599.4,112500.0,113465.4,21619.508
1755662400000,113465.4,113805.5,113360.9,113436.7,9143.536
1755676800000,113436.7,113978.0,113009.5,113627.5,15623.162
1755691200000,113627.4,114279.3,112301.8,113297.0,45124.338
1755705600000,113296.9,114411.0,113200.0,114216.3,27678.02
1755720000000,114216.3,114569.0,113941.9,114220.5,11333.806
1755734400000,114220.5,114777.0,113843.7,113912.1,13829.073
1755748800000,113912.0,113997.1,113520.0,113836.8,9921.262
1755763200000,113836.8,113947.4,112924.6,113100.2,12824.8
1755777600000,113100.0,113936.0,112545.4,112748.9,27324.857
1755792000000,112748.8,112940.6,111944.0,112152.8,21010.133
1755806400000,112152.8,112833.3,112010.0,112462.2,11496.231
1755820800000,112462.2,113485.9,112273.2,112889.9,15818.142
1755835200000,112890.0,113350.2,112655.5,113040.1,12847.566
1755849600000,113040.0,113273.9,112130.3,112272.8,13076.59
1755864000000,112272.9,117266.9,111625.9,116319.3,110185.22
1755878400000,116319.4,117397.4,116046.5,116625.5,35551.395
1755892800000,116625.4,117140.6,116510.0,116897.5,11969.064
1755907200000,116897.5,116988.0,115414.3,115522.5,21833.348
1755921600000,115522.6,116015.3,115504.6,115769.9,10604.533
1755936000000,115770.0,115840.4,115180.0,115266.7,9759.963
1755950400000,115266.8,115450.0,114510.0,114776.5,22697.545
1755964800000,114776.4,115166.5,114648.7,115104.9,7958.313
1755979200000,115104.9,115380.0,114957.7,115377.1,5565.713
1755993600000,115377.1,115640.0,114902.0,115006.5,11855.839
1756008000000,115006.5,115264.4,114814.2,114854.8,8290.719
1756022400000,114854.9,115033.4,114574.1,114702.0,10131.968
1756036800000,114701.9,114845.0,114324.9,114372.6,14203.317
1756051200000,114372.7,114914.8,110484.0,112556.4,58915.204
1756065600000,112556.4,113646.5,111555.0,113446.3,29990.955
1756080000000,113446.2,113621.3,112100.2,112867.7,22365.177
1756094400000,112867.8,113022.9,111245.9,111469.7,26547.559
1756108800000,111469.7,111789.9,110891.0,111183.7,27037.38
1756123200000,111183.7,112533.2,110532.2,112142.2,41669.829
1756137600000,112142.2,112897.7,110601.7,110650.4,30479.325
1756152000000,110650.4,111050.0,109219.8,110064.0,56740.515
1756166400000,110064.1,110064.1,108559.7,109825.0,32739.345
1756180800000,109825.1,110508.5,109711.0,110244.2,14571.872
1756195200000,110244.2,110405.6,109529.5,109842.2,13433.107
1756209600000,109842.2,110817.5,109350.0,109624.6,40914.503
1756224000000,109624.6,111106.5,109400.0,111053.5,21525.613
1756238400000,111053.5,112330.0,110855.0,111709.9,21856.998
1756252800000,111710.0,111765.6,110867.1,111373.7,15375.235
1756267200000,111373.8,111700.4,110586.5,110688.0,11788.597
1756281600000,110688.0,111328.9,110306.9,111270.8,12812.348
1756296000000,111270.7,112568.5,110958.2,111965.1,29562.927
1756310400000,111965.0,112550.0,111489.8,112032.8,18174.547
1756324800000,112032.9,112401.5,110854.4,111194.9,26491.468
1756339200000,111194.9,111993.0,110811.0,111954.1,11667.908
1756353600000,111954.0,113318.2,111892.4,113079.2,23087.347
1756368000000,113079.3,113301.6,112780.3,112876.5,10509.946
1756382400000,112876.5,113429.0,112344.4,112633.1,26239.509
1756396800000,112633.1,113153.1,111853.6,111864.7,17144.949
1756411200000,111864.8,112519.1,111829.4,112507.3,8980.618
1756425600000,112507.3,112585.7,111238.5,111648.6,17249.864
1756440000000,111648.6,111797.2,109850.0,109969.0,25126.998
1756454400000,109969.0,110254.9,109360.0,110047.8,23367.603
1756468800000,110047.8,111489.5,108034.1,108334.4,70997.82
1756483200000,108334.4,108777.0,107869.6,108155.5,21364.211
1756497600000,108155.5,108513.0,107411.4,108332.4,21618.676
1756512000000,108332.4,108378.0,107281.0,108367.9,16398.309
1756526400000,108368.0,108615.3,108067.5,108466.6,11466.765
1756540800000,108466.6,108742.9,108359.6,108638.6,9160.751
1756555200000,108638.6,108879.6,108155.0,108809.8,13394.47
1756569600000,108809.8,108851.0,108562.0,108769.4,5467.675
1756584000000,108769.5,108776.1,108412.2,108757.9,4768.913
1756598400000,108758.0,109439.9,108750.0,109175.4,13765.096
1756612800000,109175.5,109190.4,108455.0,108656.9,9506.115
1756627200000,108656.9,109067.2,108251.3,108350.0,12792.96
1756641600000,108350.0,108808.5,108153.8,108758.2,10880.915
1756656000000,108758.2,109196.5,108504.7,108877.2,10481.101
1756670400000,108877.3,109192.3,108021.0,108208.4,12723.359
1756684800000,108208.4,108447.6,107355.0,107619.1,25068.79
1756699200000,107619.1,109390.3,107211.5,109390.3,26104.798
1756713600000,109390.2,109874.8,108131.6,108721.9,33039.009
1756728000000,108721.8,109479.2,108515.8,108738.0,21788.115
1756742400000,108737.9,109298.6,108350.0,109178.7,12872.734
1756756800000,109178.7,109410.5,107400.0,109187.9,31407.18
1756771200000,109187.9,110597.9,108834.9,110286.0,28302.513
1756785600000,110286.0,110571.9,109932.4,110190.1,13927.36
1756800000000,110190.1,110700.0,109501.7,109698.6,18830.291
1756814400000,109698.6,111742.1,108333.0,110789.9,79576.083
1756828800000,110789.9,111076.8,110118.5,110742.9,20760.952
1756843200000,110742.9,111487.9,110650.8,111188.0,14564.157
1756857600000,111187.9,111732.9,110842.7,110991.7,14679.713
1756872000000,110991.8,111117.5,110486.9,111041.5,11117.044
1756886400000,111041.4,111670.0,110843.0,111391.6,11890.428
1756900800000,111391.6,112470.5,110966.8,112168.6,42967.906
1756915200000,112168.5,112541.2,111626.0,112139.9,17438.926
1756929600000,112140.0,112207.1,111550.9,111659.8,7410.404
1756944000000,111659.7,112136.8,111081.1,111107.1,14897.088
1756958400000,111107.1,111283.7,110237.2,110417.3,20718.869
1756972800000,110417.3,111111.0,110366.0,110763.9,14846.823
1756987200000,110763.8,111081.6,109269.1,109448.0,33312.199
1757001600000,109448.0,110150.0,109315.0,109753.9,17804.968
1757016000000,109753.9,111743.8,109702.8,110679.4,20720.422
1757030400000,110679.5,111444.1,110394.2,111266.9,14819.651
1757044800000,111267.0,112949.0,111086.2,112900.1,28206.507
1757059200000,112900.0,112947.6,112080.0,112299.6,22210.272
1757073600000,112299.6,113344.3,110240.0,110674.1,88696.603
1757088000000,110674.1,111598.2,110153.3,111550.1,19053.407
1757102400000,111550.0,111655.5,110307.6,110614.9,20388.964
1757116800000,110614.8,111256.2,110504.9,111034.0,7401.22
1757131200000,111034.0,111034.0,110653.1,110779.9,5151.787
1757145600000,110779.9,110928.5,110621.0,110732.9,5048.529
1757160000000,110732.8,110956.5,110285.2,110324.1,9309.436
1757174400000,110324.2,110359.1,109850.0,109986.7,14613.108
1757188800000,109986.8,110225.9,109981.2,110135.3,4758.436
1757203200000,110135.2,110700.0,110120.5,110579.8,8486.949
1757217600000,110579.8,110880.8,110414.4,110710.8,7174.867
1757232000000,110710.8,111348.0,110666.4,111249.5,14763.41
1757246400000,111249.5,111371.4,110998.8,111276.2,7509.152
1757260800000,111276.2,111327.2,110817.5,111217.0,7640.787
1757275200000,111216.9,111559.5,110947.6,111076.0,8265.419
1757289600000,111075.5,111345.0,110566.5,111004.9,14141.826
1757304000000,111004.8,111580.7,110852.1,111236.4,9409.023
1757318400000,111236.5,112144.0,111201.0,112022.0,24016.679
1757332800000,112022.0,112867.6,111800.0,112573.6,28275.809
1757347200000,112573.6,112635.0,111927.0,112051.0,14865.987
1757361600000,112050.0,112460.4,111847.0,112012.6,8408.535
1757376000000,112012.7,112055.7,111050.0,111657.6,19290.25
1757390400000,111657.7,113238.0,111576.7,112950.1,31921.636
1757404800000,112950.2,113134.3,112350.0,112397.4,12841.685
1757419200000,112397.5,112900.0,110714.9,110830.1,49386.303
1757433600000,110830.1,111342.0,110738.6,111242.3,14928.609
1757448000000,111242.4,111692.3,111041.1,111499.9,8906.65
1757462400000,111499.9,111545.0,110855.8,111498.9,17185.891
1757476800000,111498.9,112555.0,111316.8,112500.1,16775.302
1757491200000,112500.0,112832.0,112060.0,112266.4,19366.674
1757505600000,112266.5,114287.9,112266.4,113801.3,64026.7
1757520000000,113801.3,114046.8,113111.0,113525.2,21631.484
1757534400000,113525.3,114005.0,113468.4,113896.8,12915.488
1757548800000,113896.8,114433.2,113614.5,114354.4,11183.876
1757563200000,114354.4,114419.9,113900.0,114040.0,11621.63
1757577600000,114040.1,114161.0,113722.2,113960.9,11061.871
1757592000000,113961.0,114691.7,113340.7,114122.3,50084.085
1757606400000,114122.4,114564.0,114008.5,114370.5,11930.936
1757620800000,114370.4,115439.0,114195.0,115427.0,17183.68
1757635200000,115427.0,116280.0,114993.0,115138.3,31719.513
1757649600000,115138.3,115613.0,115024.3,115049.0,12398.784
1757664000000,115048.9,115243.5,114833.8,114863.0,13385.479
1757678400000,114863.0,115445.9,114681.5,115064.9,18827.404
1757692800000,115064.8,116605.7,114989.9,116561.1,27949.158
1757707200000,116561.0,116561.0,115701.4,115978.4,14733.38
1757721600000,115978.4,116245.4,115500.1,115913.6,10867.694
1757736000000,115913.6,115913.6,115594.9,115715.5,6578.872
1757750400000,115715.5,116126.0,115715.5,115912.9,6897.627
1757764800000,115913.0,116013.7,115546.1,115721.3,9103.39
1757779200000,115721.4,115780.3,115032.0,115751.4,15004.094
1757793600000,115751.4,115946.4,115745.6,115862.7,4077.913
1757808000000,115862.7,116075.8,115580.0,115626.0,7677.134
1757822400000,115626.0,115884.1,115406.1,115746.0,4741.452
1757836800000,115746.1,116118.6,115700.3,115750.0,7509.269
1757851200000,115750.0,115828.1,115100.5,115162.2,15997.51
1757865600000,115162.2,115605.5,115132.4,115597.4,5946.542
1757880000000,115597.3,116050.0,115057.0,115210.0,13216.083
1757894400000,115210.0,115536.0,114777.0,115387.6,13576.469
1757908800000,115387.7,116759.9,115341.8,115769.5,27463.691
1757923200000,115769.6,115769.6,114588.0,115009.0,30239.543
1757937600000,115009.0,115045.5,114338.5,114788.4,25881.909
1757952000000,114788.1,115528.8,114542.6,115246.7,14288.385
1757966400000,115246.7,115550.0,115141.4,115300.6,6461.282
1757980800000,115300.5,115490.8,114890.0,115250.9,8274.606
1757995200000,115250.8,115968.0,114867.0,115799.4,18532.273
1758009600000,115799.4,115945.0,115151.0,115222.2,9903.929
1758024000000,115222.1,115878.2,114600.0,115877.9,24558.996
1758038400000,115877.9,116830.0,115549.9,116758.0,28427.493
1758052800000,116757.1,116910.8,116543.7,116747.3,9748.887
1758067200000,116747.3,117081.9,116317.0,116320.1,11721.837
1758081600000,116320.2,117266.4,116107.2,117120.5,19903.725
1758096000000,117120.5,117156.6,116197.0,116200.1,14747.898
1758110400000,116200.1,116493.0,115340.0,115825.1,27934.073
1758124800000,115825.1,116316.0,114623.3,115587.6,61585.442
1758139200000,115587.5,116940.0,115257.1,116402.5,22232.095
1758153600000,116402.6,117865.9,116033.5,117531.2,30344.595
1758168000000,117531.3,117713.5,116834.5,117033.6,17350.923
1758182400000,117033.7,117381.9,116955.0,117015.0,10057.804
1758196800000,117015.0,117789.9,116913.9,117530.3,22097.569
1758211200000,117530.2,117875.2,117133.0,117403.0,12457.02
1758225600000,117402.9,117605.8,116489.7,117017.1,14907.806
1758240000000,117017.1,117406.8,116800.0,116914.2,10269.21
1758254400000,116914.1,117049.9,116567.3,116850.1,12862.505
1758268800000,116850.0,117050.6,116250.7,116343.1,13997.595
1758283200000,116343.3,116488.0,115408.4,115826.9,27296.129
1758297600000,115826.9,116093.0,115057.0,115082.4,16518.271
1758312000000,115082.4,115600.0,115049.9,115569.5,7207.939
1758326400000,115569.6,115670.0,115355.0,115394.2,4785.626
1758340800000,115394.3,115933.4,115343.0,115909.8,6258.545
1758355200000,115909.9,115914.4,115605.6,115834.9,6129.028
1758369600000,115834.9,116059.2,115750.6,115928.5,6527.83
1758384000000,115928.4,116017.9,115636.6,115636.6,5001.456
1758398400000,115636.6,115887.6,115549.9,115624.9,3653.193
1758412800000,115625.0,115671.2,115388.0,115613.8,4830.646
1758427200000,115613.8,115772.9,115430.2,115772.9,4856.719
1758441600000,115772.8,115778.0,115277.0,115559.3,6594.717
1758456000000,115559.3,115703.9,115413.0,115471.1,4436.358
1758470400000,115471.0,115620.0,115158.0,115441.0,6740.608
1758484800000,115441.0,115510.7,115137.6,115183.9,5334.383
1758499200000,115183.9,115344.6,114050.0,114602.9,34217.27
1758513600000,114602.9,114604.9,111469.2,112454.4,53970.686
1758528000000,112454.5,112927.0,112119.0,112814.1,16269.606
1758542400000,112814.0,113413.5,112333.0,112768.7,26147.892
1758556800000,112768.7,112839.0,111866.3,112072.9,17130.484
1758571200000,112072.8,112942.4,111924.6,112604.7,11725.63
1758585600000,112604.7,112808.4,111405.1,112294.0,21299.087
1758600000000,112294.0,113080.0,111804.9,113048.1,19008.272
1758614400000,113048.1,113236.0,112634.0,112938.6,12834.182
1758628800000,112938.6,113254.8,112390.6,112828.6,16574.487
1758643200000,112828.6,112927.8,111482.0,111611.8,22467.091
1758657600000,111611.7,112178.0,111413.5,111947.0,10075.145
1758672000000,111947.0,112466.6,111622.4,111639.7,16182.59
1758686400000,111639.8,112732.8,110935.0,112544.7,23001.272
1758700800000,112544.7,113121.8,112356.4,112982.0,14830.326
1758715200000,112982.0,113850.0,112760.0,113299.9,27960.187
1758729600000,113300.0,113895.8,113107.4,113371.7,14802.65
1758744000000,113371.7,113590.0,113143.3,113254.0,8537.071
1758758400000,113253.9,113462.1,112155.6,112485.8,27168.994
1758772800000,112485.7,112574.6,111389.0,111708.5,26475.19
1758787200000,111708.5,112220.3,111234.8,111316.1,15940.854
1758801600000,111316.0,111682.6,110555.0,111538.4,42099.5
1758816000000,111538.4,111636.6,108574.1,109320.5,50538.879
1758830400000,109320.5,109637.3,108694.8,108934.5,16440.324
1758844800000,108934.6,109766.0,108750.0,109537.6,17356.486
1758859200000,109537.5,109588.8,108841.0,109257.3,19163.4
1758873600000,109257.4,109653.6,108566.0,109082.9,18038.068
1758888000000,109082.9,109742.3,108656.8,108976.0,28268.466
1758902400000,108976.0,110250.0,108953.7,109115.9,22207.427
1758916800000,109115.8,109641.6,109028.7,109588.5,7243.812
1758931200000,109588.5,109700.0,109267.3,109503.8,7435.557
1758945600000,109503.8,109694.2,109284.3,109354.8,4334.991
1758960000000,109354.9,109449.2,109021.9,109265.8,7603.852
1758974400000,109265.8,109444.2,109145.0,109340.7,7048.089
1758988800000,109340.8,109397.6,109188.1,109369.3,5170.985
1759003200000,109369.4,109653.2,109305.5,109577.3,4278.45
1759017600000,109577.2,109749.9,109284.1,109397.3,8565.21
1759032000000,109397.3,109500.0,109203.9,109468.5,4028.334
1759046400000,109468.4,109544.8,109188.0,109319.9,7836.57
1759060800000,109319.9,109990.0,109136.5,109990.0,16361.203
1759075200000,109990.0,110350.0,109952.2,110281.6,12576.758
1759089600000,110281.7,112300.0,110236.6,112119.6,27879.888
1759104000000,112119.7,112269.3,111517.3,111817.9,18747.416
1759118400000,111817.9,111860.0,111501.0,111814.7,12523.86
1759132800000,111814.8,112381.3,111814.7,112052.0,15639.613
1759147200000,112052.0,114188.0,111844.3,113752.0,48549.611
1759161600000,113752.0,114349.7,113404.5,114204.8,17519.655
1759176000000,114204.9,114377.2,113960.6,114257.1,12425.554
1759190400000,114257.1,114800.0,113985.1,114321.5,18219.208
1759204800000,114321.5,114321.5,113531.7,113662.4,15263.367
1759219200000,113662.3,113700.0,112615.3,113003.7,22065.979
1759233600000,113003.7,113623.8,112800.1,113055.4,25466.936
1759248000000,113055.4,114528.2,112743.6,114309.1,21865.766
1759262400000,114309.1,114720.0,113710.0,113988.8,16438.759
1759276800000,113988.7,114498.0,113899.4,114135.9,15897.091
1759291200000,114135.8,114700.0,114095.2,114480.8,16277.671
1759305600000,114480.8,116750.0,114425.6,116736.8,51889.352
1759320000000,116736.8,117647.8,116311.5,117366.4,32115.557
1759334400000,117366.5,118190.0,116687.5,117374.1,35556.092
1759348800000,117374.0,118631.8,117104.1,118552.4,21253.666
1759363200000,118552.0,119457.0,118335.0,118697.0,30360.048
1759377600000,118697.0,118893.8,118226.4,118444.1,11848.115
1759392000000,118444.1,118885.8,118307.3,118716.0,9479.148
1759406400000,118716.1,119889.0,118458.4,119875.1,42758.205
1759420800000,119875.1,120999.0,119317.0,120787.9,36408.207
1759435200000,120787.8,120880.9,120018.0,120481.3,14603.215
1759449600000,120481.3,120505.5,119766.0,120185.4,14304.582
1759464000000,120185.4,120281.6,119579.6,119620.1,12310.71
1759478400000,119620.1,120484.1,119200.0,120307.2,17880.291
1759492800000,120307.2,122399.9,119820.4,122238.5,38616.185
1759507200000,122238.5,123900.0,121425.5,122609.3,74701.828
1759521600000,122609.3,122694.1,121944.7,122182.7,10066.666
1759536000000,122182.6,122301.9,121636.4,122197.2,16539.763
1759550400000,122197.3,122781.1,122168.4,122271.3,13166.182
1759564800000,122271.4,122497.4,121908.3,121924.6,8147.412
1759579200000,121924.6,122480.9,121638.5,121744.8,13471.868
1759593600000,121744.8,121920.0,121432.0,121919.0,12409.999
1759608000000,121918.9,122374.8,121813.4,122343.2,6743.986
1759622400000,122343.2,124374.0,122088.1,123735.7,34731.178
1759636800000,123735.7,125877.3,123678.0,124692.4,42796.463
1759651200000,124692.5,124843.0,122472.0,123413.2,41554.431
1759665600000,123413.3,123413.3,122600.0,122753.0,12408.739
1759680000000,122752.9,123422.0,122160.0,122550.4,20005.211
1759694400000,122550.5,123453.5,122425.7,123426.7,11074.978
1759708800000,123426.7,124336.3,123018.5,123792.9,24935.811
1759723200000,123792.8,124137.7,123217.9,123332.3,14538.648
1759737600000,123332.4,124500.0,123332.3,124161.2,14441.381
1759752000000,124161.3,125375.0,124123.3,124946.2,37455.595
1759766400000,124946.2,126208.5,124742.5,125357.3,33248.277
1759780800000,125357.3,125500.0,124463.0,124628.5,15581.617
1759795200000,124628.6,125047.0,124055.0,124277.7,13050.893
1759809600000,124277.8,124631.9,123503.9,123627.1,18156.34
1759824000000,123627.1,124471.4,123261.6,124397.2,18443.485
1759838400000,124397.1,125098.0,121102.0,121788.3,70971.787
1759852800000,121788.2,122049.7,120516.0,121593.6,48194.981
1759867200000,121593.5,122255.4,121218.0,121286.5,13081.861
1759881600000,121286.6,122196.9,121137.0,121333.1,19688.959
1759896000000,121333.1,121880.0,121005.3,121550.4,16141.831
1759910400000,121550.5,123150.0,121468.5,122825.7,22689.216
1759924800000,122825.8,123312.9,121607.8,122140.1,30420.126
1759939200000,122140.1,124170.6,122055.8,123381.8,29648.513
1759953600000,123381.8,123671.5,122739.7,123237.5,8511.141
1759968000000,123237.4,123279.7,121411.8,121988.4,17473.027
1759982400000,121988.4,122221.0,121657.3,121847.9,10691.44
1759996800000,121847.8,122777.0,121081.5,122672.9,21258.055
1760011200000,122673.0,123740.1,120595.5,121079.4,62517.268
1760025600000,121079.4,121426.7,119572.8,120897.6,42006.187
1760040000000,120897.6,121712.4,120787.9,121579.3,9650.403
1760054400000,121579.4,121835.5,120850.0,120960.8,16114.114
1760068800000,120960.8,121712.2,120814.0,120886.1,13636.34
1760083200000,120886.1,121728.3,120869.2,121493.2,10048.553
1760097600000,121493.2,122497.0,118424.4,118965.3,67102.354
1760112000000,118965.2,119403.4,115845.0,116605.3,67842.528
1760126400000,116605.2,117145.3,101516.5,112714.9,217219.743
1760140800000,112715.0,113300.1,110987.0,112261.9,45022.178
1760155200000,112261.6,112931.9,110022.0,110338.7,38020.264
1760169600000,110338.7,112307.6,110100.5,112224.6,23492.99
1760184000000,112224.6,112466.2,111740.8,111744.4,16698.898
1760198400000,111744.4,112142.0,110800.1,111126.7,17110.637
1760212800000,111126.6,111333.5,109501.0,110579.1,23326.623
1760227200000,110579.1,111424.0,109509.3,110643.3,32024.51
1760241600000,110643.3,112110.0,110561.8,111464.0,18747.611
1760256000000,111463.9,112084.3,111070.4,111783.8,19180.411
1760270400000,111783.8,113687.6,111111.0,113119.0,60564.451
1760284800000,113119.0,114654.5,113119.0,114288.7,44045.749
1760299200000,114288.8,115730.3,114200.0,114894.4,43365.305
1760313600000,114894.5,115912.0,114566.1,114773.6,33866.079
1760328000000,114773.5,115500.0,114357.2,115341.7,27016.549
1760342400000,115341.7,115376.3,113600.5,114129.3,29931.406
1760356800000,114129.2,115488.9,113721.2,114260.7,52250.214
1760371200000,114260.8,115827.6,114151.0,115726.6,38754.704
1760385600000,115726.6,115817.4,114930.1,115111.9,14177.831
1760400000000,115112.0,115360.2,113210.6,113441.0,31868.196
1760414400000,113440.9,113677.9,111302.0,111665.2,66212.874
1760428800000,111665.2,112100.1,109969.2,111241.4,44800.731
1760443200000,111241.4,112839.9,109802.0,112823.0,52781.51
1760457600000,112822.9,113480.0,111615.1,112543.9,51041.328
1760472000000,112543.9,113557.9,112164.6,112983.8,12539.857
1760486400000,112983.9,113576.1,111758.5,111978.7,20365.548
1760500800000,111978.7,112637.0,111692.8,112524.3,12933.986
1760515200000,112524.4,113477.9,111606.1,111841.0,25860.953
1760529600000,111840.9,112183.4,110320.4,110757.5,40187.854
1760544000000,110757.4,111500.0,110096.9,111202.7,18943.794
1760558400000,111202.7,111499.7,110429.8,110699.0,13484.955
1760572800000,110699.1,111827.5,110300.0,111277.4,15192.718
1760587200000,111277.5,111711.4,110488.0,110518.2,19927.291
1760601600000,110518.2,111677.1,109403.5,111363.9,35831.997
1760616000000,111364.0,111960.0,108250.0,108474.0,56236.512
1760630400000,108473.9,109212.6,107503.3,108151.3,50886.082
1760644800000,108151.2,108450.4,107350.0,108129.4,15470.185
1760659200000,108129.4,109199.8,107885.6,109121.8,14999.648
1760673600000,109121.9,109182.9,105457.4,105578.3,46920.111
1760688000000,105578.3,106666.6,103470.0,105610.5,85777.861
1760702400000,105610.5,106800.0,104489.5,106750.1,57751.674
1760716800000,106750.0,107505.0,106016.6,106416.4,25754.742
1760731200000,106416.5,107370.0,106296.3,106378.6,11585.656
1760745600000,106378.5,107250.0,106270.0,107025.0,15612.225
1760760000000,107024.9,107452.6,106374.2,106648.3,19538.235
1760774400000,106648.2,107187.9,106550.0,107151.0,10415.868
1760788800000,107151.0,107248.0,106669.0,106893.2,9353.647
1760803200000,106893.3,107047.5,106410.8,107023.0,7832.113
1760817600000,107023.0,107298.7,106788.4,107117.5,5757.815
1760832000000,107117.5,107333.0,106666.9,107221.9,9661.995
1760846400000,107221.9,107241.5,106503.3,106733.3,8079.786
1760860800000,106733.3,108214.8,106055.8,107730.6,45768.235
1760875200000,107730.6,108575.6,107312.2,108429.5,20332.538
1760889600000,108429.6,109399.9,108175.6,108850.0,19259.023
1760904000000,108850.1,109340.7,108366.4,108586.2,10372.143
1760918400000,108586.2,110404.3,107377.2,110100.4,30932.22
1760932800000,110100.3,111350.0,109875.0,111126.2,28821.916
1760947200000,111126.2,111650.0,110552.3,110969.5,19262.416
1760961600000,110969.5,111649.0,110522.9,111079.1,22003.588
1760976000000,111079.2,111255.0,109800.0,110735.0,29379.973
1760990400000,110735.1,111215.3,110355.0,110469.9,9246.836
1761004800000,110469.9,110486.3,109005.0,109005.0,17977.098
1761019200000,109005.1,109005.1,107400.0,108020.0,34541.006
1761033600000,108019.9,108772.4,107432.8,108519.4,20402.173
1761048000000,108519.4,113480.0,107677.0,113355.2,76932.616
1761062400000,113355.2,113940.0,111255.9,111720.7,51739.148
1761076800000,111720.7,111747.7,108000.0,108253.7,39535.385
1761091200000,108253.8,108649.4,107777.1,108174.1,22708.974
1761105600000,108174.0,108581.9,107558.1,108284.1,19772.922
1761120000000,108284.1,108313.8,106360.3,107501.7,28951.313
1761134400000,107501.7,109160.0,107389.4,108369.9,61071.108
1761148800000,108369.8,108780.0,107416.1,107829.0,24816.809
1761163200000,107829.1,108032.0,106588.0,107532.0,23572.857
1761177600000,107532.1,108660.0,107462.9,108322.2,17160.974
1761192000000,108322.2,110275.9,108290.3,109228.6,26449.996
1761206400000,109228.6,109867.7,109021.3,109218.5,14083.275
1761220800000,109218.5,110088.0,108639.4,109849.0,30294.704
1761235200000,109849.0,111240.0,109575.9,110137.8,26886.962
1761249600000,110137.9,110145.8,109260.0,110025.9,14764.806
1761264000000,110026.0,110839.9,109927.8,110399.9,13232.129
1761278400000,110399.9,111498.8,110274.4,111013.7,19519.691
1761292800000,111013.7,111438.3,110496.5,111006.7,15176.101
1761307200000,111006.7,112086.0,109650.0,110009.8,43877.194
1761321600000,110009.9,110907.1,109752.8,110571.3,10895.753
1761336000000,110571.4,111088.0,110431.0,110965.4,8058.664
1761350400000,110965.4,111187.5,110600.5,110962.3,5959.945
1761364800000,110962.3,111775.1,110962.3,111445.4,9261.504
1761379200000,111445.5,111789.4,111328.0,111522.7,8330.669
1761393600000,111522.6,111903.9,111255.2,111340.9,10350.647
1761408000000,111341.0,111686.0,111094.4,111574.9,7533.985
1761422400000,111574.9,111640.1,111291.0,111589.4,3832.733
1761436800000,111589.4,111866.7,111200.0,111210.1,6834.903
1761451200000,111210.1,111677.9,111200.2,111672.8,3509.598
1761465600000,111672.9,113442.5,111650.3,113235.2,25720.793
1761480000000,113235.1,114000.0,113221.5,113648.1,26931.538
1761494400000,113648.0,113774.5,113231.2,113546.3,8821.993
1761508800000,113546.2,115521.7,112800.0,114497.8,25516.562
1761523200000,114497.9,115407.7,114300.0,114927.7,18053.27
1761537600000,114927.8,116380.2,114925.6,115522.5,30815.659
1761552000000,115522.4,115575.1,114780.2,115302.3,17780.233
1761566400000,115302.3,115385.7,114433.0,114914.4,22572.882
1761580800000,114914.5,115744.8,114712.4,114894.9,14588.861
1761595200000,114894.8,114894.8,113792.4,114064.1,14800.707
1761609600000,114064.2,114500.1,113477.5,113863.9,15404.391
1761624000000,113864.0,114320.6,113422.0,114128.7,11948.36
1761638400000,114128.8,114619.2,114058.0,114290.7,9577.148
1761652800000,114290.6,116074.3,114080.8,114571.9,40806.62
1761667200000,114571.7,115554.5,113500.0,113629.0,24148.699
1761681600000,113629.0,113647.4,112121.4,112833.5,29203.622
1761696000000,112833.5,112927.5,112036.1,112459.6,16426.727
1761710400000,112459.6,113525.0,112443.5,113511.9,14258.365
1761724800000,113512.0,113581.7,112666.0,113084.5,13158.647
1761739200000,113084.6,113593.0,111326.5,111460.6,33870.214
1761753600000,111460.7,111963.0,109026.4,110605.6,66487.33
1761768000000,110605.9,111744.0,109686.4,109985.6,19719.583
1761782400000,109985.6,110957.9,109670.6,110694.5,17053.264
1761796800000,110694.4,111565.1,107817.3,111313.5,53901.189
1761811200000,111313.6,111400.0,109638.6,109666.0,21769.837
1761825600000,109665.9,109736.3,107254.1,107670.6,53828.523
1761840000000,107670.5,108184.0,106200.0,106495.1,36902.37
1761854400000,106494.3,108300.0,106257.0,108263.5,22298.461
1761868800000,108263.6,110014.4,108226.6,109186.2,32333.602
1761883200000,109186.3,110200.0,109062.7,109400.1,23926.082
1761897600000,109400.0,110500.0,109159.0,110375.7,19137.691
1761912000000,110375.7,111233.0,109308.1,110160.1,44500.399
1761926400000,110160.1,110273.2,108600.0,109802.8,25323.478
1761940800000,109802.7,109802.7,109277.7,109557.3,6842.524
1761955200000,109557.2,110300.0,109351.5,110194.6,8752.106
1761969600000,110194.6,110557.0,109885.5,110025.3,7330.524
1761984000000,110025.3,110237.6,109803.0,110096.2,5172.837
1761998400000,110096.3,110300.0,109654.5,110253.2,9755.49
1762012800000,110253.1,110486.4,110125.1,110249.0,6444.769
1762027200000,110249.0,110487.0,109803.5,110047.2,4158.495
1762041600000,110047.3,110234.4,109836.7,110008.5,4533.29
1762056000000,110008.4,110988.0,109974.1,110844.1,12154.892
1762070400000,110844.0,111193.5,110302.1,111145.4,12421.938
1762084800000,111145.4,111216.0,110030.0,110066.1,13972.771
1762099200000,110066.2,110286.2,109661.2,110125.2,9115.985
1762113600000,110125.3,110700.0,109368.9,110494.9,8910.297
1762128000000,110494.9,110711.0,107850.0,107886.0,27059.636
1762142400000,107886.0,108088.8,106946.7,107420.5,24838.664
1762156800000,107420.6,107881.4,106618.7,107737.4,20106.721
1762171200000,107737.4,108280.0,105500.0,105718.8,48388.035
1762185600000,105718.8,107797.2,105300.0,107034.7,38120.26
1762200000000,107034.7,107120.0,105750.1,106544.0,15744.731
1762214400000,106544.0,107271.9,105820.0,107097.2,21672.139
1762228800000,107097.1,107247.8,104125.3,104442.9,41302.896
1762243200000,104442.9,104656.0,103550.0,104530.7,30893.792
1762257600000,104530.7,104800.0,102870.0,103157.7,45886.912
1762272000000,103157.7,103474.1,99980.0,100507.0,81901.563
1762286400000,100507.0,101859.5,98888.8,101450.3,60084.858
1762300800000,101450.2,102222.0,98909.7,102094.8,55517.144
1762315200000,102094.8,102326.4,101433.3,101946.1,20988.348
1762329600000,101946.2,102174.9,101131.0,102019.4,20735.516
1762344000000,102019.3,103750.0,101867.8,103668.3,35318.597
1762358400000,103668.2,104496.6,102972.8,103950.0,22268.689
1762372800000,103950.0,104497.6,103240.5,103837.0,12941.8
1762387200000,103837.0,103919.7,102684.7,103598.3,17770.869
1762401600000,103598.3,104210.2,102850.1,103138.6,13713.371
1762416000000,103138.6,103406.0,102611.5,103182.6,12724.785
1762430400000,103182.6,103585.0,101570.5,101981.6,41011.914
1762444800000,101981.6,102367.9,100238.4,101335.9,44808.954
1762459200000,101335.9,101599.6,100500.0,101305.6,14999.928
1762473600000,101305.6,102311.0,100700.1,101863.5,20217.531
1762488000000,101863.4,102480.4,101530.0,101978.8,13280.182
1762502400000,101978.2,102024.7,99750.0,100369.1,30839.672
1762516800000,100369.2,101230.0,99200.0,100758.0,47608.527
1762531200000,100758.0,103350.7,100468.9,103350.0,34409.209
1762545600000,103350.0,104070.7,102889.6,103305.2,17612.337
1762560000000,103305.3,103373.8,102488.0,102545.8,15693.661
1762574400000,102545.8,102794.0,101853.8,102302.9,14868.115
1762588800000,102302.8,102654.1,101647.7,101805.6,11719.209
1762603200000,101805.6,102142.9,101400.1,101678.0,14407.901
1762617600000,101678.1,102182.7,101471.1,101934.3,8852.243
1762632000000,101934.4,102443.9,101906.6,102269.3,5150.82
1762646400000,102269.3,102294.9,101300.0,101622.9,8613.569
1762660800000,101623.0,102097.0,101602.1,101898.2,6756.373
1762675200000,101898.3,102274.9,101457.0,102198.2,9506.279
1762689600000,102198.2,104180.0,102001.0,103715.8,29922.195
1762704000000,103715.8,104780.0,103290.8,104764.1,19690.095
1762718400000,104764.1,105440.0,103999.5,104670.6,17879.159
1762732800000,104670.7,106666.0,104205.9,105990.6,32933.122
1762747200000,105990.6,106499.0,105800.0,106417.7,12528.833
1762761600000,106417.6,106570.0,105780.1,106136.6,13572.766
1762776000000,106136.5,106566.7,104615.7,105028.9,33078.144
1762790400000,105028.9,106081.1,104735.6,105767.2,16326.419
1762804800000,105767.1,106249.6,105202.7,105966.3,11964.254
1762819200000,105966.3,107473.7,105399.6,106407.3,30111.804
1762833600000,106407.4,106496.6,104685.3,104737.0,20998.664
1762848000000,104737.1,105464.2,104718.2,105256.2,11555.593
1762862400000,105256.2,105459.8,103135.2,103417.2,35003.229
1762876800000,103417.2,103694.8,102777.0,103073.6,19238.124
1762891200000,103073.6,103183.8,102400.0,103005.8,15696.36
1762905600000,103005.8,103399.4,102629.5,103267.2,13122.938
1762920000000,103267.2,103605.0,102941.6,103066.7,8824.55
1762934400000,103066.7,105162.6,103066.7,104979.9,27402.495
1762948800000,104979.9,105297.0,101900.0,102124.9,41940.216
1762963200000,102124.9,102249.2,100711.0,101245.4,37825.035
1762977600000,101245.3,101964.5,101087.8,101605.8,11761.042
1762992000000,101605.8,102581.7,100850.0,102088.1,22639.572
1763006400000,102088.0,104024.6,101602.2,103430.9,34325.354
1763020800000,103430.9,103765.4,102509.1,102900.0,18566.647
1763035200000,102900.1,103456.0,101135.0,101338.0,45078.899
1763049600000,101338.0,101495.7,98100.0,98643.1,75018.436
1763064000000,98643.1,100485.8,97959.0,99654.3,40417.891
1763078400000,99654.3,99862.8,98657.0,99103.3,28715.78
1763092800000,99103.3,99152.0,95840.9,97099.9,71313.808
1763107200000,97099.9,97520.0,95597.9,96134.6,31110.834
1763121600000,96134.5,97280.0,94500.0,96752.6,82600.541
1763136000000,96752.7,97377.6,94741.2,95737.3,42316.61
1763150400000,95737.4,95900.0,93955.0,94544.9,31015.21
1763164800000,94544.9,96800.0,94523.9,96388.5,27406.464
1763179200000,96388.5,96543.8,95900.1,96289.4,13884.426
1763193600000,96289.3,96310.4,95587.3,95657.3,12856.23
1763208000000,95657.3,96439.6,95534.1,96222.1,13204.02
1763222400000,96222.1,96362.5,95677.7,95967.7,11960.891
1763236800000,95967.7,95979.1,95072.1,95560.3,10908.288
1763251200000,95560.4,95946.4,94800.0,95782.0,12634.047
1763265600000,95782.0,96170.6,95602.0,96064.8,8616.379
1763280000000,96064.8,96600.0,95443.6,95588.0,16713.435
1763294400000,95588.0,95870.0,94300.0,94531.3,18869.751
1763308800000,94531.2,95544.8,93677.4,93994.5,44324.084
1763323200000,93994.5,94700.0,92922.8,94221.7,34591.813
1763337600000,94221.7,95539.3,93730.0,95472.1,24659.317
1763352000000,95472.0,95838.0,94850.0,95587.9,15760.621
1763366400000,95587.9,95980.1,95268.9,95530.1,14932.07
1763380800000,95530.0,96012.2,93511.8,93915.7,58887.551
1763395200000,93915.8,94388.0,91550.2,91656.2,60184.076
1763409600000,91656.2,92370.9,91250.0,92169.7,30737.65
1763424000000,92169.8,92335.4,89666.1,90811.9,54125.497
1763438400000,90811.8,90842.1,89012.0,90459.1,44370.545
1763452800000,90459.2,91567.0,90459.1,91473.6,28352.843
1763467200000,91474.1,92991.7,90888.0,92851.4,58085.185
1763481600000,92851.5,93799.1,92532.0,93143.1,33005.355
1763496000000,93143.1,93400.0,92420.3,92916.9,14751.731
1763510400000,92916.8,92944.8,91600.0,91842.2,24522.251
1763524800000,91842.1,91987.2,89966.0,91826.6,46058.357
1763539200000,91826.6,91920.0,91038.9,91372.4,19679.241
1763553600000,91372.3,92348.2,89822.0,89901.0,42278.255
1763568000000,89901.0,90202.5,88600.0,88857.7,54170.658
1763582400000,88857.8,91554.9,88564.4,91508.9,39729.688
1763596800000,91509.0,92760.0,91140.2,92404.6,26837.515
1763611200000,92404.7,93150.0,91640.2,92267.4,27995.866
1763625600000,92267.5,92363.1,91388.5,91892.6,17102.033
1763640000000,91892.7,92498.6,89804.1,89835.4,50957.631
1763654400000,89835.5,89885.7,86066.6,86880.3,114064.312
1763668800000,86880.2,88214.1,86291.7,86601.3,39555.67
1763683200000,86601.4,87465.4,85288.0,85782.5,45579.338
1763697600000,85782.4,86313.2,81111.0,84006.7,78365.775
1763712000000,84006.7,84667.1,81601.7,82279.1,84124.192
1763726400000,82279.2,85449.2,80600.0,82905.1,129537.87
1763740800000,82905.0,85548.4,82300.0,84167.2,80734.325
1763755200000,84167.1,85374.5,83418.4,85093.5,31462.824
1763769600000,85093.6,85599.9,84180.0,84414.1,19897.887
1763784000000,84414.0,84764.3,83792.0,84537.4,15965.292
1763798400000,84537.4,84546.4,83456.0,84066.2,20664.044
1763812800000,84066.2,84712.7,83578.5,84239.9,18582.456
1763827200000,84239.9,84888.0,84175.0,84566.7,9063.108
1763841600000,84566.8,85238.3,84193.8,84689.4,10024.268
1763856000000,84689.4,86300.0,84622.0,86261.0,24200.097
1763870400000,86261.0,86826.8,85348.7,85732.0,24602.446
1763884800000,85732.1,86438.5,85724.7,86290.3,16673.741
1763899200000,86290.3,87222.0,86222.0,87042.8,26845.253
1763913600000,87042.8,87653.9,86458.0,87276.7,24543.305
1763928000000,87276.7,88100.0,86700.0,86807.7,22065.231
1763942400000,86807.6,88049.5,85915.0,87408.8,36758.713
1763956800000,87408.7,87795.9,86400.0,87004.6,26095.166
1763971200000,87004.6,87004.6,85654.1,86232.5,25190.047
1763985600000,86232.5,86700.0,85226.4,86571.0,47419.81
1764000000000,86571.1,88788.0,86571.0,88277.0,51453.968
1764014400000,88277.1,89177.3,88205.3,88247.1,24195.628
1764028800000,88247.1,88247.1,87378.8,87775.1,19713.977
1764043200000,87775.0,88477.6,87240.0,87362.2,17064.891
1764057600000,87362.2,87585.7,86628.4,87311.9,23787.173
1764072000000,87312.0,87732.7,86061.1,86946.5,39724.105
1764086400000,86946.6,88115.0,86132.7,86835.0,30082.125
1764100800000,86835.1,87869.4,86542.0,87324.1,19265.384
1764115200000,87324.1,88200.0,87022.2,87088.5,17140.975
1764129600000,87088.4,87947.0,86851.1,87896.2,14105.593
1764144000000,87896.2,87909.2,86630.0,87049.2,17454.952
1764158400000,87049.1,87646.8,86260.9,86926.2,36287.132
1764172800000,86926.3,90362.7,86914.3,89923.3,54312.066
1764187200000,89923.3,90655.4,89458.7,90438.1,19845.815
1764201600000,90438.0,91850.0,90024.4,91049.3,32745.927
1764216000000,91049.3,91520.0,90843.8,91361.5,14177.4
1764230400000,91361.4,91931.9,91177.2,91334.9,18138.117
1764244800000,91334.9,91418.4,90410.6,90912.9,24029.717
1764259200000,90913.0,91800.0,90800.4,91489.0,17191.032
1764273600000,91489.0,91562.8,91058.4,91292.2,7403.039
1764288000000,91292.2,91386.6,90612.2,91168.0,13757.156
1764302400000,91168.0,91690.0,90824.1,90870.2,13510.903
1764316800000,90870.2,92000.0,90863.6,91382.9,21589.404
1764331200000,91383.0,93080.0,91314.4,92299.9,48122.799
1764345600000,92299.8,92323.6,90155.0,91106.1,41246.173
1764360000000,91106.0,91209.0,90657.6,90847.8,8693.912
1764374400000,90847.8,91078.4,90500.0,90638.0,7053.901
1764388800000,90638.1,90884.8,90265.2,90523.5,9280.403
1764403200000,90523.4,90691.5,90335.2,90633.7,6285.01
1764417600000,90633.8,91068.1,90484.3,91030.0,8755.57
1764432000000,91030.0,91130.0,90092.7,90602.9,14802.817
1764446400000,90602.9,91020.0,90363.0,90765.0,8018.978
1764460800000,90764.9,91016.0,90414.0,90873.0,6739.259
1764475200000,90872.9,90999.4,90626.2,90924.5,4260.813
1764489600000,90924.5,91580.0,90879.3,91000.9,14264.111
1764504000000,91000.9,91934.4,90960.0,91405.8,16461.441
1764518400000,91405.9,91818.8,91088.1,91423.2,8957.664
1764532800000,91423.1,91592.3,90300.0,90320.6,15456.43
1764547200000,90320.5,90396.9,86126.0,86319.2,80222.892
1764561600000,86319.1,86524.6,85563.7,86487.6,31809.427
1764576000000,86487.3,86886.0,86090.0,86100.1,19775.516
1764590400000,86100.0,86625.0,83786.0,84650.0,83435.905
1764604800000,84650.0,85528.7,84011.0,84985.0,46606.811
1764619200000,84985.0,86817.0,84966.8,86241.6,34996.615
1764633600000,86241.5,87384.0,86140.1,86936.0,23647.179
1764648000000,86935.9,87245.9,86772.0,86965.0,11979.706
1764662400000,86965.0,87640.0,86321.0,87326.9,24568.861
1764676800000,87327.0,91211.3,87005.0,90809.2,78565.044
1764691200000,90809.2,92273.2,90156.4,91849.9,54905.622
1764705600000,91849.9,91970.4,90643.5,91249.1,34434.753
1764720000000,91249.1,93068.9,90954.8,92589.2,30608.344
1764734400000,92589.2,93932.7,92578.0,92969.9,37966.712
1764748800000,92970.0,93338.4,92602.8,92957.7,21367.918
1764763200000,92957.6,93653.6,91637.4,92332.9,58413.578
1764777600000,92333.0,93471.1,91733.2,92995.8,30690.222
1764792000000,92995.8,94185.0,92784.3,93376.7,22251.543
1764806400000,93376.8,94040.0,92628.0,93499.9,24501.316
1764820800000,93500.0,93549.2,92737.0,93358.6,16001.449
1764835200000,93358.5,93600.0,92666.1,92894.9,16325.267
1764849600000,92894.9,93256.3,91762.0,92933.5,38745.228
1764864000000,92933.4,93143.4,90822.5,91941.5,38482.82
1764878400000,91941.5,92676.8,91649.8,92034.7,12716.347
1764892800000,92034.7,92665.5,91917.7,92104.9,10956.852
1764907200000,92104.8,92455.4,91750.6,92227.5,12306.339
1764921600000,92227.6,92227.6,90940.4,91307.9,21552.042
1764936000000,91308.0,91445.2,89863.0,90414.0,55291.144
1764950400000,90413.9,90460.0,87976.3,89590.5,66447.207
1764964800000,89590.5,89706.0,88856.7,89288.5,12571.473
1764979200000,89288.6,89758.0,88986.1,89636.5,10198.215
1764993600000,89636.5,89732.4,89410.8,89549.6,6055.827
1765008000000,89549.5,89679.0,89165.9,89585.4,8658.915
1765022400000,89585.4,90257.3,89424.2,89713.4,14787.6
1765036800000,89713.3,89940.3,89203.0,89369.4,8623.445
1765051200000,89369.5,89578.3,88870.1,89197.1,8502.865
1765065600000,89197.1,89704.5,89131.5,89675.6,5748.385
1765080000000,89675.7,89750.0,89155.0,89337.1,6553.596
1765094400000,89337.1,89494.4,89012.9,89109.4,7659.024
1765108800000,89109.3,89700.0,87688.0,89505.0,41325.561
1765123200000,89505.0,91722.0,89065.2,91379.7,36596.274
1765137600000,91379.8,91473.2,88890.0,90345.4,31709.165
1765152000000,90345.4,91650.0,89806.4,91039.4,20651.383
1765166400000,91039.3,91868.0,90979.2,91519.8,12977.758
1765180800000,91519.8,92262.6,91433.6,91923.5,16068.448
1765195200000,91923.6,92106.4,89553.8,89912.6,57039.196
1765209600000,89912.7,90471.6,89629.1,90073.6,29715.552
1765224000000,90073.7,91338.2,90073.7,90610.8,16022.402
1765238400000,90610.8,90810.8,89774.1,90364.0,15639.888
1765252800000,90364.1,90485.8,89368.9,90449.9,20910.849
1765267200000,90449.9,90584.8,89868.0,90341.9,10989.605
1765281600000,90342.0,92867.0,89953.0,92676.9,45314.765
1765296000000,92676.9,94555.0,92656.5,93761.9,62023.498
1765310400000,93761.9,93819.1,92199.0,92638.4,27051.658
1765324800000,92638.3,92748.2,91900.0,92366.0,16458.476
1765339200000,92366.0,92749.8,92339.8,92744.7,9066.291
1765353600000,92744.7,93278.9,91721.0,92085.5,22951.746
1765368000000,92085.4,92197.3,91520.0,92021.8,20761.517
1765382400000,92021.8,93223.6,91605.0,92913.8,47793.664
1765396800000,92913.9,94443.7,91825.0,91977.5,43457.086
1765411200000,91977.5,92046.3,89321.0,89833.1,41765.03
1765425600000,89833.1,90445.6,89640.4,90231.4,16187.084
1765440000000,90231.3,90494.7,89931.0,90195.3,11011.162
1765454400000,90195.3,90618.0,89200.0,89830.1,36667.082
1765468800000,89830.1,91499.0,89288.0,90793.5,36608.297
1765483200000,90793.5,93547.3,90749.6,92477.5,48909.413
1765497600000,92477.6,92719.0,91400.0,92234.3,22813.99
1765512000000,92234.3,92685.5,92028.4,92389.5,11201.46
1765526400000,92389.5,92600.0,92050.0,92381.5,9687.193
1765540800000,92381.4,92630.0,89688.0,89895.0,49205.788
1765555200000,89895.0,90617.7,89429.0,90147.3,41898.523
1765569600000,90147.4,90357.5,89843.0,90229.6,10037.156
1765584000000,90229.7,90432.0,90077.0,90304.0,5591.18
1765598400000,90304.1,90379.5,90226.8,90286.1,3796.6
1765612800000,90286.0,90599.0,90239.0,90298.4,7893.366
1765627200000,90298.5,90441.9,89888.0,90055.4,9021.404
1765641600000,90055.3,90236.6,89944.0,90150.9,4576.962
1765656000000,90150.8,90248.0,89711.9,90191.3,5358.221
1765670400000,90191.3,90440.0,90071.6,90222.3,7086.65
1765684800000,90222.4,90300.0,90005.8,90205.1,3999.939
1765699200000,90205.1,90250.0,88412.8,89308.2,24641.953
1765713600000,89308.3,89630.8,88831.7,88985.2,17265.699
1765728000000,88985.2,89372.8,88432.0,88598.7,17696.731
1765742400000,88598.7,88779.1,87504.3,88118.8,21395.682
1765756800000,88118.8,89972.4,88025.3,89239.9,27815.116
1765771200000,89240.0,89880.0,89229.5,89703.0,10941.101
1765785600000,89702.9,89940.0,89525.0,89606.0,11790.519
1765800000000,89606.0,89845.0,86563.6,86996.6,67384.379
1765814400000,86996.5,87189.9,85073.0,86104.2,56199.332
1765828800000,86104.2,86437.1,85489.7,86389.9,20085.598
1765843200000,86390.0,86478.6,85340.1,85837.7,16787.316
1765857600000,85837.6,86577.0,85226.0,85964.8,17300.472
1765872000000,85964.9,87299.7,85874.6,87216.6,18856.619
1765886400000,87216.6,88143.9,86055.9,87936.3,54188.458
1765900800000,87936.3,88012.5,87015.8,87538.7,26033.481
1765915200000,87538.7,87900.0,87297.9,87826.3,9058.702
1765929600000,87826.3,87925.8,87104.2,87178.1,11671.628
1765944000000,87178.2,87360.8,86158.4,87010.4,22749.284
1765958400000,87010.4,87100.0,86201.0,86939.3,15486.489
1765972800000,86939.2,90363.2,86768.8,87191.4,86140.012
1765987200000,87191.0,87737.3,85261.3,85982.7,55699.358
1766001600000,85982.7,86421.0,85630.0,86201.6,16899.977
1766016000000,86201.6,86836.2,85820.6,86575.1,16118.556
1766030400000,86575.1,86859.1,86323.7,86787.5,11560.136
1766044800000,86787.5,87417.6,86640.5,87268.1,14444.149
1766059200000,87257.0,89447.9,87068.0,88480.8,75762.851
1766073600000,88480.7,88500.0,84429.9,84447.0,83673.674
1766088000000,84447.0,85800.0,84408.6,85469.7,28014.313
1766102400000,85469.8,87550.0,85062.7,86863.1,30604.064
1766116800000,86863.2,88366.0,86651.9,87909.7,28039.593
1766131200000,87909.7,88345.1,87700.0,88169.9,16798.031
1766145600000,88170.0,89374.6,87488.0,87925.6,51776.28
1766160000000,87925.6,88888.0,86795.5,87812.8,36941.972
1766174400000,87812.9,88406.3,87569.1,88100.0,14124.554
1766188800000,88100.0,88294.8,87926.7,88165.3,5637.357
1766203200000,88165.3,88551.8,88065.9,88239.9,6898.331
1766217600000,88240.0,88397.8,88063.8,88243.6,4869.385
1766232000000,88243.6,88320.0,87698.5,88134.6,11529.379
1766246400000,88134.5,88407.7,88060.0,88196.3,3919.255
1766260800000,88196.4,88434.9,88111.1,88320.8,3120.141
1766275200000,88320.7,88400.0,87821.1,88043.2,7336.323
1766289600000,88043.3,88174.5,88010.0,88138.7,2659.008
1766304000000,88138.8,89050.0,88103.3,88570.6,15426.009
1766318400000,88570.7,88885.9,87548.5,88024.7,25733.455
1766332800000,88024.7,88588.0,87902.0,88448.2,10214.556
1766347200000,88448.3,88786.9,88047.4,88621.3,6255.037
1766361600000,88621.3,89600.0,87845.0,88727.5,31996.805
1766376000000,88727.4,89173.8,88665.3,89127.7,9144.909
1766390400000,89127.8,90085.0,89050.1,89905.2,25914.874
1766404800000,89905.2,90599.0,89109.1,89688.5,43053.447
1766419200000,89688.6,90088.0,87906.7,88011.1,26150.733
1766433600000,88011.0,88805.9,87872.6,88581.5,18432.701
1766448000000,88581.5,88904.9,87738.3,88128.2,16525.238
1766462400000,88128.2,88342.0,86976.6,87531.3,23180.432
1766476800000,87531.3,87852.0,87256.3,87813.9,12098.9
1766491200000,87813.8,87914.0,86536.0,87405.3,34384.868
1766505600000,87405.2,88247.8,87121.4,87724.2,32501.327
1766520000000,87724.2,88349.2,87145.0,87463.0,14967.183
1766534400000,87463.1,87849.9,86817.9,87311.4,15341.836
1766548800000,87311.4,87430.0,86738.8,86868.1,11302.398
1766563200000,86868.1,87316.7,86671.7,87162.6,10537.249
1766577600000,87162.6,87450.0,86355.0,87012.0,23298.985
1766592000000,87012.0,87660.0,86878.3,87521.4,13327.506
1766606400000,87521.4,88033.3,87484.6,87627.3,7735.534
1766620800000,87627.4,87933.5,87466.9,87811.6,5633.524
1766635200000,87811.6,87830.0,87617.1,87795.9,3874.387
1766649600000,87795.9,87858.8,87219.0,87485.2,8305.291
1766664000000,87485.2,88594.0,87360.7,88338.9,15360.367
1766678400000,88339.0,88451.6,87947.8,88112.3,9470.156
1766692800000,88112.3,88139.2,86902.1,87182.8,15152.527
1766707200000,87182.8,89432.0,86824.8,88796.2,38115.137
1766721600000,88796.2,89557.6,88300.5,88433.0,21937.337
1766736000000,88433.0,88888.0,88380.0,88507.5,11419.104
1766750400000,88507.6,89037.0,86619.9,87100.0,51437.502
1766764800000,87100.0,87555.0,86760.4,87453.7,19187.707
1766779200000,87453.7,87750.0,87266.6,87318.2,7874.95
1766793600000,87318.3,87493.4,87203.0,87473.4,4564.436
1766808000000,87473.4,87669.7,87374.5,87490.9,3525.475
1766822400000,87490.9,87634.9,87324.6,87433.6,5166.212
1766836800000,87433.6,87555.0,87264.8,87516.2,4515.048
1766851200000,87516.3,87545.6,87397.5,87522.4,2442.758
1766865600000,87522.3,87956.9,87455.5,87829.4,7080.18
1766880000000,87829.5,87921.7,87674.4,87693.0,4818.273
1766894400000,87693.1,87802.5,87566.0,87697.7,3595.942
1766908800000,87697.7,87980.9,87676.4,87850.8,5882.811
1766923200000,87850.9,88078.3,87762.2,87797.7,6369.212
1766937600000,87797.6,87902.7,87448.4,87488.6,9230.702
1766952000000,87488.7,88023.4,87402.6,87920.5,7463.024
1766966400000,87920.4,90156.5,87778.5,90091.6,45213.489
1766980800000,90091.5,90373.4,89448.1,89583.0,25464.187
1766995200000,89583.0,89791.5,87520.1,87529.0,45300.356
1767009600000,87529.1,88150.0,86760.0,87636.6,49719.631
1767024000000,87636.4,87968.1,87259.6,87328.9,15239.929
1767038400000,87328.9,87569.2,87043.4,87203.3,9066.617
1767052800000,87203.2,87393.1,86789.0,87334.7,13438.983
1767067200000,87334.7,87581.4,87105.6,87457.5,8171.089
1767081600000,87457.5,88190.6,87455.5,87875.2,23327.302
1767096000000,87875.3,89126.0,87788.2,88966.8,38901.923
1767110400000,88966.8,89355.0,87910.4,88189.7,32511.331
1767124800000,88189.8,88533.0,87833.2,88455.3,10394.632
1767139200000,88455.2,88780.0,88134.9,88411.5,11679.228
1767153600000,88411.6,88596.0,88280.1,88569.0,6284.482
1767168000000,88568.9,89000.0,88339.9,88967.6,12440.16
1767182400000,88967.6,89192.8,87729.2,87909.0,31536.84
1767196800000,87909.0,88024.3,87350.5,87515.0,24053.975
1767211200000,87515.0,87849.7,87189.2,87608.2,10773.672
1767225600000,87608.3,88065.0,87600.0,87824.6,7102.55
1767240000000,87824.6,87831.6,87508.4,87603.7,5685.305
1767254400000,87603.7,87985.6,87590.0,87980.1,6046.668
1767268800000,87980.1,88079.3,87758.4,87986.8,8130.085
1767283200000,87986.8,88475.8,87833.1,88354.8,11314.033
1767297600000,88354.8,88881.4,88193.2,88800.0,9662.662
1767312000000,88800.0,89088.0,88324.4,88899.3,19809.197
1767326400000,88899.3,89055.0,88533.6,88829.3,12241.301
1767340800000,88829.3,89900.0,88780.0,89458.3,27887.349
1767355200000,89458.3,90126.5,88401.2,89373.1,50647.142
1767369600000,89373.0,90945.1,89145.2,89865.0,53631.695
1767384000000,89865.0,90368.7,89588.0,89951.4,12445.764
1767398400000,89951.5,90365.9,89914.5,90279.9,6484.185
1767412800000,90280.0,90456.0,89261.2,89535.9,14358.15
1767427200000,89535.9,89943.9,89380.2,89706.4,9668.717
1767441600000,89706.4,90200.0,89620.0,89931.8,10078.954
1767456000000,89931.7,90189.0,89866.5,90091.8,4811.57
1767470400000,90091.8,90716.9,89972.9,90595.8,11489.693
1767484800000,90595.8,91597.6,90595.7,91192.7,21036.474
1767499200000,91192.7,91779.7,91142.3,91477.5,13544.574
1767513600000,91477.5,91581.7,91111.9,91262.7,11954.424
1767528000000,91262.8,91377.2,90968.0,91292.8,10317.597
1767542400000,91292.8,91429.4,90790.1,91102.9,9385.331
1767556800000,91102.9,91567.0,91085.1,91497.1,7534.629
1767571200000,91497.2,93382.5,91476.5,92835.2,51047.503
1767585600000,92835.3,92920.0,92102.0,92492.1,20234.161
1767600000000,92492.1,93131.8,92292.0,93093.3,20213.743
1767614400000,93093.3,93998.9,92370.9,93899.9,43133.117
1767628800000,93900.0,94475.7,93201.0,94248.6,35514.604
1767643200000,94248.6,94760.3,93757.9,93822.4,19273.184
1767657600000,93822.3,94125.1,93467.1,93725.8,13154.652
1767672000000,93725.7,93966.4,93088.0,93207.4,16653.016
1767686400000,93207.4,93865.5,93130.4,93799.9,13061.435
1767700800000,93800.0,94415.4,93292.0,93608.2,42110.368
1767715200000,93608.2,93728.9,91209.0,92062.2,69722.545
1767729600000,92062.2,93825.0,92062.2,93708.0,32741.034
1767744000000,93708.1,93708.1,92202.9,92778.2,23633.179
1767758400000,92778.1,92893.0,92457.9,92848.1,9331.514
1767772800000,92848.1,92928.0,91549.9,92041.9,31461.263
1767787200000,92041.8,92249.3,90987.0,91303.1,39915.388
1767801600000,91303.2,91750.0,90634.1,91143.6,28364.998
1767816000000,91143.6,91462.1,90740.5,91328.0,16280.508
1767830400000,91328.1,91666.0,90555.1,90780.1,15801.589
1767844800000,90780.0,91157.6,89588.1,90509.9,33939.861
1767859200000,90509.8,90741.2,89733.6,90192.3,26745.978
1767873600000,90192.2,90790.0,89242.0,90730.0,49177.48
1767888000000,90730.0,91425.1,90244.7,90890.9,28633.856
1767902400000,90890.9,91449.9,90519.9,91059.8,14177.18
1767916800000,91059.8,91600.0,90800.6,91190.1,13112.406
1767931200000,91190.1,91203.0,90704.0,90712.1,7718.517
1767945600000,90712.1,90812.0,89632.8,90398.1,29857.973
1767960000000,90398.1,91999.0,89800.0,91137.7,50210.138
1767974400000,91137.8,91749.9,90145.0,90290.6,30045.679
1767988800000,90290.6,90693.0,90082.6,90603.6,9449.964
1768003200000,90603.7,90748.6,90474.4,90591.3,4296.028
1768017600000,90591.3,90650.4,90351.6,90627.1,3897.275
1768032000000,90627.1,90800.0,90570.0,90692.8,5112.255
1768046400000,90692.9,90758.7,90494.0,90622.7,4673.046
1768060800000,90622.8,90708.0,90450.0,90591.4,3632.768
1768075200000,90591.3,90627.6,90358.5,90469.6,3659.369
1768089600000,90469.7,90699.9,90410.6,90696.5,3298.738
1768104000000,90696.4,90818.0,90530.9,90664.0,3375.466
1768118400000,90663.9,90787.8,90555.0,90707.3,4860.961
1768132800000,90707.2,91143.1,90650.0,90834.1,11189.115
1768147200000,90834.0,91252.5,90609.5,90644.7,7657.326
1768161600000,90644.7,91000.0,90175.3,90964.4,13162.776
1768176000000,90964.4,92488.0,90642.0,91766.2,34613.115
1768190400000,91766.2,92245.1,91342.0,91369.2,14891.693
1768204800000,91369.2,91586.5,90319.4,90573.9,30364.738
1768219200000,90573.9,91637.8,90066.0,91618.7,33382.596
1768233600000,91618.6,92299.0,90966.0,91821.9,43461.407
1768248000000,91821.9,92017.0,90870.0,91252.6,12523.834
1768262400000,91252.5,91524.5,91011.0,91380.9,11584.552
1768276800000,91380.9,92258.0,91316.3,91908.0,20473.116
1768291200000,91908.0,92676.6,91850.6,91962.1,23092.118
1768305600000,91962.1,93408.0,91700.6,93407.9,48588.204
1768320000000,93407.9,94189.0,93009.8,94179.5,39149.646
1768334400000,94179.6,96863.7,94011.7,95375.2,57658.282
1768348800000,95375.2,95670.0,95082.0,95665.7,16464.491
1768363200000,95665.6,95755.0,94413.4,95166.6,23449.918
1768377600000,95166.6,95288.0,94700.0,94763.6,14291.289
1768392000000,94763.7,97100.0,94643.0,96691.9,56131.329
1768406400000,96691.9,97733.9,96180.0,97221.8,52868.159
1768420800000,97221.8,97932.1,96666.6,96907.9,18838.305
1768435200000,96908.0,96960.9,95733.1,95943.1,19713.874
1768449600000,95943.1,96744.2,95909.1,96601.2,17931.66
1768464000000,96601.2,97155.0,96243.8,96548.9,15485.899
1768478400000,96548.9,97100.0,95403.7,96717.3,45603.132
1768492800000,96717.3,97047.6,95080.0,95469.2,37698.441
1768507200000,95469.2,95837.8,95089.0,95567.3,12771.735
1768521600000,95567.4,95825.0,95279.8,95319.6,9561.47
1768536000000,95319.6,95790.0,95111.1,95608.4,14107.35
1768550400000,95608.4,95805.0,95210.5,95382.6,9683.442
1768564800000,95382.5,95763.0,94234.5,94537.5,37520.56
1768579200000,94537.6,95191.8,94454.5,94961.0,17146.236
1768593600000,94961.0,95550.0,94630.0,95503.7,13199.031
1768608000000,95503.8,95536.9,95136.2,95324.0,5524.505
1768622400000,95324.1,95346.1,94999.9,95061.1,4766.776
1768636800000,95061.1,95287.1,94977.5,95283.9,4032.162
1768651200000,95283.8,95621.9,95152.1,95529.0,11191.027
1768665600000,95529.0,95529.0,95165.5,95258.3,7792.851
1768680000000,95258.3,95373.2,95000.0,95107.9,5661.912
1768694400000,95107.9,95200.9,94819.5,95155.0,6600.369
1768708800000,95155.0,95236.5,94980.0,94989.9,4813.436
1768723200000,94989.9,95257.4,94980.0,95133.4,5147.428
1768737600000,95133.3,95326.4,94850.4,95067.8,12660.949
1768752000000,95067.7,95485.9,95024.6,95335.6,7763.476
1768766400000,95335.6,95490.0,93550.3,93614.0,25594.735
1768780800000,93614.0,93614.1,91800.0,92656.6,49990.263
1768795200000,92656.7,92810.0,92344.5,92787.9,11351.718
1768809600000,92787.8,93312.8,92635.0,93136.7,13800.415
1768824000000,93136.8,93188.0,92660.0,93013.5,11142.096
1768838400000,93013.4,93379.0,92888.0,93066.2,8569.393
1768852800000,93066.2,93312.1,92116.0,92589.6,13383.171
1768867200000,92589.6,92845.0,92200.0,92397.0,13853.313
1768881600000,92396.9,92440.1,90723.3,91136.1,40101.084
1768896000000,91136.1,91415.1,90622.2,91185.8,17642.089
1768910400000,91185.8,91344.8,89819.0,90644.2,49534.19
1768924800000,90644.3,90944.5,89250.2,89694.1,34730.522
1768939200000,89694.1,89824.0,87787.2,88390.6,32215.002
1768953600000,88390.7,89568.5,88218.2,89396.0,18898.318
1768968000000,89395.9,90088.0,89045.0,89171.3,19315.661
1768982400000,89171.3,89449.0,88614.1,88757.1,13506.472
1768996800000,88757.0,90599.5,88109.7,90237.1,54268.387
1769011200000,90237.2,90427.6,87205.5,90321.9,76317.133
1769025600000,90321.9,90349.0,89317.9,89411.4,25776.644
1769040000000,89411.4,90327.7,89411.3,89857.0,13517.244
1769054400000,89856.9,90170.1,89750.0,89772.6,8495.666
1769068800000,89772.6,90123.0,89701.9,89909.6,9239.677
1769083200000,89909.7,90309.5,88465.6,88953.6,42054.956
1769097600000,88953.7,89882.1,88630.2,89732.9,22922.654
1769112000000,89732.8,89908.5,89095.5,89518.5,9684.024
1769126400000,89518.4,89948.9,89400.0,89886.1,7103.31
1769140800000,89886.2,90050.0,89358.0,89497.2,10350.649
1769155200000,89497.3,89590.9,88823.3,89171.2,14039.112
1769169600000,89171.3,89847.2,88530.0,89711.2,27156.81
1769184000000,89711.2,91195.0,89438.0,89938.3,53329.738
1769198400000,89938.3,90124.1,89163.6,89558.7,12846.231
1769212800000,89558.7,89893.9,89383.5,89738.4,5898.549
1769227200000,89738.4,89820.1,89530.6,89581.2,4004.245
1769241600000,89581.3,89659.2,89539.5,89548.5,3259.833
1769256000000,89548.5,89554.9,89131.2,89235.0,8263.039
1769270400000,89234.9,89425.2,89116.9,89286.0,6341.109
1769284800000,89286.1,89444.4,89155.0,89180.7,2969.162
1769299200000,89180.7,89281.6,88800.0,88920.0,5837.206
1769313600000,88920.0,89057.8,88600.0,88630.3,6941.923
1769328000000,88630.3,88727.2,88084.0,88531.0,12171.295
1769342400000,88530.9,88947.1,88306.6,88406.0,12877.754
1769356800000,88406.0,88410.0,86100.0,86459.4,55909.37
1769371200000,86459.4,86966.4,86021.7,86628.9,31141.815
1769385600000,86628.9,87922.0,86463.2,87233.1,28640.303
1769400000000,87233.1,88059.6,87188.3,87968.9,13632.75
1769414400000,87969.0,88367.5,87556.9,87810.0,12963.85
1769428800000,87810.1,88834.1,87278.5,87609.5,37919.782
1769443200000,87609.4,88496.4,86960.0,87965.6,28639.512
1769457600000,87965.5,88637.4,87506.8,88300.6,12813.294
1769472000000,88300.6,88880.6,88157.4,88744.6,12771.372
1769486400000,88744.7,88983.3,88239.9,88287.9,8861.368
1769500800000,88288.0,88365.6,87707.1,87947.5,10960.454
1769515200000,87947.4,88418.8,87530.0,88000.1,21717.911
1769529600000,88000.1,88836.3,87265.4,88378.1,38341.683
1769544000000,88378.1,89499.0,88335.6,89197.8,25273.326
1769558400000,89197.8,89454.6,88932.6,89079.8,10026.193
1769572800000,89079.8,89366.0,88786.0,89106.8,9710.807
1769587200000,89106.8,90122.0,88831.9,90036.9,19303.904
1769601600000,90036.9,90444.4,88852.2,89444.4,38056.703
1769616000000,89444.5,90592.7,88974.0,89363.6,32992.134
1769630400000,89363.5,89880.1,88829.0,89261.7,13795.118
1769644800000,89261.7,89316.8,87650.1,88003.2,26173.956
1769659200000,88003.2,88394.2,87863.0,88310.9,9421.294
1769673600000,88310.9,88461.2,87711.0,87795.2,16008.75
1769688000000,87795.1,88133.2,84335.4,84898.0,74469.515
1769702400000,84897.9,85596.1,83338.3,83979.4,83125.553
1769716800000,83979.5,84699.9,83785.6,84604.7,17562.523
1769731200000,84604.7,84697.2,81000.0,82640.9,76402.239
1769745600000,82640.9,83300.0,82021.1,82770.1,33705.929
1769760000000,82770.1,83280.6,82108.4,83104.8,24459.859
1769774400000,83104.7,83779.2,82328.6,82850.2,42061.2
1769788800000,82850.1,84599.0,81832.0,84200.0,52992.028
1769803200000,84199.9,84487.7,83501.0,84211.4,25173.261
1769817600000,84211.4,84239.5,83775.5,83987.5,9341.051
1769832000000,83987.5,84110.0,83368.0,83514.4,10028.444
1769846400000,83514.3,83598.0,82530.2,82983.2,23221.921
1769860800000,82983.2,83115.3,80754.3,81268.6,51733.36
1769875200000,81268.6,82200.0,75500.0,77707.9,140211.477
1769889600000,77707.9,79200.0,77037.8,78706.8,37012.258
1769904000000,78706.7,79396.8,78245.7,78826.3,19245.976
1769918400000,78826.3,79094.9,77899.9,78320.8,18661.217
1769932800000,78320.8,79194.0,78099.8,78712.1,18582.65
1769947200000,78712.1,78732.0,76752.5,77563.8,45953.015
1769961600000,77563.8,78421.6,76950.9,77142.4,29864.884
1769976000000,77142.4,77753.6,75644.0,76931.5,54676.338
1769990400000,76931.6,78111.0,74555.0,76256.2,70032.518
1770004800000,76256.2,76930.0,74853.0,76612.6,56149.261
1770019200000,76612.6,77937.7,76576.7,77716.1,30912.995
1770033600000,77716.0,79311.0,77515.6,78800.6,58953.88
1770048000000,78800.5,79248.0,78234.9,78299.2,27195.435
1770062400000,78299.1,78935.9,77843.2,78692.5,16402.325
1770076800000,78692.5,79163.0,77566.5,78710.7,24856.12
1770091200000,78710.7,78967.9,77900.1,78749.9,19860.497
1770105600000,78750.0,79049.0,77900.0,78040.1,23203.397
1770120000000,78040.1,78425.8,77000.5,78094.1,51447.122
1770134400000,78094.2,78101.5,72889.2,74893.8,138235.631
1770148800000,74893.9,76920.7,74541.0,75732.4,50122.749
1770163200000,75732.4,76952.5,75420.0,76661.1,25230.293
1770177600000,76661.1,76809.4,76072.0,76478.9,13166.927
1770192000000,76478.9,76568.0,75629.9,75987.6,23832.37
1770206400000,75987.6,76245.5,73756.0,74107.0,78049.845
1770220800000,74107.0,74211.8,72101.0,73895.3,110739.361
1770235200000,73895.2,74141.1,71838.0,73137.4,42105.843
1770249600000,73137.5,73316.3,71111.0,71198.9,61677.796
1770264000000,71199.0,71600.0,70085.3,70716.1,70629.246
1770278400000,70716.1,71944.4,69862.0,70279.0,55156.137
1770292800000,70279.1,70848.6,66666.0,67451.9,168792.675
1770307200000,67452.0,68667.4,65160.0,65237.4,138785.242
1770321600000,65237.5,65678.1,62233.3,62868.1,175048.645
1770336000000,62868.1,65969.5,59800.0,64138.1,176970.308
1770350400000,64138.1,66783.0,63924.7,64811.2,70097.968
1770364800000,64811.2,66773.4,64438.9,66586.1,54110.748
1770379200000,66586.1,69157.9,66072.0,68577.5,105687.051
1770393600000,68577.5,71451.6,68348.0,70675.5,107975.296
1770408000000,70675.5,71714.4,69764.7,70544.5,44341.398
1770422400000,70544.5,70899.5,69674.5,70887.1,31855.755
1770436800000,70887.2,71690.0,67250.0,68050.5,88703.15
1770451200000,68050.5,68797.8,67550.2,67935.1,39834.145
1770465600000,67935.0,70000.0,67870.2,69122.1,59726.379
1770480000000,69122.1,69887.7,68478.1,69341.4,34087.255
1770494400000,69341.3,69688.2,68734.6,69254.2,12456.967
1770508800000,69254.3,69666.0,68843.7,69064.7,14911.652
1770523200000,69064.7,69693.0,68928.0,69665.0,12103.435
1770537600000,69665.1,71199.9,69467.9,70954.0,43821.848
1770552000000,70954.0,71524.9,70653.0,71152.6,28255.244
1770566400000,71152.5,71480.0,70220.1,71381.0,23445.872
1770580800000,71381.0,72300.0,69913.3,70288.1,40215.536
1770595200000,70288.2,71434.9,70013.3,71269.9,28075.139
1770609600000,71269.8,71320.0,70251.1,70393.5,19162.987
1770624000000,70393.5,70583.3,68373.9,68899.9,49010.982
1770638400000,68900.0,69843.7,68271.7,69528.9,56527.819
1770652800000,69528.9,71041.0,69050.0,70912.7,46984.623
1770667200000,70912.6,71085.0,69776.1,70110.5,22681.278
1770681600000,70110.6,70499.9,69155.8,69473.3,22533.107
1770696000000,69473.2,69886.1,68633.3,68882.1,26911.354
1770710400000,68882.2,69376.3,68406.4,68489.9,24790.436
1770724800000,68489.9,69554.7,67883.0,69251.5,61160.036
1770739200000,69251.4,69957.9,68555.6,69031.4,34739.185
1770753600000,69031.3,69116.9,68322.1,68805.3,13738.491
1770768000000,68805.3,69262.7,67951.8,68143.6,19145.197
1770782400000,68143.6,68288.0,66511.0,67000.0,43120.56
1770796800000,67000.0,67094.4,66342.6,67023.0,25236.662
1770811200000,67022.9,68821.1,65718.5,66489.3,94588.83
1770825600000,66489.4,67831.4,65834.5,67547.7,47502.511
1770840000000,67547.6,68315.0,66757.4,67054.4,27031.764
1770854400000,67054.8,68021.0,67016.6,67550.2,19130.074
1770868800000,67550.3,67659.6,66640.0,67181.5,17969.216
1770883200000,67181.5,68265.5,66860.0,68031.8,23709.827
1770897600000,68031.8,68385.0,66958.0,67107.0,45122.558
1770912000000,67107.0,67221.9,65081.0,65760.7,70971.692
1770926400000,65760.7,66460.8,65177.8,66243.1,23089.892
1770940800000,66243.2,66778.5,65833.9,66519.6,18050.465
1770955200000,66519.6,66650.2,65964.2,66183.3,15780.838
1770969600000,66183.3,67196.8,66159.9,67137.8,22860.438
1770984000000,67137.8,69289.5,66823.6,68652.0,71464.15
1770998400000,68652.1,69473.7,68500.0,68904.2,38164.259
1771012800000,68904.3,69055.9,68639.7,68821.5,16723.139
1771027200000,68821.5,69118.1,68736.2,68947.7,9642.697
1771041600000,68947.7,69318.2,68689.1,69182.2,9127.385
1771056000000,69182.1,70557.7,69174.5,70464.8,27428.772
1771070400000,70464.8,70499.4,69163.7,69754.2,36370.367
1771084800000,69754.2,69903.3,69259.1,69849.0,15953.444
1771099200000,69848.9,70230.6,69600.0,69795.4,16011.581
1771113600000,69795.4,69967.4,69212.2,69926.0,18571.897
1771128000000,69925.9,70907.7,69925.9,70784.0,26247.372
1771142400000,70784.0,70938.5,70114.8,70268.7,18316.803
1771156800000,70268.6,70391.0,68741.4,69068.1,41787.049
1771171200000,69068.1,69074.0,68029.6,68263.6,30584.219
1771185600000,68263.7,69049.2,68100.2,68796.9,15742.79
1771200000000,68796.9,69033.6,68112.2,68392.6,13437.439
1771214400000,68392.6,68869.8,68183.3,68552.4,12323.489
1771228800000,68552.5,69029.9,68300.0,68769.4,15845.783
1771243200000,68769.4,70110.9,67250.0,67505.5,69582.444
1771257600000,67505.5,68221.7,67475.0,67883.6,20666.719
1771272000000,67883.5,68962.1,67788.6,68862.5,17723.874
1771286400000,68862.6,69228.6,68350.0,68443.6,16477.877
1771300800000,68443.6,68681.8,67854.2,68353.4,15435.494
1771315200000,68353.4,68445.8,67655.0,67824.4,15199.471
1771329600000,67824.3,68350.0,66588.0,67363.6,51182.908
1771344000000,67363.6,68220.1,66824.5,67766.9,40921.1
1771358400000,67766.9,67897.6,67355.7,67475.9,9968.272
1771372800000,67475.9,67683.4,66850.1,67590.2,13859.457
1771387200000,67590.3,68190.2,67456.6,68078.4,13751.365
1771401600000,68078.5,68438.0,67037.2,67345.4,27303.081
1771416000000,67345.4,68336.0,66666.2,67671.0,43142.829
1771430400000,67671.1,67684.6,65826.1,66138.2,48354.052
1771444800000,66138.3,66528.8,65993.1,66422.8,17562.607
1771459200000,66422.8,66975.0,66301.8,66950.4,11949.431
1771473600000,66950.4,67299.4,66651.8,67180.4,12987.831
1771488000000,67180.4,67180.4,66431.1,66468.9,17634.609
1771502400000,66468.8,66723.0,65595.7,66362.7,53345.665
1771516800000,66362.6,67174.0,65863.8,67022.9,39321.698
1771531200000,67022.8,67147.8,66618.2,66974.0,12193.367
1771545600000,66973.9,67490.0,66912.4,67327.2,16163.093
1771560000000,67327.2,67999.9,67079.3,67794.7,23131.392
1771574400000,67794.8,68283.7,67250.0,67290.5,27634.024
1771588800000,67290.4,68099.9,66408.1,67547.6,89010.872
1771603200000,67547.6,67998.9,66915.0,67616.5,53992.045
1771617600000,67616.5,68220.0,67486.6,67979.3,15372.545
1771632000000,67979.3,68079.0,67488.9,67637.0,13484.385
1771646400000,67636.9,67899.0,67555.2,67821.0,6835.056
1771660800000,67821.0,68280.0,67776.2,68060.9,16424.915
1771675200000,68061.0,68687.0,67882.8,68571.5,21938.833
1771689600000,68571.5,68632.5,68066.0,68516.3,16510.563
1771704000000,68516.3,68568.1,67860.0,67933.1,12301.741
1771718400000,67933.2,68198.5,67763.7,68010.5,12501.071
1771732800000,68010.5,68204.3,67850.4,67973.0,8942.586
1771747200000,67973.0,68220.0,67877.0,68183.4,9086.0
1771761600000,68183.4,68205.1,67275.0,67659.9,31174.344
1771776000000,67660.0,67712.0,67150.0,67402.2,12981.135
1771790400000,67402.1,67728.0,67324.1,67613.5,9658.286
1771804800000,67613.6,67655.8,64232.8,64894.0,89086.873
1771819200000,64894.1,65980.0,64628.5,65915.8,31480.866
1771833600000,65915.7,66574.5,65534.6,66170.8,30726.787
1771848000000,66170.8,66490.0,65500.0,65633.1,44068.051
1771862400000,65633.1,65701.2,64050.0,64273.9,57061.836
1771876800000,64273.9,64989.0,63860.0,64625.8,24726.883
1771891200000,64625.8,64980.0,63303.9,63570.5,44780.755
1771905600000,63570.5,63606.3,62655.0,63155.3,43162.099
1771920000000,63155.4,63432.4,62900.0,63192.2,17864.35
1771934400000,63192.1,63993.1,62401.7,63933.4,55745.736
1771948800000,63933.4,64719.1,63664.8,64405.4,44265.128
1771963200000,64405.4,64566.5,63769.2,64031.3,17332.501
1771977600000,64031.4,66283.1,63876.0,65361.7,56855.085
1771992000000,65361.7,65627.5,64720.4,65001.1,26612.513
1772006400000,65001.2,65674.1,64929.7,65396.7,19061.581
1772020800000,65396.6,67548.0,65280.1,67362.3,69345.322
1772035200000,67362.4,69531.3,67354.2,69005.2,77165.838
1772049600000,69005.2,69999.0,67557.0,67952.5,50198.479
1772064000000,67952.5,68666.0,67690.1,68187.5,24179.246
1772078400000,68187.4,68850.0,67780.0,67800.0,20005.173
1772092800000,67800.0,68689.7,67750.0,68025.2,23034.015
1772107200000,68025.2,68270.9,66730.7,67353.4,50416.384
1772121600000,67353.3,67888.0,66462.0,67550.7,47321.725
1772136000000,67550.7,67790.1,67114.0,67448.2,12880.512
1772150400000,67448.1,67670.0,66841.6,67557.4,22307.866
1772164800000,67557.4,68188.8,67417.4,67644.1,22791.161
1772179200000,67644.1,68127.8,65923.0,66094.1,50214.113
1772193600000,66094.0,66320.0,65626.1,66072.6,53927.286
1772208000000,66072.5,66095.2,65080.0,65365.4,37731.794
1772222400000,65365.4,65921.7,64875.6,65836.0,18985.144
1772236800000,65836.0,65994.7,65681.9,65763.8,10665.044
1772251200000,65763.8,65786.8,62979.5,63788.4,77198.277
1772265600000,63787.4,64267.9,63313.9,63810.4,35913.713
1772280000000,63810.4,65335.8,63782.2,64800.0,55609.039
1772294400000,64800.1,66642.8,64635.0,66318.1,39161.254
1772308800000,66318.1,67735.0,66150.0,66937.1,39375.459
1772323200000,66937.0,68189.0,65812.0,67474.7,56559.864
1772337600000,67474.8,67582.2,66757.2,67113.9,24461.609
1772352000000,67114.0,67275.5,66160.4,66439.0,25330.042
1772366400000,66439.0,67333.0,66100.0,66810.8,31465.641
1772380800000,66810.8,67083.0,65681.3,65926.0,39092.282
1772395200000,65925.9,66888.0,65011.0,65750.0,42201.998
1772409600000,65749.9,67082.5,65726.0,66787.3,30045.733
1772424000000,66787.3,66966.0,65509.0,65981.3,23909.56
1772438400000,65981.2,66707.5,65612.4,66329.9,25846.474
1772452800000,66329.8,69588.0,65234.4,69089.1,100518.31
1772467200000,69089.1,70100.0,68519.8,68928.4,69288.61
1772481600000,68928.4,69500.0,68529.5,68801.8,27769.345
1772496000000,68801.8,69221.6,68142.1,68349.3,24654.008
1772510400000,68349.4,68561.9,67759.6,68138.3,25184.326
1772524800000,68138.2,68281.6,66270.7,67000.0,57583.252
1772539200000,67000.0,68000.0,66080.0,67692.5,67933.027
1772553600000,67692.5,68972.9,67440.0,68395.9,61502.223
1772568000000,68395.9,68821.5,67778.4,68295.3,20613.064
1772582400000,68295.2,68887.9,67350.0,67700.1,33692.828
1772596800000,67700.1,69676.4,67421.9,69464.5,39330.795
1772611200000,69464.5,71887.9,69100.2,71082.4,94611.132
1772625600000,71082.3,73436.4,70559.7,73339.7,92618.5
1772640000000,73339.7,74046.5,72467.2,73580.2,67026.008
1772654400000,73580.3,73678.2,72273.0,72641.4,29864.233
1772668800000,72641.4,73295.7,72300.0,72469.6,23591.685
1772683200000,72469.5,73060.0,71740.0,72025.5,32629.087
1772697600000,72025.4,73539.1,71716.3,72879.9,38402.512
1772712000000,72880.0,73032.0,71136.2,71611.7,62191.887
1772726400000,71611.7,71620.6,70612.8,70875.5,50962.285
1772740800000,70875.5,71530.4,70737.9,70854.8,18390.824
1772755200000,70854.8,71387.5,70339.6,71045.4,23279.92
1772769600000,71045.4,71168.0,70100.0,71026.7,29611.984
1772784000000,71026.7,71035.3,70164.9,70185.6,25068.966
1772798400000,70185.6,70328.5,68121.6,68468.4,84732.612
1772812800000,68468.3,68759.5,67712.3,68101.0,34900.467
1772827200000,68100.9,68406.6,67731.0,68083.0,15788.754
1772841600000,68083.0,68524.9,68018.7,68063.2,14174.659
1772856000000,68063.3,68130.7,67411.0,67809.4,20253.761
1772870400000,67809.5,68215.6,67675.0,67975.9,13839.088
1772884800000,67976.0,68061.1,67568.4,67844.8,13378.413
1772899200000,67844.8,67913.6,66850.1,67042.6,19525.49
1772913600000,67042.6,67445.9,67028.0,67232.1,13398.751
1772928000000,67232.1,67459.0,66720.8,66974.9,16885.389
1772942400000,66974.9,67430.0,66508.0,67277.2,18554.059
1772956800000,67277.1,68171.6,67121.1,67490.0,27801.877
1772971200000,67490.1,67623.0,66730.0,67174.7,27339.604
1772985600000,67174.6,67459.2,66707.0,67299.0,18854.836
1773000000000,67299.0,67496.4,65569.2,65934.3,46312.208
1773014400000,65934.3,67646.0,65770.5,67165.3,41435.983
1773028800000,67165.3,68038.4,66833.9,67504.8,42658.686
1773043200000,67504.9,68441.5,67301.0,67723.3,33413.817
1773057600000,67723.3,69449.1,67714.2,68832.3,64501.076
1773072000000,68832.4,69498.0,68200.1,68951.8,39934.468
1773086400000,68951.8,69100.2,68333.0,68394.1,15267.517
1773100800000,68394.0,70555.0,68345.0,69391.0,51529.442
1773115200000,69391.0,70500.0,69391.0,70374.7,28318.564
1773129600000,70374.7,71272.4,70332.2,70570.1,38904.133
1773144000000,70570.1,71748.1,69184.8,71296.9,79824.041
1773158400000,71296.9,71665.8,69688.0,70005.2,43473.679
1773172800000,70005.1,70375.4,69388.0,69901.9,23624.625
1773187200000,69901.8,70139.6,69455.6,69517.0,19934.411
1773201600000,69517.0,70249.1,69329.7,69622.1,22428.745
1773216000000,69622.2,69750.0,69098.0,69144.0,19591.571
1773230400000,69144.0,71060.7,68932.9,70186.9,81262.52
1773244800000,70187.0,71286.0,70093.2,70600.8,37304.834
1773259200000,70600.7,70931.9,70078.6,70150.0,15105.875
1773273600000,70150.0,70314.1,69180.0,69402.6,24677.582
1773288000000,69402.6,69818.8,69150.0,69782.6,17621.83
1773302400000,69782.7,70756.5,69540.9,70388.5,35040.695
1773316800000,70388.6,70625.0,69303.8,70282.9,60362.28
1773331200000,70282.8,70530.0,69725.0,70393.7,33038.945
1773345600000,70393.7,70727.9,69974.7,70480.1,15749.261
1773360000000,70480.1,71979.2,70342.7,71366.3,49074.595
1773374400000,71366.3,71649.7,71150.0,71585.3,22770.578
1773388800000,71585.2,72547.0,71347.1,72189.9,43793.534
1773403200000,72189.8,73870.0,71700.0,71800.0,95514.604
1773417600000,71800.1,72215.1,70811.0,71148.0,67789.571
1773432000000,71148.1,71452.1,70510.8,70895.5,21289.239
1773446400000,70895.5,71141.7,70436.2,71034.3,17911.298
1773460800000,71034.3,71272.3,70256.0,70565.6,20769.739
1773475200000,70565.6,70745.1,70350.0,70705.0,11804.118
1773489600000,70705.0,70914.6,70444.1,70554.6,12725.591
1773504000000,70554.7,70707.9,70455.6,70664.1,5710.845
1773518400000,70664.1,71221.9,70607.7,71174.4,10361.423
1773532800000,71174.4,71599.9,70815.7,71314.8,17119.67
1773547200000,71314.8,71750.0,71277.1,71420.8,16031.421
1773561600000,71420.8,71897.9,71420.8,71800.0,14103.141
1773576000000,71800.1,71800.1,71220.1,71444.4,19469.966
1773590400000,71444.4,71971.8,71275.0,71515.2,17115.499
1773604800000,71515.2,73199.9,71396.4,72778.9,42634.545
1773619200000,72778.8,74307.3,72235.6,73539.5,50880.921
1773633600000,73539.5,74444.0,73345.9,73427.7,55945.157
1773648000000,73427.8,73856.6,72841.9,73515.3,30983.237
1773662400000,73515.3,74481.5,72926.4,73240.2,65250.406
1773676800000,73240.2,74399.9,73122.0,73928.8,31945.377
1773691200000,73928.8,74880.0,73819.0,74846.4,34071.892
1773705600000,74846.4,75998.9,74231.6,74424.9,58475.828
1773720000000,74424.9,74652.2,73723.4,74212.7,34915.028
1773734400000,74212.8,74418.5,73512.0,73997.1,29483.915
1773748800000,73997.1,74856.2,73330.3,73878.5,51694.124
1773763200000,73878.5,74763.6,73826.8,74460.8,27312.217
1773777600000,74460.8,74777.0,73829.5,73872.4,16397.861
1773792000000,73872.3,74633.0,73492.0,74414.6,17853.087
1773806400000,74414.7,74455.7,73636.5,73840.0,16057.317
1773820800000,73840.1,74246.2,72731.6,72906.4,34321.746
1773835200000,72906.4,72947.4,70821.2,71436.4,94292.645
1773849600000,71436.3,71980.5,70858.3,71030.3,40790.497
1773864000000,71030.3,71438.1,70456.0,71202.9,23440.177
1773878400000,71202.9,71598.3,70858.4,71180.0,16806.3
1773892800000,71180.0,71180.0,69421.1,70145.1,45952.411
1773907200000,70145.0,70535.0,69860.3,69926.8,28698.426
1773921600000,69926.8,70144.6,68750.0,69372.7,72865.933
1773936000000,69372.8,70563.5,69065.4,70233.1,36895.021
1773950400000,70233.0,70655.2,69677.1,69887.4,17428.086
1773964800000,69887.4,70777.0,69801.3,70696.1,18120.173
1773979200000,70696.1,70944.9,70161.0,70811.9,21998.628
1773993600000,70812.0,71342.2,70175.0,70439.9,35467.865
1774008000000,70440.0,70647.5,69450.0,69829.5,61685.772
1774022400000,69829.5,70161.0,69350.0,70141.9,28032.496
1774036800000,70141.9,70888.0,69701.3,70472.7,20936.583
1774051200000,70472.6,70803.1,70403.2,70638.0,8766.87
1774065600000,70637.9,70849.2,70582.7,70687.3,8316.4
1774080000000,70687.4,70721.7,70455.6,70618.3,8839.546
1774094400000,70618.2,71077.7,70420.0,70599.1,14845.433
1774108800000,70599.1,70620.2,70163.0,70365.9,10277.605
1774123200000,70365.8,70482.2,68511.3,68881.5,23039.032
1774137600000,68881.5,69555.8,68189.0,69307.0,35724.348
1774152000000,69307.1,69493.2,68846.4,68884.5,13159.053
1774166400000,68884.5,68950.0,68030.0,68177.0,22401.831
1774180800000,68177.0,69000.0,68153.1,68814.9,20510.702
1774195200000,68814.9,68852.3,68108.0,68170.6,11335.985
1774209600000,68170.6,68470.6,67300.0,67830.6,31748.645
1774224000000,67830.7,68555.5,67400.1,68045.1,25498.732
1774238400000,68045.2,68872.4,67456.7,68306.0,38017.808
1774252800000,68305.9,71468.0,67880.0,70097.3,98820.429
1774267200000,70097.2,71789.8,69644.0,70112.2,82230.708
1774281600000,70112.2,71232.0,70100.5,70647.1,33568.0
1774296000000,70647.1,70976.3,70370.0,70865.9,12964.001
1774310400000,70866.0,71080.0,70232.0,70512.1,16904.604
1774324800000,70512.1,71377.5,70075.5,71255.2,25264.519
1774339200000,71255.2,71339.8,70812.7,71116.4,20900.666
1774353600000,71116.4,71144.0,69467.8,69837.7,60563.264
1774368000000,69837.6,69979.0,68884.5,69342.6,40454.956
1774382400000,69342.6,70800.0,69257.9,70523.9,32103.941
1774396800000,70524.0,71028.0,70375.0,70689.3,20167.741
1774411200000,70689.2,71319.9,70659.9,70900.0,20176.191
1774425600000,70899.9,71999.9,70752.5,71650.3,31609.885
1774440000000,71650.3,71933.3,70531.4,70792.4,50063.907
1774454400000,70792.4,71742.2,70623.4,70853.2,30523.044
1774468800000,70853.3,71606.0,70603.0,71297.5,13975.081
1774483200000,71297.5,71408.1,70640.0,70881.9,15369.374
1774497600000,70882.0,70882.0,69722.6,70053.8,28170.739
1774512000000,70053.8,70131.5,69127.2,69239.3,31299.448
1774526400000,69239.3,69872.2,68553.4,69054.8,49114.5
1774540800000,69054.9,69138.8,68115.8,68502.7,32420.866
1774555200000,68502.7,69466.6,68378.5,68788.0,30098.687
1774569600000,68788.1,69142.7,68458.5,68728.8,15782.447
1774584000000,68728.8,68925.0,68257.2,68501.7,22617.561
1774598400000,68501.8,68619.9,66175.4,66663.2,66255.788
1774612800000,66663.3,66742.2,65681.5,66092.0,59804.127
1774627200000,66091.9,66267.4,65501.0,66005.4,34760.006
1774641600000,66005.5,66384.0,65766.1,66364.2,13131.119
1774656000000,66364.1,66472.4,65888.0,66191.8,13447.828
1774670400000,66191.8,66533.9,66068.3,66520.8,9361.184
1774684800000,66520.9,66529.4,66087.3,66288.5,10694.728
1774699200000,66288.4,67284.0,66191.7,66982.3,31909.105
1774713600000,66982.4,67065.0,66644.0,66873.0,11262.952
1774728000000,66873.0,66978.0,66233.6,66334.8,12697.695
1774742400000,66334.8,67100.0,66235.6,66875.7,15037.104
1774756800000,66875.7,66907.5,66521.4,66632.5,10557.62
1774771200000,66632.4,66986.8,66375.5,66780.8,11793.427
1774785600000,66780.8,66849.0,66288.1,66500.0,16588.365
1774800000000,66499.9,66639.0,66111.0,66320.2,12137.954
1774814400000,66320.3,66767.9,64918.2,65977.9,44163.926
1774828800000,65978.0,67487.7,65754.2,67139.8,43452.227
1774843200000,67140.0,67777.0,67129.3,67595.9,24988.604
1774857600000,67595.9,67998.0,67333.3,67651.5,25240.799
1774872000000,67651.5,68148.4,67055.0,67590.2,42769.125
1774886400000,67590.2,67614.9,66200.1,66516.0,34170.069
1774900800000,66515.9,66973.5,66377.1,66764.4,16438.241
1774915200000,66764.4,68377.0,66498.9,67670.8,38783.787
1774929600000,67670.8,67865.7,67071.9,67343.8,21775.2
1774944000000,67343.9,67476.9,65938.0,66652.4,45906.629
1774958400000,66652.4,67765.8,66374.4,66700.0,60392.206
1774972800000,66700.0,68600.0,66695.9,67803.0,60172.062
1774987200000,67803.0,68382.9,67794.8,68241.5,16303.201
1775001600000,68241.4,68330.0,67534.9,68134.0,21051.997
1775016000000,68134.0,69288.0,67965.0,68651.9,39490.528
1775030400000,68651.9,68821.5,68360.0,68669.9,19706.052
1775044800000,68670.0,68938.8,67883.7,68877.0,38470.852
1775059200000,68876.9,69142.6,67900.4,68143.8,27241.301
1775073600000,68143.7,68510.6,67927.0,68086.5,11315.49
1775088000000,68086.4,68639.1,66455.9,66538.4,51050.567
1775102400000,66538.4,66898.5,66171.8,66887.9,25041.797
1775116800000,66887.8,66887.9,66065.1,66180.6,19810.094
1775131200000,66180.6,67080.0,65676.1,66810.6,54090.961
1775145600000,66810.6,67400.0,66550.0,66943.2,29514.463
1775160000000,66943.2,67078.9,66681.3,66868.5,8851.039
1775174400000,66868.6,66976.2,66240.0,66550.0,18212.835
1775188800000,66550.1,67233.3,66375.1,67008.8,13472.972
1775203200000,67008.8,67258.0,66644.0,66983.4,12486.352
1775217600000,66983.5,67350.0,66478.5,66806.1,22358.522
1775232000000,66806.0,67046.1,66714.1,66857.0,7921.876
1775246400000,66857.0,66946.3,66791.8,66930.0,4815.276
1775260800000,66930.0,66935.3,66773.3,66799.1,3902.732
1775275200000,66799.1,67023.7,66745.5,66982.0,6007.355
1775289600000,66982.1,67223.8,66874.5,67128.9,7992.931
1775304000000,67128.9,67554.5,67003.7,67357.3,16379.357
1775318400000,67357.4,67523.8,67226.4,67262.7,11176.887
1775332800000,67262.8,67452.7,67150.6,67271.0,5311.075
1775347200000,67271.1,67279.2,66900.0,67113.5,6903.652
1775361600000,67113.4,67160.0,66575.5,66787.4,13916.33
1775376000000,66787.4,67132.8,66782.1,66972.7,6904.214
1775390400000,66972.7,67828.6,66650.0,67272.2,27564.797
1775404800000,67272.2,67540.0,67132.2,67329.1,10633.01
1775419200000,67329.1,69108.0,67302.4,68997.9,38996.166
1775433600000,68997.9,69583.0,68740.2,69092.4,31472.532
1775448000000,69092.3,69338.2,68769.6,69089.7,16774.749
1775462400000,69089.8,70252.9,69047.7,69583.6,31538.644
1775476800000,69583.5,69931.9,69088.0,69922.5,31536.197
1775491200000,69922.4,70332.5,69240.0,69704.8,28697.393
1775505600000,69704.8,69940.0,68227.5,68817.9,26737.721
1775520000000,68817.9,69111.8,68241.9,68746.3,22331.356
1775534400000,68746.4,68955.6,68400.6,68592.1,12350.999
1775548800000,68592.0,69219.0,68033.0,68310.8,32353.624
1775563200000,68310.7,68613.8,67711.0,68138.4,38539.121
1775577600000,68138.5,69068.6,68049.9,68975.9,28366.793
1775592000000,68975.9,72743.4,68975.9,71890.2,98886.354
1775606400000,71890.2,72086.4,71186.0,71259.6,26757.697
1775620800000,71259.7,71919.0,71250.0,71612.0,17009.861
1775635200000,71612.1,71945.0,71367.0,71650.2,14461.09
1775649600000,71650.2,72858.5,70671.6,71274.8,79220.378
1775664000000,71274.9,71934.5,70980.0,71283.0,32164.665
1775678400000,71283.0,71726.7,70850.9,71038.1,13764.801
1775692800000,71038.2,71168.0,70428.0,70961.2,21193.853
1775707200000,70961.2,71087.8,70666.0,70945.0,12002.442
1775721600000,70945.0,71533.0,70831.9,71109.9,17310.192
1775736000000,71109.9,72320.0,70470.2,72108.0,49151.802
1775750400000,72108.0,72517.9,71688.8,72055.9,41877.194
1775764800000,72055.8,73128.0,71539.9,71750.4,34270.974
1775779200000,71750.4,72350.0,71546.0,71837.3,21715.955
1775793600000,71837.3,72243.6,71382.1,71461.2,16485.581
1775808000000,71461.2,72229.0,71395.0,72092.7,19118.232
1775822400000,72092.8,73255.7,71868.5,72421.0,57943.465
1775836800000,72421.1,73223.4,72350.0,73187.3,23358.005
1775851200000,73187.4,73450.0,72669.1,72917.4,17948.428
1775865600000,72917.4,73066.2,72615.0,72835.1,10123.999
1775880000000,72835.1,72921.5,72566.4,72707.7,11906.343
1775894400000,72707.8,72886.0,72580.0,72868.2,8113.981
1775908800000,72868.2,72945.0,72451.9,72817.3,12417.345
1775923200000,72817.3,73773.4,72775.3,73635.9,23634.789
1775937600000,73635.9,73648.8,72861.2,73013.4,13973.213
1775952000000,73013.4,73094.4,71259.0,71563.6,43169.182
1775966400000,71563.6,71750.0,71369.7,71628.1,12023.589
1775980800000,71628.2,71750.0,71309.7,71435.0,8820.093
1775995200000,71435.0,71478.0,70566.5,70856.2,34941.462
1776009600000,70856.1,71199.0,70777.0,71055.2,11517.812
1776024000000,71055.2,71423.9,70458.2,70711.1,24350.851
1776038400000,70711.2,71245.0,70574.0,70944.8,15132.601
1776052800000,70944.8,71114.9,70627.9,70780.0,11392.397
1776067200000,70780.1,70960.3,70517.3,70883.9,11273.638
1776081600000,70883.9,72431.0,70722.3,71823.6,57450.265
1776096000000,71823.6,73441.7,71629.5,73272.2,56314.37
1776110400000,73272.1,74870.0,72953.3,74385.0,61466.248
1776124800000,74384.9,74583.1,73946.9,74408.8,19651.083
1776139200000,74408.8,74900.0,74112.2,74513.4,16214.625
1776153600000,74513.3,74873.5,74267.2,74342.4,16225.412
1776168000000,74342.4,76009.0,74234.0,75268.1,75098.043
1776182400000,75268.1,75684.9,73789.7,74176.4,41947.024
1776196800000,74176.5,74387.7,73766.8,74106.9,14125.303
1776211200000,74106.9,74739.2,74085.0,74296.8,16203.804
1776225600000,74296.8,74400.0,73449.0,73705.1,19300.982
1776240000000,73705.2,74227.5,73640.1,74155.1,17459.363
1776254400000,74155.0,74473.5,73540.0,73797.5,32291.529
1776268800000,73797.5,75240.0,73714.9,74957.8,24574.563
1776283200000,74957.7,75425.6,74466.5,74776.2,21199.53
1776297600000,74776.3,75232.7,74400.0,74851.9,15651.25
1776312000000,74851.9,75130.0,74590.3,74667.7,17045.274
1776326400000,74667.7,74866.9,74226.2,74528.4,20577.67
1776340800000,74528.4,74981.1,73256.8,74659.5,56715.81
1776355200000,74659.5,75378.1,73873.5,75309.4,32912.364
1776369600000,75309.5,75500.0,74736.5,75106.8,15495.357
1776384000000,75106.8,75118.4,74480.0,74582.8,13107.45
1776398400000,74582.8,75060.4,74508.2,75047.4,11691.865
1776412800000,75047.4,76350.0,74951.6,75542.2,53474.253
1776427200000,75542.1,77999.9,75481.8,77736.2,107834.631
1776441600000,77736.2,78300.0,76921.9,77348.8,40552.358
1776456000000,77349.2,77566.0,76854.2,77030.6,12735.358
1776470400000,77030.6,77380.0,76903.2,76964.3,9887.034
1776484800000,76964.4,77233.6,76824.1,76951.0,10695.009
1776499200000,76951.0,77004.2,75710.6,76002.0,37691.022
1776513600000,76002.0,76342.7,75738.0,76124.8,17432.324
1776528000000,76124.8,76176.6,75395.9,75604.2,23009.346
1776542400000,75604.2,75843.3,75551.0,75653.8,7179.656
1776556800000,75653.8,75804.0,75314.0,75473.0,10862.513
1776571200000,75472.9,75747.3,74824.3,75205.6,18131.041
1776585600000,75205.7,75589.2,74863.6,75557.4,14364.469
1776600000000,75557.5,76200.0,75342.3,75807.6,28969.611
1776614400000,75807.7,75817.7,74550.0,74917.9,25232.576
1776628800000,74918.0,74920.2,73700.2,73758.4,31418.001
1776643200000,73758.4,74697.6,73669.0,74593.9,21233.994
1776657600000,74593.9,75539.3,74061.2,74795.5,25444.888
1776672000000,74795.5,75375.1,74563.2,75148.7,18020.188
1776686400000,75148.8,75750.0,74639.5,75668.1,42510.02
1776700800000,75668.1,76449.8,75242.5,76252.5,38692.836
1776715200000,76252.5,76531.0,75556.2,75790.1,20247.741
1776729600000,75790.1,76232.3,75433.1,75669.1,13838.396
1776744000000,75669.1,76276.6,75558.8,76050.0,14272.52
1776758400000,76050.0,76999.0,76025.0,76408.3,27821.111
1776772800000,76408.3,76574.3,75355.2,75799.9,48277.16
1776787200000,75800.0,76155.0,74777.9,74988.6,38568.672
1776801600000,74988.7,76396.2,74942.2,76288.2,21983.128
1776816000000,76288.3,77699.0,76078.6,77488.3,39061.724
1776830400000,77488.4,78447.5,77321.7,77979.8,41227.885
1776844800000,77979.7,78365.8,77895.3,78263.2,15681.688
1776859200000,78263.2,79370.0,78060.0,79234.3,53011.501
1776873600000,79234.3,79444.0,78586.7,78791.3,27094.127
1776888000000,78791.3,78868.9,78111.6,78139.8,15010.171
1776902400000,78139.7,78534.9,77410.7,77704.3,29046.607
1776916800000,77704.3,78310.1,77627.4,78009.1,17571.723
1776931200000,78009.1,78142.2,76504.6,77649.9,35463.4
1776945600000,77650.0,78648.0,77322.8,78329.2,35494.645
1776960000000,78329.3,78466.8,76900.1,77670.5,43195.351
1776974400000,77670.4,78299.0,77598.4,78216.8,11713.286
1776988800000,78217.4,78546.0,77500.0,77690.1,23409.633
1777003200000,77690.1,78019.2,77401.5,77620.5,17255.414
1777017600000,77620.5,78346.1,77355.8,78194.8,25294.889
1777032000000,78194.9,78432.9,77521.0,78007.3,31389.885
1777046400000,78007.3,78031.9,77308.0,77596.1,20079.534
1777060800000,77596.0,77727.0,77206.8,77395.4,10353.65
1777075200000,77395.3,77678.0,77254.7,77629.0,6659.441
1777089600000,77629.0,77653.2,77400.0,77449.9,5246.887
1777104000000,77449.9,77847.0,77444.0,77638.7,8566.49
1777118400000,77638.7,77719.1,77263.0,77289.3,9750.494
1777132800000,77289.3,77411.8,77100.0,77285.6,10601.66
1777147200000,77285.7,77615.7,77267.3,77585.0,5767.514
1777161600000,77585.0,77607.7,77280.0,77349.3,6370.913
1777176000000,77349.3,78164.7,77338.4,78061.5,15176.812
1777190400000,78061.5,78182.8,77880.0,78050.0,6338.101
1777204800000,78050.0,78136.5,77715.0,78007.9,11383.992
1777219200000,78007.9,78477.9,77815.0,78183.1,15250.276
1777233600000,78183.2,78994.8,77777.0,78613.5,25423.211
1777248000000,78614.4,79455.0,78319.1,79065.1,28332.003
1777262400000,79065.1,79128.1,77408.6,77556.7,46056.494
1777276800000,77556.7,77949.9,77500.0,77804.3,15085.328
1777291200000,77804.3,78232.0,76524.0,76760.0,45532.905
1777305600000,76760.0,76902.7,76400.0,76844.4,20255.064
1777320000000,76844.3,77419.7,76714.8,77331.2,13839.089
1777334400000,77331.2,77450.0,77171.1,77340.0,5043.79
